{"type":"FeatureCollection","features":[{"type":"Feature","geometry":{"type":"Polygon","coordinates":[[[18.9407,47.5507],[18.9403,47.5529],[18.9342,47.5555],[18.9378,47.5579],[18.9288,47.5724],[18.9395,47.5756],[18.9426,47.5789],[18.9596,47.5779],[18.9776,47.5739],[18.9835,47.581],[18.9834,47.5837],[18.9778,47.5857],[18.983,47.589],[18.9938,47.5837],[18.997,47.5859],[19.0008,47.5835],[19.0199,47.5876],[19.0345,47.5869],[19.0312,47.5988],[19.0253,47.6046],[19.0393,47.6098],[19.0747,47.6075],[19.0761,47.6058],[19.0712,47.5903],[19.0746,47.5891],[19.0993,47.6131],[19.1091,47.6104],[19.1086,47.6058],[19.128,47.598],[19.1381,47.5998],[19.1404,47.5964],[19.1381,47.5956],[19.1538,47.585],[19.1454,47.5781],[19.1516,47.5739],[19.1578,47.5762],[19.1744,47.5643],[19.1611,47.5595],[19.1808,47.5482],[19.1774,47.5461],[19.1908,47.5393],[19.1951,47.5376],[19.1987,47.54],[19.2038,47.5377],[19.2094,47.5404],[19.2211,47.5327],[19.2454,47.5369],[19.2588,47.5205],[19.2638,47.5083],[19.2964,47.5113],[19.3187,47.5154],[19.3211,47.5104],[19.3142,47.503],[19.3142,47.493],[19.3298,47.4777],[19.3311,47.4675],[19.3349,47.4632],[19.3304,47.4598],[19.3013,47.4572],[19.2923,47.4506],[19.2809,47.4363],[19.2658,47.4382],[19.2601,47.4272],[19.255,47.4291],[19.2472,47.4192],[19.2382,47.4223],[19.2365,47.4261],[19.2354,47.4229],[19.232,47.4241],[19.2174,47.4128],[19.2264,47.4075],[19.218,47.4009],[19.2157,47.4031],[19.2061,47.3956],[19.1926,47.374],[19.1797,47.3611],[19.1507,47.3567],[19.1405,47.3497],[19.1282,47.3598],[19.0982,47.3787],[19.1053,47.387],[19.0939,47.3911],[19.0836,47.4048],[19.0752,47.404],[19.0607,47.3976],[19.0648,47.3935],[19.0622,47.3914],[19.0539,47.3934],[19.051,47.3872],[19.048,47.3887],[19.0439,47.3849],[19.0382,47.3882],[19.0301,47.3852],[19.0279,47.3882],[19.0231,47.3865],[19.0189,47.3901],[18.996,47.3872],[18.9763,47.3825],[18.9623,47.3729],[18.9552,47.3783],[18.9514,47.3923],[18.9542,47.3972],[18.9625,47.3993],[18.9572,47.4188],[18.977,47.4309],[18.9788,47.4473],[18.9699,47.4511],[18.9811,47.4552],[18.9827,47.4608],[18.9791,47.4686],[18.9612,47.4845],[18.9549,47.4864],[18.9477,47.4823],[18.9357,47.4915],[18.9399,47.4978],[18.9446,47.4971],[18.9454,47.4991],[18.9437,47.5037],[18.9338,47.5071],[18.9442,47.518],[18.9353,47.5226],[18.9335,47.5207],[18.9269,47.5223],[18.9304,47.5246],[18.9353,47.5226],[18.9358,47.5433],[18.9298,47.5418],[18.9262,47.5435],[18.9407,47.5507]]]},"properties":{"megye":"Budapest"}},{"type":"Feature","geometry":{"type":"Polygon","coordinates":[[[18.0588,46.2921],[18.0598,46.2952],[18.0763,46.2919],[18.079,46.2992],[18.085,46.3015],[18.091,46.3],[18.1014,46.3024],[18.1109,46.293],[18.1144,46.2838],[18.1227,46.2812],[18.1324,46.2916],[18.1291,46.2931],[18.1247,46.2893],[18.1153,46.2926],[18.1185,46.2999],[18.1106,46.3116],[18.1143,46.3189],[18.1171,46.32],[18.1226,46.3182],[18.1269,46.3228],[18.139,46.3214],[18.1396,46.3172],[18.1528,46.3173],[18.1538,46.3264],[18.1566,46.32],[18.1643,46.3197],[18.1805,46.3328],[18.2009,46.332],[18.2028,46.3565],[18.1995,46.3557],[18.1889,46.3636],[18.1856,46.3979],[18.2207,46.4058],[18.2373,46.4025],[18.2438,46.4078],[18.251,46.4037],[18.267,46.4015],[18.2725,46.4058],[18.3038,46.4121],[18.3141,46.4175],[18.3302,46.4088],[18.3379,46.4088],[18.3457,46.4005],[18.3474,46.3967],[18.342,46.3906],[18.3417,46.3754],[18.3434,46.3716],[18.3506,46.3674],[18.3512,46.3602],[18.355,46.361],[18.376,46.3562],[18.376,46.3535],[18.3865,46.3501],[18.3894,46.3364],[18.3731,46.3283],[18.3766,46.3112],[18.3728,46.3089],[18.3756,46.3032],[18.3723,46.3013],[18.3757,46.2937],[18.3839,46.293],[18.3895,46.29],[18.3916,46.2915],[18.3983,46.287],[18.4147,46.2913],[18.422,46.2772],[18.4165,46.276],[18.4117,46.268],[18.4037,46.2436],[18.395,46.2374],[18.3841,46.2351],[18.3803,46.2317],[18.3617,46.2289],[18.3595,46.2254],[18.364,46.2197],[18.3816,46.2157],[18.3968,46.2257],[18.4111,46.2292],[18.417,46.2345],[18.4236,46.2357],[18.4405,46.2442],[18.4443,46.2442],[18.4442,46.2533],[18.458,46.2519],[18.4596,46.2538],[18.4662,46.2534],[18.4678,46.255],[18.4606,46.2618],[18.4683,46.266],[18.4776,46.2672],[18.4803,46.2699],[18.4807,46.2874],[18.4756,46.3003],[18.4789,46.3011],[18.4855,46.2939],[18.5086,46.291],[18.5092,46.2872],[18.5197,46.2838],[18.5197,46.2792],[18.5149,46.2739],[18.5187,46.2712],[18.5303,46.2686],[18.5313,46.2793],[18.5346,46.2747],[18.5423,46.2736],[18.5391,46.2671],[18.5409,46.2531],[18.5387,46.2439],[18.5339,46.237],[18.5284,46.234],[18.5329,46.2279],[18.5472,46.2241],[18.5466,46.2215],[18.5521,46.2192],[18.5686,46.2231],[18.5708,46.2162],[18.5659,46.2147],[18.5654,46.2113],[18.572,46.2041],[18.5699,46.1995],[18.5814,46.1961],[18.5908,46.1878],[18.593,46.1817],[18.6002,46.1832],[18.6083,46.1894],[18.6133,46.1905],[18.621,46.1791],[18.6419,46.1689],[18.6574,46.1515],[18.6788,46.1397],[18.6875,46.1249],[18.6932,46.1272],[18.6898,46.1333],[18.6937,46.1348],[18.7019,46.1288],[18.7184,46.1227],[18.7211,46.1185],[18.7288,46.122],[18.7469,46.1098],[18.7513,46.1121],[18.7579,46.1099],[18.7611,46.1137],[18.7754,46.1145],[18.7798,46.1088],[18.8028,46.1088],[18.7979,46.1039],[18.77,46.0947],[18.7565,46.0676],[18.7331,46.0455],[18.7397,46.0375],[18.743,46.0287],[18.7643,46.0314],[18.7747,46.0239],[18.7884,46.0285],[18.7944,46.0254],[18.8081,46.0243],[18.8381,46.0419],[18.8474,46.0351],[18.8436,46.0301],[18.8687,46.021],[18.8356,45.9798],[18.8405,45.9756],[18.8275,45.9596],[18.8253,45.9604],[18.8253,45.957],[18.8368,45.9555],[18.8411,45.9532],[18.8406,45.9513],[18.8564,45.9433],[18.8548,45.9414],[18.8461,45.941],[18.8455,45.9471],[18.8384,45.9471],[18.8384,45.9436],[18.8379,45.9456],[18.8352,45.9452],[18.8352,45.941],[18.8314,45.9414],[18.8275,45.9379],[18.8199,45.936],[18.8074,45.9345],[18.803,45.9306],[18.8036,45.9268],[18.8123,45.923],[18.822,45.9146],[18.8075,45.9036],[18.8119,45.8979],[18.813,45.8911],[18.8092,45.8796],[18.7913,45.8784],[18.7716,45.8887],[18.7607,45.889],[18.7574,45.897],[18.7508,45.8981],[18.7503,45.9004],[18.7383,45.9008],[18.7224,45.9053],[18.7049,45.9182],[18.676,45.9151],[18.67,45.9108],[18.6628,45.917],[18.6597,45.9169],[18.6601,45.9048],[18.6651,45.8993],[18.6626,45.8994],[18.6611,45.8954],[18.6554,45.8959],[18.6413,45.889],[18.6419,45.8845],[18.655,45.8742],[18.6376,45.8681],[18.6316,45.8768],[18.6278,45.8734],[18.6236,45.8543],[18.6148,45.8531],[18.6237,45.8399],[18.6008,45.8341],[18.6036,45.8284],[18.5955,45.8215],[18.5732,45.8138],[18.575,45.8004],[18.5597,45.8038],[18.5554,45.7946],[18.5326,45.7938],[18.5212,45.788],[18.5224,45.7827],[18.5185,45.7853],[18.5104,45.7849],[18.5049,45.7883],[18.5054,45.7921],[18.5021,45.7944],[18.4907,45.7947],[18.4827,45.776],[18.4822,45.7655],[18.4638,45.7662],[18.4563,45.7695],[18.4451,45.7605],[18.4491,45.758],[18.4479,45.7487],[18.4501,45.7458],[18.4469,45.7371],[18.4274,45.7414],[18.4076,45.7397],[18.3982,45.7446],[18.3969,45.7495],[18.3995,45.7506],[18.4001,45.7552],[18.3972,45.7531],[18.392,45.7578],[18.3919,45.7617],[18.3856,45.7648],[18.3807,45.7637],[18.3642,45.7729],[18.3667,45.7667],[18.3564,45.7669],[18.3565,45.7639],[18.3464,45.7551],[18.345,45.75],[18.3394,45.7472],[18.3333,45.7542],[18.3097,45.7564],[18.2968,45.7612],[18.2762,45.7557],[18.2609,45.7614],[18.244,45.7612],[18.2307,45.779],[18.2051,45.7815],[18.1909,45.7879],[18.1849,45.7863],[18.1736,45.7771],[18.1682,45.7763],[18.16,45.7804],[18.1561,45.7853],[18.1481,45.7883],[18.1328,45.7878],[18.1247,45.7896],[18.1182,45.7854],[18.1068,45.7708],[18.096,45.7662],[18.0819,45.7645],[18.0562,45.7731],[18.036,45.7752],[18.0207,45.78],[18.0041,45.7928],[17.9959,45.7957],[17.9866,45.7945],[17.9726,45.789],[17.9497,45.7926],[17.9302,45.7863],[17.9067,45.7926],[17.8985,45.791],[17.8759,45.7793],[17.8717,45.7755],[17.8691,45.7682],[17.8653,45.767],[17.8565,45.77],[17.8526,45.7764],[17.8524,45.7832],[17.8399,45.7862],[17.8332,45.7918],[17.8307,45.8062],[17.8263,45.81],[17.8208,45.8103],[17.8155,45.8049],[17.809,45.8041],[17.8008,45.8059],[17.7869,45.816],[17.7809,45.8175],[17.7722,45.8174],[17.7603,45.8119],[17.7442,45.8285],[17.7157,45.8323],[17.707,45.8319],[17.7009,45.8371],[17.6889,45.8389],[17.6726,45.8349],[17.6633,45.8382],[17.6521,45.8483],[17.6554,45.8499],[17.6663,45.8496],[17.6702,45.8668],[17.674,45.8661],[17.6799,45.8696],[17.6854,45.8701],[17.6891,45.8735],[17.6953,45.8668],[17.6933,45.8584],[17.7034,45.8684],[17.7095,45.865],[17.716,45.8647],[17.716,45.867],[17.7225,45.8671],[17.728,45.8649],[17.7312,45.8672],[17.7268,45.8706],[17.7273,45.8725],[17.7348,45.876],[17.7342,45.8798],[17.7282,45.882],[17.7263,45.8926],[17.7343,45.8977],[17.7304,45.9014],[17.7205,45.9055],[17.7242,45.909],[17.7246,45.9159],[17.7147,45.9207],[17.6949,45.925],[17.6873,45.9242],[17.6818,45.9256],[17.6761,45.9362],[17.6821,45.9363],[17.6891,45.9394],[17.6852,45.9436],[17.677,45.9438],[17.6694,45.9415],[17.6687,45.946],[17.6628,45.9448],[17.6593,45.9516],[17.6539,45.9504],[17.6597,45.9368],[17.645,45.9347],[17.6429,45.9541],[17.6332,45.97],[17.63,45.9886],[17.6251,45.9881],[17.6534,45.9912],[17.653,46.0052],[17.6574,46.0076],[17.6385,46.0188],[17.6372,46.0256],[17.6339,46.0271],[17.6325,46.0404],[17.6285,46.0449],[17.6328,46.0461],[17.6317,46.0488],[17.6562,46.0536],[17.6554,46.0609],[17.6702,46.0626],[17.6699,46.0725],[17.677,46.0737],[17.6766,46.0889],[17.6809,46.0917],[17.6715,46.095],[17.6653,46.1018],[17.6876,46.1096],[17.6802,46.1191],[17.6835,46.1199],[17.684,46.1222],[17.6815,46.1339],[17.6882,46.1527],[17.6869,46.1595],[17.6923,46.1619],[17.6922,46.1661],[17.6976,46.1711],[17.6968,46.1787],[17.7008,46.1738],[17.7055,46.1815],[17.7049,46.1856],[17.7071,46.186],[17.703,46.1951],[17.7101,46.1952],[17.7079,46.1967],[17.7122,46.1991],[17.7172,46.1976],[17.721,46.2011],[17.7232,46.2007],[17.7279,46.2084],[17.7233,46.219],[17.7155,46.2208],[17.7181,46.2265],[17.7284,46.2335],[17.7345,46.2313],[17.7471,46.2094],[17.7521,46.2049],[17.7576,46.2042],[17.7582,46.2015],[17.7709,46.2009],[17.7769,46.2028],[17.7788,46.2112],[17.7848,46.2155],[17.7841,46.222],[17.7944,46.2267],[17.7973,46.2214],[17.8028,46.2191],[17.8082,46.2222],[17.8126,46.2223],[17.8151,46.2109],[17.8216,46.2125],[17.8249,46.2106],[17.8315,46.2111],[17.8371,46.2073],[17.8458,46.2112],[17.8473,46.2166],[17.8539,46.2147],[17.8609,46.2205],[17.8709,46.2153],[17.8758,46.2188],[17.8778,46.2241],[17.8844,46.225],[17.8927,46.2205],[17.9004,46.2217],[17.9052,46.2286],[17.9123,46.2279],[17.9195,46.2246],[17.9222,46.2261],[17.9346,46.2407],[17.9276,46.257],[17.9325,46.2624],[17.9377,46.2754],[17.9349,46.278],[17.9342,46.2856],[17.9487,46.3037],[17.9537,46.3011],[17.9602,46.3045],[17.9755,46.3081],[18.0018,46.3091],[18.0014,46.3023],[18.0053,46.3015],[18.0076,46.2974],[18.0103,46.3001],[18.0175,46.2975],[18.0245,46.3013],[18.0356,46.2946],[18.0483,46.2928],[18.0532,46.2959],[18.0588,46.2921]]]},"properties":{"megye":"Baranya"}},{"type":"Feature","geometry":{"type":"Polygon","coordinates":[[[18.8197,46.1093],[18.811,46.1146],[18.8268,46.1333],[18.8322,46.1439],[18.8382,46.1432],[18.8399,46.1455],[18.8392,46.1615],[18.8414,46.1664],[18.8392,46.1676],[18.8441,46.1836],[18.8518,46.1847],[18.8512,46.1893],[18.8545,46.1927],[18.8709,46.1931],[18.8659,46.2076],[18.8714,46.2129],[18.8719,46.2224],[18.8675,46.2224],[18.8495,46.2083],[18.8331,46.2011],[18.8221,46.2056],[18.8226,46.2086],[18.8297,46.2178],[18.8423,46.2232],[18.8538,46.2361],[18.862,46.235],[18.867,46.232],[18.8752,46.2381],[18.8768,46.2457],[18.8674,46.2548],[18.8625,46.2647],[18.8674,46.27],[18.8762,46.2704],[18.8921,46.2598],[18.9053,46.2587],[18.9113,46.261],[18.9129,46.2777],[18.9217,46.301],[18.9194,46.3154],[18.9079,46.3245],[18.8979,46.3382],[18.8929,46.374],[18.8851,46.3957],[18.8889,46.4113],[18.9005,46.4213],[18.9202,46.4498],[18.924,46.4643],[18.9224,46.475],[18.9174,46.4913],[18.8963,46.5191],[18.8957,46.5599],[18.8846,46.5755],[18.8641,46.596],[18.8591,46.6067],[18.8613,46.6143],[18.8827,46.6368],[18.8888,46.6383],[18.9176,46.6376],[18.917,46.6391],[18.9231,46.6399],[18.9424,46.6494],[18.9557,46.6536],[18.9562,46.6487],[18.9678,46.6544],[19.0038,46.6917],[19.0065,46.6993],[19.0021,46.718],[18.9838,46.7404],[18.9827,46.7492],[18.9771,46.7591],[18.9782,46.7652],[18.971,46.7644],[18.9671,46.7743],[18.9616,46.7823],[18.9566,46.7854],[18.9538,46.7949],[18.9499,46.7987],[18.9538,46.801],[18.9355,46.809],[18.9266,46.8177],[18.9243,46.8242],[18.9254,46.8573],[18.932,46.876],[18.9478,46.8913],[18.9586,46.9061],[18.9652,46.9312],[18.963,46.9491],[18.9536,46.9667],[18.9502,46.9809],[18.951,46.9922],[18.9677,47.0119],[18.9667,47.03],[18.9773,47.0413],[18.9733,47.0462],[18.9578,47.0561],[18.9566,47.0641],[19.0202,47.0542],[19.0241,47.0489],[19.0642,47.0386],[19.0698,47.0344],[19.0731,47.0379],[19.0954,47.0455],[19.0987,47.0542],[19.0982,47.063],[19.1065,47.0675],[19.1322,47.0717],[19.1434,47.0828],[19.159,47.0907],[19.164,47.0957],[19.2025,47.0975],[19.2091,47.0892],[19.2372,47.131],[19.269,47.1344],[19.2823,47.1283],[19.2985,47.1259],[19.3119,47.1206],[19.348,47.0934],[19.3289,47.076],[19.3144,47.0669],[19.2953,47.0361],[19.3191,47.0128],[19.3253,47.0227],[19.3331,47.0268],[19.3582,47.0329],[19.3744,47.0328],[19.4292,47.0639],[19.462,47.0535],[19.4748,47.0553],[19.4861,47.0724],[19.4935,47.0964],[19.506,47.1192],[19.5327,47.1115],[19.5617,47.1075],[19.57,47.1086],[19.5874,47.1211],[19.6205,47.0825],[19.6367,47.0383],[19.6897,46.9942],[19.7356,46.973],[19.7797,46.9487],[19.8021,46.9554],[19.8292,46.9446],[19.8403,46.9445],[19.8613,46.9706],[19.8767,46.9979],[19.9082,46.9817],[19.927,46.9751],[19.9342,46.9727],[19.9536,46.9722],[19.9835,46.9628],[19.9828,46.983],[19.9997,46.9985],[20.0266,47.0074],[20.0607,47.0132],[20.0697,47.0196],[20.0945,47.0076],[20.1293,46.9924],[20.1391,46.9839],[20.1307,46.9794],[20.1267,46.9745],[20.1337,46.9657],[20.1303,46.9589],[20.1124,46.9571],[20.1046,46.953],[20.1039,46.9462],[20.1072,46.9381],[20.111,46.9366],[20.1166,46.9407],[20.1261,46.9437],[20.1444,46.9408],[20.1488,46.9393],[20.1564,46.9312],[20.1601,46.9205],[20.1555,46.9137],[20.1482,46.9107],[20.1231,46.906],[20.1235,46.8976],[20.1206,46.8942],[20.0931,46.8769],[20.0858,46.8747],[20.0944,46.8609],[20.1071,46.8555],[20.1152,46.8451],[20.1146,46.8429],[20.1034,46.8388],[20.0708,46.8425],[20.0613,46.8411],[20.0435,46.837],[20.0428,46.8321],[20.0383,46.8294],[20.0244,46.8288],[20.0021,46.8218],[20.0009,46.8176],[20.0042,46.8118],[20.03,46.7964],[20.0355,46.7971],[20.04,46.8024],[20.0402,46.8085],[20.0309,46.8188],[20.0377,46.8241],[20.0438,46.8245],[20.047,46.8191],[20.0613,46.8125],[20.0612,46.8064],[20.0247,46.7808],[19.9998,46.7528],[19.9694,46.7268],[20.0056,46.7037],[20.0115,46.6952],[20.0079,46.6797],[19.9853,46.6547],[19.9806,46.6372],[19.991,46.6322],[19.9942,46.623],[19.9894,46.6033],[19.9947,46.5918],[19.9612,46.5673],[19.9437,46.5484],[19.8923,46.5785],[19.8396,46.5602],[19.7802,46.5321],[19.8096,46.506],[19.8377,46.5085],[19.8483,46.5111],[19.8734,46.4941],[19.886,46.4883],[19.8952,46.4806],[19.9011,46.468],[19.8999,46.46],[19.8825,46.4445],[19.8982,46.425],[19.8987,46.4197],[19.8946,46.4087],[19.8852,46.4011],[19.8811,46.3863],[19.8572,46.3731],[19.8195,46.389],[19.794,46.3743],[19.7436,46.3503],[19.7223,46.3622],[19.697,46.3593],[19.6561,46.347],[19.6626,46.3317],[19.68,46.3183],[19.6892,46.3061],[19.6382,46.2644],[19.6832,46.2177],[19.6981,46.1879],[19.6863,46.1818],[19.6865,46.1801],[19.6826,46.1797],[19.6703,46.1866],[19.6696,46.184],[19.6615,46.1901],[19.6316,46.1693],[19.5676,46.1791],[19.5632,46.1772],[19.5643,46.1757],[19.5599,46.1742],[19.5632,46.17],[19.5588,46.1681],[19.5604,46.1666],[19.5268,46.1481],[19.517,46.1519],[19.5027,46.1424],[19.5097,46.1375],[19.5081,46.1337],[19.5271,46.121],[19.509,46.1108],[19.4859,46.1037],[19.4821,46.1048],[19.4804,46.1018],[19.4645,46.0954],[19.4672,46.0893],[19.4666,46.082],[19.4391,46.0669],[19.4232,46.0552],[19.416,46.046],[19.3952,46.0423],[19.3804,46.0359],[19.3641,46.0523],[19.2819,46.0148],[19.3031,45.9919],[19.2965,45.9881],[19.2856,45.9969],[19.2363,45.9953],[19.2327,45.9991],[19.1996,45.9982],[19.2053,45.9929],[19.148,45.9963],[19.1458,46.0017],[19.1475,46.0082],[19.1338,46.0371],[19.1049,46.0402],[19.066,46.0002],[19.0797,45.9636],[19.0551,45.9655],[19.0327,45.9648],[19.0191,45.9633],[19.006,45.9591],[18.9983,45.9465],[19.0093,45.9237],[18.9951,45.924],[18.988,45.9324],[18.9624,45.9259],[18.9061,45.9354],[18.8904,45.9217],[18.8871,45.9216],[18.8887,45.9209],[18.8795,45.9167],[18.8713,45.9163],[18.8647,45.9208],[18.8686,45.9113],[18.8277,45.9052],[18.822,45.9146],[18.8123,45.923],[18.8036,45.9268],[18.803,45.9306],[18.8074,45.9345],[18.8199,45.936],[18.8275,45.9379],[18.8314,45.9414],[18.8352,45.941],[18.8352,45.9452],[18.8379,45.9456],[18.8384,45.9436],[18.8384,45.9471],[18.8455,45.9471],[18.8461,45.941],[18.8548,45.9414],[18.8564,45.9433],[18.8406,45.9513],[18.8411,45.9532],[18.8368,45.9555],[18.8253,45.957],[18.8253,45.9604],[18.8275,45.9596],[18.8405,45.9756],[18.8356,45.9798],[18.8687,46.021],[18.8436,46.0301],[18.8474,46.0351],[18.8381,46.0419],[18.8081,46.0243],[18.7944,46.0254],[18.7884,46.0285],[18.7747,46.0239],[18.7643,46.0314],[18.743,46.0287],[18.7397,46.0375],[18.7331,46.0455],[18.7565,46.0676],[18.77,46.0947],[18.7979,46.1039],[18.8028,46.1088],[18.8197,46.1093]]]},"properties":{"megye":"Bács-Kiskun"}},{"type":"Feature","geometry":{"type":"Polygon","coordinates":[[[20.4182,46.8202],[20.4169,46.8347],[20.4075,46.8595],[20.4329,46.8745],[20.4438,46.8896],[20.4529,46.8955],[20.4518,46.8982],[20.4603,46.9031],[20.4735,46.8976],[20.4762,46.8941],[20.4965,46.8904],[20.5377,46.9002],[20.5458,46.9062],[20.546,46.9142],[20.5517,46.9166],[20.5601,46.9133],[20.5861,46.9121],[20.5991,46.9184],[20.6068,46.9175],[20.6413,46.9003],[20.6729,46.9139],[20.6933,46.911],[20.7037,46.9211],[20.7207,46.9315],[20.7208,46.9361],[20.7271,46.9406],[20.7275,46.9539],[20.7259,46.9558],[20.7097,46.9557],[20.7043,46.9588],[20.7054,46.9611],[20.7116,46.9625],[20.7237,46.9582],[20.7265,46.9596],[20.7224,46.9685],[20.7136,46.9732],[20.7142,46.9754],[20.7204,46.9753],[20.7096,46.9782],[20.7132,46.9964],[20.7183,47.0001],[20.7156,47.0013],[20.7163,47.0055],[20.7109,47.012],[20.702,47.0126],[20.7081,47.0351],[20.7162,47.0344],[20.723,47.0305],[20.7275,47.0434],[20.7461,47.0511],[20.7562,47.0533],[20.7599,47.046],[20.7596,47.0357],[20.8064,47.0369],[20.8115,47.038],[20.8028,47.0461],[20.8259,47.0522],[20.8384,47.0612],[20.8406,47.0596],[20.8437,47.0695],[20.8569,47.0647],[20.8562,47.0613],[20.8613,47.0631],[20.8615,47.0669],[20.8499,47.0724],[20.8435,47.079],[20.8523,47.0925],[20.844,47.0934],[20.8476,47.1037],[20.8447,47.1167],[20.8683,47.1209],[20.8622,47.1229],[20.8609,47.1332],[20.8475,47.1482],[20.8942,47.1745],[20.9098,47.1731],[20.9184,47.1818],[20.9257,47.1828],[20.9264,47.1851],[20.9326,47.1876],[20.9449,47.1863],[20.9552,47.2089],[20.9675,47.2255],[20.9773,47.2305],[20.9876,47.2259],[20.9921,47.2322],[21.0097,47.232],[21.0144,47.2247],[21.02,47.2254],[21.0517,47.1906],[21.0658,47.1937],[21.0608,47.2091],[21.068,47.2074],[21.1139,47.1799],[21.1254,47.1751],[21.2099,47.1652],[21.23,47.1503],[21.2407,47.1532],[21.2544,47.1472],[21.2728,47.1469],[21.2941,47.148],[21.3009,47.1509],[21.2939,47.1312],[21.2994,47.1292],[21.3015,47.1261],[21.3001,47.1174],[21.3076,47.1107],[21.2917,47.1038],[21.2954,47.0866],[21.2885,47.0818],[21.2318,47.0596],[21.2404,47.0374],[21.2351,47.0306],[21.2331,47.0231],[21.2471,47.0098],[21.2475,47.0068],[21.2549,47.0097],[21.3549,46.9798],[21.415,46.9765],[21.4209,46.9747],[21.4251,46.9689],[21.4386,46.9709],[21.4425,46.9587],[21.4302,46.9574],[21.4316,46.9517],[21.4254,46.951],[21.4234,46.9431],[21.4435,46.9564],[21.4721,46.9493],[21.479,46.9415],[21.4819,46.9437],[21.4834,46.9414],[21.4862,46.9417],[21.4967,46.9518],[21.4988,46.9495],[21.5011,46.9517],[21.5038,46.9501],[21.5129,46.9545],[21.5172,46.9514],[21.5179,46.9532],[21.5212,46.9536],[21.5214,46.957],[21.5242,46.9569],[21.5257,46.9527],[21.5295,46.9511],[21.534,46.9518],[21.5354,46.9578],[21.5394,46.9615],[21.5482,46.9591],[21.5628,46.9618],[21.5536,46.9784],[21.5574,46.989],[21.5648,46.993],[21.5692,47.0028],[21.5751,46.9989],[21.6035,46.9982],[21.6115,47.0038],[21.624,47.008],[21.6197,47.0108],[21.6193,47.0139],[21.6254,47.0134],[21.6283,47.016],[21.6261,47.0168],[21.6274,47.0205],[21.6348,47.0242],[21.6399,47.0252],[21.642,47.0177],[21.6521,47.0189],[21.6593,47.0228],[21.6608,47.0205],[21.6774,47.0186],[21.6823,47.0041],[21.6889,47.002],[21.6871,46.9994],[21.6792,46.998],[21.6756,46.9928],[21.677,46.9878],[21.67,46.9803],[21.6678,46.9705],[21.6816,46.9671],[21.6785,46.9607],[21.6732,46.954],[21.6577,46.9562],[21.6557,46.9502],[21.6481,46.9423],[21.6407,46.9391],[21.6382,46.933],[21.6059,46.9326],[21.5984,46.9275],[21.5987,46.9092],[21.6023,46.9041],[21.6068,46.9044],[21.6143,46.8867],[21.6037,46.8851],[21.6011,46.879],[21.6017,46.8668],[21.5953,46.8605],[21.5841,46.86],[21.5694,46.8542],[21.5566,46.8537],[21.5481,46.849],[21.538,46.8477],[21.5343,46.8397],[21.5226,46.8392],[21.5203,46.8374],[21.5186,46.8237],[21.5223,46.8088],[21.5186,46.8001],[21.514,46.7956],[21.5101,46.7846],[21.4931,46.7751],[21.4898,46.7759],[21.4832,46.765],[21.4845,46.7585],[21.4945,46.7572],[21.5117,46.7454],[21.5263,46.7393],[21.5302,46.7274],[21.5294,46.721],[21.5196,46.7139],[21.5112,46.7118],[21.5122,46.708],[21.5076,46.7051],[21.5073,46.6982],[21.5,46.6957],[21.4923,46.686],[21.4896,46.686],[21.4837,46.6919],[21.4799,46.6919],[21.4728,46.6959],[21.4509,46.6888],[21.4341,46.6956],[21.4299,46.6939],[21.4276,46.6893],[21.4316,46.6822],[21.431,46.6781],[21.4424,46.6666],[21.4555,46.6671],[21.4547,46.6609],[21.4415,46.6516],[21.4214,46.6467],[21.4162,46.6426],[21.4098,46.6218],[21.3813,46.6285],[21.3782,46.6335],[21.3657,46.6379],[21.3532,46.6302],[21.3477,46.6315],[21.3349,46.6291],[21.33,46.6318],[21.314,46.6177],[21.3012,46.5909],[21.3071,46.5866],[21.3083,46.5877],[21.3137,46.5841],[21.3159,46.5856],[21.3208,46.5829],[21.3046,46.5664],[21.3049,46.5607],[21.2975,46.5536],[21.2936,46.5525],[21.2894,46.5446],[21.28,46.5452],[21.2743,46.5407],[21.2763,46.535],[21.26,46.5022],[21.2725,46.4836],[21.2744,46.4767],[21.2965,46.4763],[21.3174,46.4507],[21.313,46.4497],[21.3115,46.4402],[21.2895,46.4155],[21.2963,46.407],[21.283,46.4034],[21.2754,46.407],[21.2397,46.4104],[21.225,46.4137],[21.2188,46.4111],[21.2163,46.4021],[21.2064,46.4034],[21.1963,46.3708],[21.1993,46.3479],[21.1901,46.3393],[21.1762,46.3358],[21.1788,46.3308],[21.176,46.3297],[21.1774,46.3236],[21.1728,46.3187],[21.1805,46.3044],[21.1676,46.2978],[21.1517,46.2978],[21.1473,46.2994],[21.1453,46.3047],[21.1226,46.301],[21.1155,46.3019],[21.1031,46.2625],[21.1004,46.264],[21.0943,46.2626],[21.0908,46.2585],[21.087,46.2593],[21.0863,46.2551],[21.0814,46.256],[21.0796,46.2522],[21.0709,46.2539],[21.0661,46.2429],[21.0366,46.248],[21.0247,46.2665],[21.0158,46.2633],[20.9904,46.2595],[20.9608,46.2623],[20.9527,46.2651],[20.9466,46.2793],[20.9251,46.2766],[20.9218,46.2618],[20.8903,46.2715],[20.8733,46.2878],[20.7893,46.2735],[20.7757,46.276],[20.7637,46.28],[20.7486,46.2905],[20.7629,46.3413],[20.7541,46.3605],[20.743,46.3724],[20.7389,46.3843],[20.6937,46.3808],[20.6824,46.3512],[20.6236,46.3547],[20.6219,46.3513],[20.5881,46.3632],[20.5858,46.3595],[20.5717,46.3657],[20.579,46.3714],[20.5487,46.3916],[20.5601,46.4055],[20.5712,46.4092],[20.5828,46.4083],[20.5824,46.4528],[20.605,46.4544],[20.604,46.4567],[20.6062,46.4574],[20.6021,46.4689],[20.5988,46.4682],[20.5947,46.477],[20.6008,46.48],[20.5988,46.4876],[20.6017,46.4929],[20.602,46.5021],[20.6062,46.5127],[20.6135,46.5194],[20.6154,46.5274],[20.6107,46.5362],[20.6152,46.5377],[20.6048,46.5405],[20.5795,46.5641],[20.5744,46.619],[20.5764,46.6319],[20.5693,46.6331],[20.5763,46.665],[20.575,46.6792],[20.5928,46.6801],[20.5844,46.6966],[20.5843,46.7137],[20.5817,46.7194],[20.5956,46.7596],[20.5628,46.7761],[20.5378,46.7733],[20.5034,46.7734],[20.4927,46.7873],[20.4534,46.8121],[20.4428,46.8073],[20.4244,46.8037],[20.4182,46.8202]]]},"properties":{"megye":"Békés"}},{"type":"Feature","geometry":{"type":"Polygon","coordinates":[[[20.0613,48.1784],[20.0715,48.1791],[20.0788,48.1837],[20.074,48.1872],[20.0678,48.1881],[20.07,48.1917],[20.0783,48.1964],[20.0852,48.1955],[20.0908,48.197],[20.0955,48.204],[20.1004,48.2046],[20.102,48.2095],[20.1341,48.2252],[20.1337,48.2336],[20.1396,48.2429],[20.1321,48.2473],[20.1332,48.254],[20.144,48.2554],[20.1538,48.2503],[20.1684,48.2516],[20.1849,48.248],[20.2062,48.251],[20.2077,48.2529],[20.2031,48.2591],[20.2038,48.2619],[20.2146,48.2589],[20.2209,48.2629],[20.2285,48.2628],[20.2287,48.2658],[20.2354,48.2713],[20.228,48.2772],[20.2349,48.2799],[20.2413,48.2805],[20.2458,48.2779],[20.2497,48.2791],[20.2557,48.275],[20.2611,48.2747],[20.2696,48.268],[20.2803,48.2664],[20.2869,48.2616],[20.311,48.2656],[20.3058,48.2699],[20.3077,48.2731],[20.3257,48.2728],[20.3281,48.2884],[20.3358,48.2877],[20.3358,48.2905],[20.3321,48.293],[20.3335,48.2966],[20.3362,48.2964],[20.3375,48.3017],[20.3579,48.3098],[20.3564,48.3128],[20.3657,48.3166],[20.3743,48.327],[20.3676,48.3322],[20.3718,48.3337],[20.3865,48.3477],[20.3841,48.3512],[20.399,48.3565],[20.399,48.3589],[20.4071,48.3625],[20.4098,48.3659],[20.4114,48.3711],[20.4025,48.3826],[20.4127,48.3878],[20.4166,48.3939],[20.4168,48.4007],[20.4205,48.4039],[20.4144,48.4107],[20.4162,48.4185],[20.4254,48.4238],[20.4294,48.4286],[20.4346,48.4301],[20.4461,48.445],[20.4522,48.4487],[20.4699,48.4524],[20.4695,48.4599],[20.4639,48.464],[20.4733,48.4662],[20.4888,48.4758],[20.4951,48.4877],[20.5079,48.4894],[20.5047,48.4901],[20.5073,48.5095],[20.5104,48.5124],[20.5025,48.5199],[20.5051,48.5223],[20.5023,48.5233],[20.5045,48.5259],[20.502,48.5273],[20.5055,48.5331],[20.5083,48.5323],[20.5065,48.5344],[20.5191,48.5375],[20.5252,48.5304],[20.5375,48.5279],[20.5465,48.5443],[20.5511,48.5423],[20.5594,48.5428],[20.5866,48.5358],[20.5872,48.5388],[20.5999,48.5426],[20.6161,48.5436],[20.6235,48.5508],[20.6341,48.551],[20.6405,48.5554],[20.6441,48.552],[20.6539,48.5614],[20.6656,48.5599],[20.6717,48.5625],[20.6795,48.5595],[20.7131,48.5704],[20.7262,48.5696],[20.7281,48.5645],[20.7278,48.5663],[20.7347,48.5667],[20.7339,48.5701],[20.7994,48.5746],[20.8364,48.5828],[20.8396,48.5802],[20.8354,48.5765],[20.8378,48.5742],[20.8504,48.5816],[20.8453,48.5665],[20.8552,48.5668],[20.8611,48.5573],[20.8682,48.5518],[20.8752,48.5537],[20.8771,48.5508],[20.9163,48.5602],[20.9223,48.5595],[20.9291,48.5535],[20.9346,48.5383],[20.9417,48.5429],[20.941,48.5345],[20.9456,48.5364],[20.9559,48.534],[20.9562,48.5217],[20.9654,48.5204],[20.9761,48.5245],[20.9816,48.5178],[20.9893,48.5217],[20.9906,48.5264],[21.0041,48.5273],[21.0151,48.5323],[21.0233,48.5295],[21.0265,48.5315],[21.0303,48.5308],[21.0339,48.5271],[21.0532,48.5262],[21.0534,48.5221],[21.0663,48.5259],[21.0747,48.5206],[21.0902,48.5175],[21.098,48.5105],[21.095,48.4997],[21.1011,48.4946],[21.1174,48.4911],[21.1283,48.4924],[21.1339,48.4954],[21.1421,48.508],[21.1522,48.5166],[21.1595,48.5179],[21.1609,48.5215],[21.1734,48.5219],[21.1796,48.5182],[21.1854,48.5205],[21.188,48.5248],[21.1912,48.5226],[21.1926,48.5266],[21.199,48.5245],[21.2091,48.5274],[21.2093,48.5335],[21.2166,48.5315],[21.2211,48.5375],[21.2333,48.5342],[21.2329,48.5391],[21.239,48.5397],[21.2518,48.532],[21.2692,48.5253],[21.2706,48.5274],[21.2967,48.5217],[21.2974,48.5231],[21.3055,48.5222],[21.3086,48.5263],[21.3031,48.5247],[21.3028,48.5269],[21.316,48.5332],[21.3098,48.5375],[21.3098,48.5402],[21.3177,48.5393],[21.3163,48.5437],[21.3214,48.5477],[21.3187,48.5497],[21.3141,48.5491],[21.3134,48.5508],[21.3175,48.5531],[21.323,48.5516],[21.3269,48.5541],[21.3257,48.5562],[21.3161,48.5553],[21.3194,48.5612],[21.3256,48.5621],[21.3234,48.5577],[21.3277,48.5595],[21.3495,48.5606],[21.3796,48.5582],[21.4002,48.5639],[21.4043,48.5631],[21.4074,48.5595],[21.4154,48.559],[21.4218,48.5635],[21.4227,48.5788],[21.4289,48.5835],[21.4401,48.5852],[21.4507,48.5749],[21.4581,48.5767],[21.4711,48.5662],[21.4757,48.5643],[21.4814,48.5647],[21.4884,48.5584],[21.4971,48.5587],[21.4992,48.5604],[21.5006,48.5549],[21.5079,48.5553],[21.5065,48.5527],[21.5141,48.5511],[21.5184,48.5469],[21.5155,48.5396],[21.5214,48.5345],[21.5252,48.5226],[21.5412,48.5134],[21.542,48.5084],[21.5534,48.5086],[21.5612,48.5115],[21.5656,48.5053],[21.578,48.5044],[21.586,48.5114],[21.5911,48.513],[21.5946,48.5132],[21.6045,48.5074],[21.6096,48.5106],[21.6139,48.5094],[21.6146,48.4978],[21.6183,48.498],[21.6212,48.4921],[21.6244,48.473],[21.6202,48.4698],[21.6315,48.4592],[21.6283,48.4565],[21.6313,48.4492],[21.6328,48.4477],[21.6396,48.4476],[21.6471,48.4381],[21.6521,48.436],[21.6504,48.4327],[21.6528,48.433],[21.6596,48.418],[21.6635,48.418],[21.6659,48.4117],[21.6646,48.4022],[21.6674,48.3987],[21.6646,48.3922],[21.6686,48.3892],[21.6833,48.3908],[21.6836,48.3884],[21.7017,48.3807],[21.7059,48.3759],[21.7024,48.3712],[21.7054,48.3661],[21.7143,48.3663],[21.7119,48.3576],[21.7193,48.3547],[21.7244,48.3497],[21.745,48.3487],[21.7547,48.3456],[21.7642,48.339],[21.7772,48.3403],[21.783,48.3389],[21.7984,48.3425],[21.8058,48.3382],[21.8092,48.3392],[21.8185,48.3371],[21.8169,48.333],[21.8223,48.3326],[21.8353,48.3349],[21.8332,48.3392],[21.8374,48.3426],[21.8351,48.3461],[21.8377,48.3499],[21.8351,48.3611],[21.8372,48.3633],[21.8551,48.3661],[21.863,48.3552],[21.8655,48.3561],[21.8651,48.3602],[21.8753,48.3558],[21.8745,48.3605],[21.8814,48.3626],[21.8818,48.3571],[21.8843,48.356],[21.8882,48.3588],[21.8831,48.3632],[21.8848,48.3675],[21.8914,48.3688],[21.8875,48.3636],[21.8979,48.3626],[21.9,48.3638],[21.8974,48.3688],[21.8998,48.3702],[21.9015,48.3649],[21.9121,48.3694],[21.9118,48.3668],[21.9175,48.3634],[21.9282,48.3616],[21.9323,48.3646],[21.9274,48.3679],[21.9268,48.3709],[21.9339,48.37],[21.9392,48.3746],[21.9463,48.3749],[21.9492,48.3787],[21.9569,48.3796],[21.961,48.3771],[21.9612,48.3796],[21.9714,48.3803],[21.9754,48.3779],[21.9834,48.3795],[21.9859,48.3758],[21.9891,48.3792],[21.9945,48.3773],[22.0004,48.3807],[22.007,48.3813],[22.0082,48.384],[22.0178,48.3863],[22.0196,48.389],[22.0239,48.3891],[22.0213,48.3927],[22.0283,48.3922],[22.0361,48.3861],[22.0451,48.3841],[22.0546,48.3775],[22.0582,48.3779],[22.0576,48.3813],[22.0616,48.3828],[22.0728,48.382],[22.0722,48.3853],[22.0765,48.3872],[22.0844,48.3808],[22.0826,48.3787],[22.0867,48.3716],[22.0932,48.3786],[22.1015,48.3762],[22.1116,48.3813],[22.1211,48.3783],[22.1177,48.3682],[22.1215,48.3651],[22.1289,48.3645],[22.1274,48.3589],[22.1251,48.3582],[22.1179,48.3621],[22.1088,48.3628],[22.1081,48.3609],[22.1194,48.3579],[22.1248,48.3532],[22.1246,48.3498],[22.1126,48.3501],[22.1047,48.3462],[22.103,48.3423],[22.1105,48.3425],[22.1115,48.341],[22.0951,48.3338],[22.1024,48.3309],[22.1044,48.3263],[22.1025,48.3241],[22.0951,48.3243],[22.0988,48.3295],[22.0956,48.3319],[22.0887,48.3313],[22.0844,48.3272],[22.0863,48.3108],[22.0805,48.3087],[22.0653,48.3129],[22.0687,48.3021],[22.0656,48.298],[22.0547,48.2979],[22.0445,48.3081],[22.0236,48.3017],[22.0265,48.3123],[22.0144,48.3115],[22.0103,48.3085],[22.0105,48.3036],[22.003,48.3007],[22.0022,48.2981],[21.9883,48.2946],[21.9818,48.2902],[21.9779,48.2819],[21.9649,48.2735],[21.9623,48.2671],[21.9519,48.2643],[21.9453,48.2595],[21.9386,48.2627],[21.9428,48.2558],[21.9271,48.2504],[21.9202,48.2396],[21.9117,48.2402],[21.8973,48.2474],[21.8746,48.238],[21.8643,48.2375],[21.8502,48.2401],[21.8507,48.2298],[21.8399,48.2293],[21.8436,48.225],[21.8424,48.2232],[21.8331,48.2302],[21.8396,48.2347],[21.833,48.2382],[21.8299,48.2444],[21.8229,48.2415],[21.8255,48.2377],[21.8223,48.2316],[21.8176,48.2394],[21.8148,48.2402],[21.811,48.2323],[21.8152,48.2265],[21.7973,48.2216],[21.7997,48.2139],[21.7973,48.2109],[21.7864,48.21],[21.7838,48.2028],[21.7715,48.2069],[21.7729,48.202],[21.767,48.1987],[21.7714,48.194],[21.7628,48.1946],[21.7536,48.1917],[21.7542,48.2043],[21.741,48.2016],[21.7334,48.1972],[21.7296,48.2018],[21.724,48.2038],[21.7235,48.1943],[21.728,48.1923],[21.7314,48.193],[21.7272,48.1882],[21.7214,48.1864],[21.7187,48.1884],[21.7212,48.1929],[21.7146,48.1983],[21.7109,48.1931],[21.6899,48.1947],[21.6801,48.1915],[21.6444,48.1942],[21.6278,48.1934],[21.6024,48.1974],[21.5841,48.2089],[21.5779,48.2098],[21.5714,48.2053],[21.57,48.2],[21.5552,48.2007],[21.5534,48.1981],[21.5494,48.1978],[21.5498,48.1948],[21.5471,48.1971],[21.5353,48.1975],[21.5326,48.1949],[21.5337,48.1905],[21.525,48.1865],[21.5163,48.1852],[21.5252,48.1797],[21.5052,48.1778],[21.5073,48.1743],[21.5055,48.1725],[21.5015,48.1733],[21.5012,48.1783],[21.4883,48.1812],[21.4791,48.1806],[21.4738,48.1769],[21.474,48.1678],[21.4711,48.1667],[21.4615,48.17],[21.4602,48.1776],[21.4523,48.1801],[21.4437,48.1776],[21.4374,48.1651],[21.4311,48.1634],[21.428,48.1592],[21.4241,48.1593],[21.429,48.1436],[21.4248,48.1372],[21.4303,48.1344],[21.4138,48.1218],[21.4206,48.1091],[21.451,48.0898],[21.4497,48.0864],[21.4469,48.0857],[21.4316,48.0883],[21.4363,48.0791],[21.4506,48.0799],[21.4621,48.0713],[21.4507,48.0708],[21.4403,48.0668],[21.4375,48.0684],[21.4373,48.0497],[21.4324,48.0434],[21.4244,48.0424],[21.4163,48.0513],[21.4124,48.0529],[21.4089,48.0511],[21.408,48.0435],[21.4156,48.0357],[21.4081,48.032],[21.3989,48.0307],[21.3849,48.0348],[21.3752,48.0342],[21.3812,48.0269],[21.3782,48.025],[21.3689,48.0327],[21.3525,48.0339],[21.343,48.0238],[21.3298,48.0218],[21.3265,48.0226],[21.3233,48.0288],[21.3167,48.032],[21.2932,48.029],[21.2948,48.0385],[21.2855,48.0337],[21.2658,48.0387],[21.2593,48.046],[21.2588,48.0601],[21.2512,48.0549],[21.2403,48.0517],[21.2355,48.0465],[21.2239,48.0398],[21.222,48.0357],[21.2303,48.0298],[21.229,48.0275],[21.2186,48.0232],[21.213,48.0233],[21.1934,48.0297],[21.17,48.0267],[21.168,48.0351],[21.1722,48.04],[21.17,48.042],[21.1582,48.0445],[21.1506,48.0396],[21.1412,48.0459],[21.1366,48.0441],[21.1311,48.0484],[21.1276,48.0458],[21.1308,48.0419],[21.114,48.0315],[21.1108,48.0236],[21.0954,48.022],[21.0913,48.0182],[21.0919,48.0104],[21.0825,48.0096],[21.0788,48.0032],[21.0833,48.002],[21.0859,47.997],[21.1046,47.9814],[21.1061,47.9761],[21.1019,47.9712],[21.1091,47.9718],[21.122,47.9621],[21.1118,47.9326],[21.0945,47.926],[21.0908,47.9185],[21.0942,47.9192],[21.097,47.9172],[21.1028,47.9198],[21.1029,47.9236],[21.1078,47.9182],[21.1226,47.9187],[21.1247,47.9148],[21.1215,47.9073],[21.097,47.9027],[21.0835,47.8904],[21.0867,47.8858],[21.0825,47.8642],[21.0711,47.8621],[21.0715,47.8583],[21.0602,47.8592],[21.052,47.8517],[21.0609,47.8485],[21.0586,47.8459],[21.0684,47.8362],[21.0762,47.8342],[21.0814,47.8208],[21.0672,47.8039],[21.0661,47.7906],[21.0604,47.7895],[21.0554,47.7778],[21.0498,47.7787],[21.048,47.7768],[21.053,47.7737],[21.047,47.7646],[21.0442,47.7654],[21.0418,47.7624],[21.044,47.7597],[21.0362,47.7465],[21.0334,47.7469],[21.0253,47.757],[21.0078,47.7573],[20.9962,47.7499],[20.9977,47.7449],[21.0021,47.7425],[20.9958,47.7381],[20.9956,47.7335],[21.001,47.7281],[20.9968,47.7205],[20.9871,47.7176],[20.9674,47.7195],[20.9504,47.7167],[20.9457,47.7103],[20.9434,47.7111],[20.9342,47.7048],[20.9349,47.6941],[20.9265,47.6962],[20.918,47.694],[20.903,47.6859],[20.8947,47.6906],[20.8916,47.6979],[20.8871,47.698],[20.8834,47.6893],[20.8875,47.6778],[20.8989,47.6802],[20.9021,47.6764],[20.894,47.6708],[20.8576,47.676],[20.8519,47.6753],[20.8548,47.6615],[20.8803,47.6489],[20.8768,47.6433],[20.8677,47.643],[20.8594,47.6458],[20.8544,47.6501],[20.853,47.6585],[20.8451,47.6567],[20.8374,47.6626],[20.8338,47.6569],[20.8277,47.6593],[20.8303,47.6691],[20.8191,47.6705],[20.8053,47.6802],[20.7964,47.6826],[20.773,47.6742],[20.7648,47.6675],[20.7647,47.6637],[20.7717,47.6544],[20.7639,47.6564],[20.7524,47.6673],[20.744,47.6678],[20.7187,47.6864],[20.7086,47.6904],[20.6877,47.6869],[20.6772,47.6942],[20.673,47.6863],[20.6414,47.6864],[20.6336,47.6907],[20.6028,47.6983],[20.5946,47.7064],[20.589,47.7084],[20.5891,47.7114],[20.5841,47.713],[20.5778,47.7116],[20.569,47.7182],[20.5776,47.7238],[20.5812,47.7302],[20.5962,47.7403],[20.5762,47.7516],[20.5706,47.7528],[20.5562,47.7633],[20.5501,47.7664],[20.5461,47.7661],[20.5412,47.7734],[20.5311,47.7735],[20.5201,47.7866],[20.5219,47.7881],[20.5199,47.7916],[20.5125,47.7977],[20.5075,47.7989],[20.507,47.8031],[20.5026,47.8066],[20.5018,47.8196],[20.5041,47.8192],[20.5117,47.8282],[20.5131,47.8385],[20.5031,47.8634],[20.4947,47.8688],[20.4626,47.8749],[20.45,47.8899],[20.448,47.8991],[20.4606,47.9042],[20.463,47.9088],[20.4681,47.9106],[20.4732,47.9102],[20.481,47.904],[20.4924,47.9084],[20.4974,47.9061],[20.4992,47.9083],[20.4932,47.9153],[20.4972,47.9183],[20.4939,47.9202],[20.5024,47.9216],[20.511,47.9249],[20.5116,47.9276],[20.5179,47.9287],[20.5109,47.9413],[20.4984,47.9411],[20.4879,47.9492],[20.4789,47.952],[20.4734,47.9578],[20.4516,47.9683],[20.4539,47.9729],[20.4613,47.9739],[20.4709,47.9917],[20.4783,47.992],[20.4812,47.995],[20.4804,48.0064],[20.4834,48.0151],[20.4857,48.0155],[20.4847,48.0189],[20.4905,48.0238],[20.4903,48.0367],[20.4936,48.0424],[20.4832,48.0479],[20.4812,48.0567],[20.4784,48.0586],[20.5001,48.0618],[20.5025,48.0674],[20.497,48.0736],[20.4917,48.0874],[20.4817,48.0959],[20.4847,48.1031],[20.4808,48.1062],[20.4844,48.1126],[20.4834,48.1157],[20.4783,48.1176],[20.4779,48.1256],[20.474,48.1279],[20.4758,48.1298],[20.4741,48.1318],[20.4684,48.1311],[20.4636,48.141],[20.4512,48.1476],[20.4558,48.1491],[20.4542,48.1507],[20.4462,48.1504],[20.4377,48.1528],[20.4348,48.1501],[20.416,48.1496],[20.4082,48.1539],[20.3978,48.1494],[20.387,48.1499],[20.3952,48.1369],[20.3894,48.1324],[20.3757,48.1291],[20.3743,48.1204],[20.3622,48.1125],[20.3638,48.1075],[20.3597,48.1049],[20.3631,48.1045],[20.3642,48.1018],[20.3607,48.0977],[20.3617,48.0923],[20.3566,48.0916],[20.3549,48.0951],[20.3454,48.1005],[20.3449,48.1032],[20.3387,48.1055],[20.3341,48.1048],[20.3325,48.1083],[20.3258,48.1099],[20.3264,48.1125],[20.3208,48.1149],[20.3237,48.1179],[20.3198,48.1236],[20.3027,48.1193],[20.2874,48.1232],[20.2861,48.1164],[20.278,48.1085],[20.2819,48.1077],[20.2841,48.1046],[20.2789,48.1005],[20.2806,48.0986],[20.2748,48.0952],[20.2601,48.0969],[20.26,48.0946],[20.2555,48.0946],[20.2491,48.089],[20.2452,48.0913],[20.2412,48.091],[20.2401,48.0936],[20.2213,48.0923],[20.2044,48.0967],[20.2039,48.1005],[20.2,48.1028],[20.2029,48.1077],[20.1933,48.1093],[20.1809,48.1144],[20.1775,48.1133],[20.1701,48.1157],[20.1708,48.1198],[20.1653,48.1271],[20.1676,48.1301],[20.1637,48.1355],[20.1552,48.1345],[20.1501,48.136],[20.1479,48.1406],[20.127,48.145],[20.1189,48.1424],[20.1183,48.1401],[20.1012,48.138],[20.0984,48.1392],[20.0979,48.1434],[20.0934,48.1434],[20.0879,48.1533],[20.0805,48.1519],[20.0765,48.1554],[20.0725,48.1531],[20.0657,48.1547],[20.062,48.1673],[20.0586,48.1681],[20.0546,48.1662],[20.0519,48.1677],[20.0613,48.1784]]]},"properties":{"megye":"Borsod-Abaúj-Zemplén"}},{"type":"Feature","geometry":{"type":"Polygon","coordinates":[[[20.0664,46.7907],[20.0803,46.7887],[20.0835,46.7864],[20.0916,46.7734],[20.0893,46.7681],[20.0908,46.7623],[20.102,46.7645],[20.107,46.7683],[20.1022,46.7767],[20.1046,46.7839],[20.1157,46.785],[20.1343,46.7726],[20.1755,46.7547],[20.1999,46.7841],[20.2131,46.7798],[20.2198,46.7813],[20.2232,46.7862],[20.2183,46.7885],[20.2184,46.7919],[20.2234,46.793],[20.2307,46.7987],[20.2429,46.7985],[20.265,46.7922],[20.2905,46.7676],[20.3324,46.7621],[20.3414,46.7643],[20.3453,46.7673],[20.3462,46.7795],[20.3524,46.7848],[20.404,46.7884],[20.4069,46.7917],[20.4169,46.7935],[20.4248,46.7991],[20.4244,46.8037],[20.4428,46.8073],[20.4534,46.8121],[20.4927,46.7873],[20.5034,46.7734],[20.5378,46.7733],[20.5628,46.7761],[20.5956,46.7596],[20.5817,46.7194],[20.5843,46.7137],[20.5844,46.6966],[20.5928,46.6801],[20.575,46.6792],[20.5763,46.665],[20.5693,46.6331],[20.5764,46.6319],[20.5744,46.619],[20.5795,46.5641],[20.6048,46.5405],[20.6152,46.5377],[20.6107,46.5362],[20.6154,46.5274],[20.6135,46.5194],[20.6062,46.5127],[20.602,46.5021],[20.6017,46.4929],[20.5988,46.4876],[20.6008,46.48],[20.5947,46.477],[20.5988,46.4682],[20.6021,46.4689],[20.6062,46.4574],[20.604,46.4567],[20.605,46.4544],[20.5824,46.4528],[20.5828,46.4083],[20.5712,46.4092],[20.5601,46.4055],[20.5487,46.3916],[20.579,46.3714],[20.5717,46.3657],[20.5858,46.3595],[20.5881,46.3632],[20.6219,46.3513],[20.6236,46.3547],[20.6824,46.3512],[20.6937,46.3808],[20.7389,46.3843],[20.743,46.3724],[20.7541,46.3605],[20.7629,46.3413],[20.7486,46.2905],[20.7637,46.28],[20.7757,46.276],[20.749,46.2508],[20.7619,46.2046],[20.7274,46.2077],[20.7254,46.1967],[20.7341,46.1939],[20.7313,46.1906],[20.7224,46.1876],[20.714,46.1661],[20.7091,46.165],[20.7051,46.1612],[20.6941,46.1587],[20.6922,46.1519],[20.6844,46.1448],[20.6756,46.146],[20.6681,46.1515],[20.6549,46.1498],[20.6504,46.146],[20.6462,46.132],[20.6417,46.1275],[20.6362,46.1264],[20.6297,46.1288],[20.6115,46.1454],[20.5925,46.1506],[20.5904,46.1541],[20.5612,46.1701],[20.5542,46.1721],[20.5531,46.1748],[20.545,46.1791],[20.521,46.1821],[20.5015,46.1903],[20.5003,46.1884],[20.4965,46.1885],[20.4953,46.1862],[20.498,46.1843],[20.4919,46.1809],[20.4962,46.1782],[20.4934,46.1741],[20.4949,46.171],[20.4592,46.1429],[20.4453,46.1417],[20.4266,46.1451],[20.3975,46.1575],[20.3943,46.1526],[20.3811,46.1578],[20.3685,46.1529],[20.3557,46.1696],[20.3126,46.1501],[20.3091,46.1563],[20.2968,46.1522],[20.2757,46.1337],[20.2716,46.1325],[20.2704,46.1273],[20.2626,46.1257],[20.2549,46.1159],[20.2494,46.1202],[20.2517,46.1266],[20.2485,46.1301],[20.233,46.1242],[20.2298,46.1292],[20.2103,46.1358],[20.2082,46.1442],[20.1817,46.1601],[20.1695,46.153],[20.1469,46.1448],[20.1365,46.1449],[20.1371,46.1476],[20.1067,46.1628],[20.1036,46.1719],[20.1059,46.1749],[20.101,46.1773],[20.0938,46.1758],[20.0636,46.1437],[20.0581,46.1479],[20.0433,46.1446],[20.0344,46.1458],[20.0298,46.1516],[20.0231,46.1734],[20.0158,46.1768],[19.9351,46.1762],[19.9149,46.164],[19.8736,46.1514],[19.8533,46.15],[19.8442,46.1414],[19.8178,46.1278],[19.8017,46.135],[19.7973,46.1395],[19.7915,46.1393],[19.7807,46.1445],[19.7717,46.1441],[19.7585,46.1479],[19.741,46.1656],[19.7342,46.1698],[19.7271,46.1681],[19.7179,46.1716],[19.7177,46.176],[19.6981,46.1879],[19.6832,46.2177],[19.6382,46.2644],[19.6892,46.3061],[19.68,46.3183],[19.6626,46.3317],[19.6561,46.347],[19.697,46.3593],[19.7223,46.3622],[19.7436,46.3503],[19.794,46.3743],[19.8195,46.389],[19.8572,46.3731],[19.8811,46.3863],[19.8852,46.4011],[19.8946,46.4087],[19.8987,46.4197],[19.8982,46.425],[19.8825,46.4445],[19.8999,46.46],[19.9011,46.468],[19.8952,46.4806],[19.886,46.4883],[19.8734,46.4941],[19.8483,46.5111],[19.8377,46.5085],[19.8096,46.506],[19.7802,46.5321],[19.8396,46.5602],[19.8923,46.5785],[19.9437,46.5484],[19.9612,46.5673],[19.9947,46.5918],[19.9894,46.6033],[19.9942,46.623],[19.991,46.6322],[19.9806,46.6372],[19.9853,46.6547],[20.0079,46.6797],[20.0115,46.6952],[20.0056,46.7037],[19.9694,46.7268],[19.9998,46.7528],[20.0247,46.7808],[20.0612,46.8064],[20.0664,46.7907]]]},"properties":{"megye":"Csongrád-Csanád"}},{"type":"Feature","geometry":{"type":"Polygon","coordinates":[[[18.0342,47.3403],[18.0536,47.3511],[18.0687,47.3551],[18.0827,47.356],[18.0882,47.3587],[18.0808,47.3659],[18.0801,47.3742],[18.084,47.3762],[18.0866,47.3846],[18.0921,47.3907],[18.106,47.3977],[18.1093,47.4019],[18.1108,47.411],[18.1051,47.4197],[18.1184,47.4252],[18.1201,47.429],[18.1142,47.4404],[18.1159,47.4446],[18.1376,47.452],[18.1513,47.4403],[18.1586,47.4411],[18.1608,47.4442],[18.1719,47.4488],[18.1798,47.4447],[18.1849,47.4451],[18.1949,47.4517],[18.1948,47.4555],[18.192,47.457],[18.1952,47.4677],[18.1889,47.4764],[18.1995,47.4768],[18.2194,47.464],[18.2414,47.4585],[18.2398,47.4527],[18.242,47.452],[18.2432,47.4459],[18.2405,47.4432],[18.2479,47.4345],[18.2615,47.4282],[18.2778,47.4241],[18.2853,47.4123],[18.3118,47.3992],[18.3263,47.4065],[18.3312,47.416],[18.3431,47.4104],[18.3777,47.4182],[18.3664,47.4265],[18.3602,47.4284],[18.3511,47.4363],[18.3511,47.4409],[18.3638,47.4536],[18.3783,47.4605],[18.3931,47.4492],[18.3998,47.4515],[18.4114,47.4649],[18.4197,47.4699],[18.428,47.4859],[18.437,47.4871],[18.4397,47.4924],[18.4493,47.4856],[18.4555,47.4864],[18.4618,47.4781],[18.4748,47.4705],[18.4753,47.4743],[18.4814,47.4763],[18.4797,47.4827],[18.483,47.4854],[18.4802,47.4892],[18.4869,47.4877],[18.493,47.4961],[18.5004,47.4939],[18.5065,47.4981],[18.5122,47.4936],[18.5187,47.4921],[18.5275,47.485],[18.5443,47.4823],[18.5307,47.4948],[18.5306,47.5013],[18.5205,47.5035],[18.5024,47.5167],[18.4966,47.5289],[18.4938,47.5281],[18.4926,47.5365],[18.4965,47.5365],[18.4852,47.549],[18.489,47.5548],[18.5217,47.556],[18.5295,47.5549],[18.5346,47.5519],[18.5491,47.5695],[18.5609,47.5673],[18.5766,47.5746],[18.5867,47.5738],[18.5929,47.5704],[18.6172,47.5648],[18.6222,47.5679],[18.6227,47.5717],[18.6301,47.5706],[18.6441,47.5733],[18.6644,47.5704],[18.6885,47.5772],[18.7,47.5611],[18.6921,47.5486],[18.6948,47.5328],[18.7298,47.4912],[18.7343,47.4923],[18.7423,47.4891],[18.7505,47.4925],[18.757,47.4878],[18.763,47.478],[18.7805,47.4654],[18.7853,47.4569],[18.7858,47.4425],[18.7907,47.435],[18.787,47.4328],[18.7899,47.426],[18.7637,47.413],[18.7576,47.4034],[18.7778,47.3898],[18.7913,47.3719],[18.8047,47.3637],[18.8197,47.3468],[18.8318,47.3391],[18.842,47.336],[18.8637,47.3191],[18.8676,47.3145],[18.8583,47.3054],[18.868,47.3055],[18.8811,47.3014],[18.8733,47.2867],[18.8801,47.2773],[18.9191,47.2745],[18.9205,47.2649],[18.9116,47.2444],[18.9101,47.2312],[18.8815,47.1961],[18.8782,47.1756],[18.8736,47.1644],[18.8748,47.1456],[18.8981,47.0761],[18.9023,47.0715],[18.9314,47.0581],[18.9469,47.0486],[18.9667,47.03],[18.9677,47.0119],[18.951,46.9922],[18.9502,46.9809],[18.9536,46.9667],[18.963,46.9491],[18.9652,46.9312],[18.9586,46.9061],[18.9478,46.8913],[18.932,46.876],[18.9254,46.8573],[18.9182,46.8573],[18.9176,46.8596],[18.9059,46.8584],[18.9043,46.8603],[18.9043,46.8569],[18.8821,46.8557],[18.861,46.85],[18.8755,46.8382],[18.8743,46.8363],[18.8694,46.8359],[18.8722,46.8336],[18.8672,46.8325],[18.8655,46.8253],[18.8622,46.8222],[18.8357,46.805],[18.8247,46.7989],[18.7952,46.7878],[18.792,46.7847],[18.7976,46.7699],[18.7892,46.771],[18.7588,46.7664],[18.7493,46.7683],[18.7455,46.7675],[18.7432,46.7622],[18.74,46.761],[18.7316,46.7614],[18.7128,46.7552],[18.7313,46.7259],[18.7252,46.7236],[18.7274,46.7214],[18.7208,46.7191],[18.7164,46.7202],[18.707,46.716],[18.6823,46.6973],[18.6739,46.6942],[18.6635,46.6937],[18.6541,46.6903],[18.6463,46.6903],[18.6369,46.6876],[18.633,46.691],[18.6341,46.6929],[18.6286,46.6921],[18.628,46.697],[18.6302,46.6967],[18.6318,46.7024],[18.6279,46.7024],[18.6252,46.7047],[18.6307,46.7058],[18.6318,46.7085],[18.6274,46.7077],[18.6273,46.7119],[18.6229,46.7134],[18.6228,46.7187],[18.6201,46.7206],[18.6223,46.7233],[18.6305,46.7245],[18.6245,46.7256],[18.6233,46.7286],[18.6172,46.7317],[18.6155,46.7373],[18.6199,46.7393],[18.6149,46.7393],[18.6144,46.7416],[18.6188,46.7416],[18.6176,46.745],[18.6115,46.748],[18.6082,46.7461],[18.6016,46.7464],[18.5855,46.7567],[18.5727,46.7593],[18.5569,46.7847],[18.5326,46.7762],[18.5183,46.7678],[18.5039,46.7639],[18.513,46.7457],[18.508,46.7445],[18.5052,46.7476],[18.503,46.7453],[18.5035,46.7475],[18.5019,46.7464],[18.5007,46.7483],[18.4902,46.7448],[18.4836,46.749],[18.478,46.7486],[18.4648,46.7413],[18.4693,46.7386],[18.4476,46.7431],[18.4193,46.7525],[18.4268,46.7681],[18.4184,46.7799],[18.421,46.7917],[18.417,46.7978],[18.4081,46.8038],[18.4035,46.7699],[18.3969,46.7702],[18.3956,46.7854],[18.3889,46.7854],[18.3857,46.782],[18.3867,46.785],[18.3822,46.7911],[18.3734,46.7868],[18.3707,46.7811],[18.3674,46.7796],[18.3713,46.7769],[18.3652,46.7746],[18.3468,46.7844],[18.3201,46.7906],[18.3093,46.7983],[18.3103,46.8132],[18.3035,46.8174],[18.2651,46.7979],[18.2646,46.7938],[18.2608,46.7907],[18.2564,46.7884],[18.2525,46.7891],[18.252,46.7845],[18.2321,46.7802],[18.2216,46.7809],[18.2108,46.7782],[18.2037,46.7922],[18.2047,46.8002],[18.1984,46.8131],[18.2052,46.8379],[18.1976,46.8645],[18.2062,46.8674],[18.1893,46.8733],[18.2133,46.8875],[18.2082,46.8958],[18.2104,46.8973],[18.203,46.9053],[18.191,46.9258],[18.1938,46.9281],[18.174,46.9463],[18.2059,46.9719],[18.2068,46.983],[18.2127,46.9994],[18.216,47.0017],[18.2282,47.0033],[18.2353,47.011],[18.2353,47.014],[18.2475,47.0157],[18.2619,47.0203],[18.2585,47.0252],[18.2391,47.0198],[18.2345,47.0293],[18.213,47.0485],[18.2036,47.0793],[18.2146,47.0874],[18.2346,47.0936],[18.2238,47.1057],[18.2235,47.124],[18.2154,47.1441],[18.2123,47.1639],[18.2218,47.1663],[18.2177,47.1739],[18.2278,47.1735],[18.221,47.1815],[18.2235,47.1986],[18.2217,47.204],[18.2256,47.2063],[18.2249,47.2139],[18.217,47.2249],[18.1969,47.2228],[18.1793,47.2372],[18.1737,47.2394],[18.1696,47.2497],[18.1718,47.2535],[18.1576,47.2644],[18.1459,47.2647],[18.1159,47.2511],[18.1059,47.2495],[18.0934,47.257],[18.0899,47.265],[18.0757,47.2797],[18.0661,47.2804],[18.0544,47.2784],[18.051,47.2841],[18.0472,47.305],[18.0644,47.3151],[18.066,47.3189],[18.0486,47.3206],[18.0401,47.3263],[18.036,47.3346],[18.0342,47.3403]]]},"properties":{"megye":"Fejér"}},{"type":"Feature","geometry":{"type":"Polygon","coordinates":[[[17.9026,47.7046],[17.8901,47.6832],[17.8969,47.6783],[17.901,47.6715],[17.8932,47.6436],[17.8877,47.6375],[17.8953,47.6265],[17.9338,47.6162],[17.9225,47.5921],[17.9125,47.5852],[17.9233,47.5811],[17.9052,47.5596],[17.9261,47.5514],[17.9289,47.556],[17.9369,47.5481],[17.9095,47.5414],[17.9038,47.544],[17.8886,47.5461],[17.8873,47.551],[17.8846,47.5499],[17.8841,47.543],[17.8871,47.5381],[17.8849,47.532],[17.889,47.5271],[17.8918,47.5282],[17.9005,47.5142],[17.9114,47.5063],[17.9069,47.5033],[17.9099,47.4979],[17.9042,47.4998],[17.8842,47.4882],[17.8895,47.4783],[17.8833,47.4798],[17.8743,47.4778],[17.8772,47.4733],[17.8734,47.4698],[17.8853,47.4638],[17.8709,47.458],[17.8761,47.4512],[17.8828,47.4527],[17.8839,47.4516],[17.8897,47.4418],[17.8876,47.4383],[17.8945,47.4304],[17.8901,47.4243],[17.8908,47.4205],[17.8847,47.4166],[17.8771,47.4036],[17.8762,47.3929],[17.8841,47.3899],[17.8776,47.3811],[17.8698,47.3795],[17.8574,47.3805],[17.8342,47.3669],[17.8337,47.3639],[17.8248,47.3604],[17.8364,47.3449],[17.8319,47.3441],[17.8265,47.3353],[17.821,47.3318],[17.8212,47.3245],[17.8144,47.3248],[17.8078,47.3221],[17.8004,47.3251],[17.7904,47.3234],[17.7881,47.3272],[17.7809,47.323],[17.7777,47.3172],[17.7801,47.3096],[17.7786,47.3008],[17.7827,47.2948],[17.7806,47.2864],[17.787,47.2792],[17.7797,47.2784],[17.7675,47.2725],[17.7653,47.274],[17.7673,47.2805],[17.7587,47.2892],[17.7606,47.3052],[17.7559,47.3147],[17.7474,47.318],[17.7396,47.3172],[17.7311,47.3209],[17.7263,47.3349],[17.7183,47.3409],[17.726,47.3467],[17.7247,47.3516],[17.7291,47.3574],[17.7441,47.3595],[17.7541,47.3649],[17.7661,47.3776],[17.7648,47.3841],[17.7694,47.3826],[17.7855,47.3893],[17.7774,47.3995],[17.7873,47.4049],[17.7873,47.4068],[17.7785,47.4216],[17.7607,47.4393],[17.7623,47.4431],[17.7558,47.4556],[17.738,47.4729],[17.7302,47.4698],[17.7325,47.4675],[17.7292,47.4659],[17.7263,47.469],[17.7264,47.4632],[17.7225,47.4617],[17.7318,47.4515],[17.7234,47.4487],[17.7194,47.4536],[17.716,47.454],[17.7133,47.4513],[17.7115,47.4528],[17.7043,47.4497],[17.7014,47.4542],[17.7123,47.4654],[17.7032,47.4733],[17.6909,47.4678],[17.6881,47.4697],[17.6826,47.4665],[17.6751,47.4722],[17.6701,47.4721],[17.6635,47.4667],[17.6637,47.4568],[17.6598,47.4556],[17.6575,47.4571],[17.6414,47.4516],[17.6424,47.4577],[17.6346,47.4542],[17.6329,47.456],[17.6306,47.4553],[17.6203,47.4654],[17.6037,47.4561],[17.5996,47.4625],[17.5887,47.4692],[17.5777,47.4599],[17.5819,47.452],[17.5586,47.4414],[17.5546,47.4455],[17.5399,47.4529],[17.5288,47.4635],[17.5264,47.4688],[17.5041,47.4449],[17.5081,47.4411],[17.5032,47.435],[17.4905,47.4295],[17.4828,47.4229],[17.4641,47.4295],[17.4586,47.4244],[17.445,47.4315],[17.448,47.4411],[17.4444,47.4509],[17.4382,47.4508],[17.4331,47.453],[17.4192,47.4673],[17.4233,47.4784],[17.4091,47.4824],[17.3917,47.4825],[17.3922,47.4852],[17.3894,47.4859],[17.3841,47.476],[17.3838,47.4679],[17.386,47.4676],[17.3829,47.4588],[17.3621,47.4436],[17.3508,47.4442],[17.3448,47.4396],[17.3419,47.4414],[17.3296,47.4397],[17.3262,47.4431],[17.3239,47.4427],[17.3123,47.4391],[17.3135,47.4364],[17.299,47.4343],[17.2991,47.4305],[17.2935,47.4293],[17.2861,47.4322],[17.2806,47.4299],[17.2743,47.4339],[17.2715,47.4328],[17.2727,47.4301],[17.271,47.432],[17.2648,47.4304],[17.2659,47.4331],[17.2625,47.4334],[17.2619,47.4353],[17.2457,47.4331],[17.2405,47.4357],[17.2395,47.4342],[17.2366,47.4349],[17.2342,47.4402],[17.2332,47.4367],[17.2303,47.439],[17.2281,47.437],[17.223,47.4389],[17.2221,47.432],[17.2013,47.4355],[17.193,47.4456],[17.1937,47.4433],[17.1908,47.4444],[17.1898,47.4421],[17.1886,47.4444],[17.183,47.4428],[17.1803,47.4401],[17.1815,47.4378],[17.176,47.4362],[17.1766,47.4335],[17.1727,47.4327],[17.1704,47.4338],[17.1726,47.4358],[17.1615,47.4341],[17.1473,47.4373],[17.1369,47.4298],[17.1335,47.4313],[17.1319,47.4279],[17.1252,47.4281],[17.1298,47.4255],[17.1256,47.4167],[17.121,47.4185],[17.1093,47.4164],[17.1056,47.4118],[17.1022,47.4121],[17.0929,47.407],[17.0866,47.408],[17.0665,47.4062],[17.0549,47.4014],[17.0501,47.3952],[17.0462,47.3955],[17.0483,47.3994],[17.0432,47.3997],[17.0474,47.401],[17.0457,47.4022],[17.0491,47.403],[17.0519,47.4075],[17.0558,47.4068],[17.0524,47.409],[17.0534,47.4121],[17.0568,47.4121],[17.0555,47.4151],[17.0583,47.4156],[17.056,47.4162],[17.0594,47.4167],[17.0577,47.4182],[17.0615,47.4213],[17.0594,47.432],[17.0626,47.4354],[17.0671,47.4351],[17.0654,47.4374],[17.0714,47.4413],[17.0661,47.4477],[17.0616,47.448],[17.0555,47.4608],[17.0545,47.4578],[17.0505,47.4581],[17.0456,47.4553],[17.0418,47.4507],[17.033,47.4475],[17.0232,47.4397],[17.0164,47.4396],[17.0115,47.4361],[17.0037,47.4348],[17.0055,47.4322],[16.9973,47.4271],[16.9984,47.4259],[16.9823,47.4218],[16.9775,47.416],[16.9697,47.4151],[16.9681,47.4117],[16.9604,47.4096],[16.9577,47.4058],[16.9554,47.4065],[16.9478,47.4007],[16.9475,47.3949],[16.9406,47.3979],[16.9317,47.4114],[16.921,47.4112],[16.9192,47.4154],[16.9153,47.4145],[16.917,47.4134],[16.9097,47.4133],[16.9112,47.419],[16.9095,47.4182],[16.9054,47.4239],[16.9055,47.4204],[16.8926,47.4198],[16.8944,47.4168],[16.8856,47.4128],[16.8734,47.4233],[16.8666,47.4235],[16.8589,47.4352],[16.8525,47.4404],[16.8482,47.4491],[16.8156,47.4355],[16.8117,47.4354],[16.8041,47.4437],[16.7909,47.4365],[16.785,47.4433],[16.7573,47.434],[16.755,47.4358],[16.7193,47.4183],[16.7229,47.4123],[16.7158,47.4091],[16.7092,47.4178],[16.7009,47.4145],[16.698,47.4179],[16.6919,47.4159],[16.6866,47.4219],[16.6782,47.4198],[16.6741,47.4258],[16.6701,47.4257],[16.6546,47.4349],[16.6467,47.447],[16.6516,47.4489],[16.6491,47.4513],[16.662,47.4557],[16.6597,47.4614],[16.6705,47.4743],[16.6523,47.5003],[16.6625,47.509],[16.669,47.5035],[16.6898,47.5104],[16.6956,47.5182],[16.7055,47.5229],[16.7032,47.5332],[16.7145,47.5396],[16.7112,47.5431],[16.7059,47.5424],[16.7041,47.5457],[16.6982,47.5456],[16.6889,47.5595],[16.684,47.5613],[16.6718,47.5599],[16.6634,47.5678],[16.6711,47.5713],[16.6713,47.5752],[16.6751,47.5788],[16.6664,47.5963],[16.6731,47.605],[16.6595,47.6061],[16.6529,47.6222],[16.635,47.6278],[16.6189,47.6258],[16.6133,47.6225],[16.5934,47.6178],[16.5725,47.6198],[16.5488,47.6336],[16.5287,47.6415],[16.5231,47.6412],[16.5144,47.6461],[16.5065,47.6384],[16.5024,47.6401],[16.4969,47.6393],[16.4926,47.6423],[16.4873,47.6418],[16.4793,47.6501],[16.4627,47.6513],[16.4514,47.6557],[16.4398,47.6567],[16.4279,47.6608],[16.4215,47.6653],[16.4434,47.6741],[16.4473,47.6963],[16.454,47.6968],[16.462,47.6827],[16.4663,47.6808],[16.4709,47.6824],[16.4747,47.6813],[16.476,47.6901],[16.4846,47.6916],[16.4872,47.698],[16.4937,47.6987],[16.4998,47.7047],[16.5041,47.7035],[16.511,47.707],[16.5169,47.7069],[16.5206,47.7123],[16.5275,47.7104],[16.5404,47.7118],[16.5522,47.7225],[16.5365,47.7366],[16.5388,47.7383],[16.5375,47.74],[16.5488,47.7432],[16.547,47.751],[16.5665,47.7516],[16.588,47.7555],[16.5926,47.7591],[16.5988,47.7561],[16.6095,47.7604],[16.6254,47.7569],[16.6343,47.7591],[16.6397,47.7483],[16.656,47.7417],[16.6581,47.7433],[16.7209,47.7354],[16.7214,47.7227],[16.749,47.6814],[16.8284,47.6827],[16.839,47.7046],[16.8555,47.7111],[16.8669,47.7217],[16.8688,47.7214],[16.8716,47.6901],[16.8752,47.6883],[16.9124,47.6877],[16.9766,47.6945],[17.0405,47.7044],[17.0931,47.7083],[17.0703,47.7282],[17.0708,47.7499],[17.0672,47.7669],[17.0638,47.7778],[17.0608,47.7776],[17.0582,47.7862],[17.051,47.794],[17.0535,47.7976],[17.0744,47.8083],[17.0597,47.8201],[17.0609,47.8227],[17.0469,47.8283],[17.0502,47.8312],[17.0465,47.8326],[17.0517,47.8379],[17.01,47.8584],[17.0177,47.8684],[17.04,47.8668],[17.0496,47.8701],[17.0487,47.8719],[17.0778,47.8775],[17.0804,47.8745],[17.0852,47.8744],[17.1042,47.8993],[17.0956,47.9043],[17.1027,47.9104],[17.1127,47.9273],[17.0909,47.9344],[17.1006,47.942],[17.117,47.9609],[17.0997,47.9672],[17.0947,47.9709],[17.1629,48.0083],[17.1932,48.0182],[17.1983,48.0177],[17.2018,48.0201],[17.2266,48.0162],[17.2361,48.0186],[17.2418,48.0225],[17.2463,48.018],[17.2484,48.0038],[17.258,47.9987],[17.2794,47.994],[17.3063,47.9961],[17.3347,47.9931],[17.3516,47.9786],[17.3641,47.9711],[17.3764,47.9586],[17.403,47.9478],[17.4115,47.9351],[17.4219,47.93],[17.4325,47.9209],[17.4369,47.9093],[17.4539,47.8853],[17.4639,47.881],[17.4783,47.8782],[17.4975,47.8676],[17.5252,47.8664],[17.5431,47.8524],[17.5434,47.8436],[17.5496,47.8322],[17.5667,47.8156],[17.5732,47.814],[17.587,47.8205],[17.6084,47.8219],[17.6334,47.8019],[17.6912,47.7733],[17.7099,47.7561],[17.7457,47.7503],[17.763,47.7494],[17.7812,47.7393],[17.8029,47.7443],[17.8275,47.74],[17.8661,47.7457],[17.8945,47.7392],[17.9026,47.7046]]]},"properties":{"megye":"Győr-Moson-Sopron"}},{"type":"Feature","geometry":{"type":"Polygon","coordinates":[[[20.8338,47.6569],[20.8374,47.6626],[20.8451,47.6567],[20.853,47.6585],[20.8544,47.6501],[20.8594,47.6458],[20.8677,47.643],[20.8768,47.6433],[20.8803,47.6489],[20.8548,47.6615],[20.8519,47.6753],[20.8576,47.676],[20.894,47.6708],[20.9021,47.6764],[20.8989,47.6802],[20.8875,47.6778],[20.8834,47.6893],[20.8871,47.698],[20.8916,47.6979],[20.8947,47.6906],[20.903,47.6859],[20.918,47.694],[20.9265,47.6962],[20.9349,47.6941],[20.9342,47.7048],[20.9434,47.7111],[20.9457,47.7103],[20.9504,47.7167],[20.9674,47.7195],[20.9871,47.7176],[20.9968,47.7205],[21.001,47.7281],[20.9956,47.7335],[20.9958,47.7381],[21.0021,47.7425],[20.9977,47.7449],[20.9962,47.7499],[21.0078,47.7573],[21.0253,47.757],[21.0334,47.7469],[21.0362,47.7465],[21.044,47.7597],[21.0418,47.7624],[21.0442,47.7654],[21.047,47.7646],[21.053,47.7737],[21.048,47.7768],[21.0498,47.7787],[21.0554,47.7778],[21.0604,47.7895],[21.0661,47.7906],[21.0672,47.8039],[21.0814,47.8208],[21.0762,47.8342],[21.0684,47.8362],[21.0586,47.8459],[21.0609,47.8485],[21.052,47.8517],[21.0602,47.8592],[21.0715,47.8583],[21.0711,47.8621],[21.0825,47.8642],[21.0867,47.8858],[21.0835,47.8904],[21.097,47.9027],[21.1215,47.9073],[21.1247,47.9148],[21.1226,47.9187],[21.1078,47.9182],[21.1029,47.9236],[21.1028,47.9198],[21.097,47.9172],[21.0942,47.9192],[21.0908,47.9185],[21.0945,47.926],[21.1118,47.9326],[21.122,47.9621],[21.1275,47.9574],[21.1345,47.9615],[21.146,47.9533],[21.1516,47.965],[21.1754,47.963],[21.1836,47.9576],[21.1944,47.9577],[21.2317,47.9407],[21.2337,47.9349],[21.2403,47.9306],[21.2616,47.9245],[21.2616,47.9119],[21.2709,47.9049],[21.2978,47.9104],[21.3042,47.913],[21.3043,47.916],[21.3204,47.9199],[21.3561,47.9215],[21.3588,47.9192],[21.3707,47.9182],[21.381,47.921],[21.4138,47.9207],[21.4184,47.9225],[21.4298,47.9227],[21.4312,47.9287],[21.4968,47.9255],[21.4994,47.9342],[21.5113,47.9339],[21.5162,47.9414],[21.5655,47.9297],[21.5536,47.906],[21.556,47.8964],[21.5546,47.8896],[21.5658,47.8886],[21.5561,47.8751],[21.5447,47.8257],[21.5445,47.7981],[21.5413,47.7905],[21.5958,47.7718],[21.6165,47.7545],[21.6158,47.7512],[21.6268,47.7467],[21.6269,47.7368],[21.6361,47.7293],[21.6778,47.7261],[21.6802,47.7306],[21.7001,47.7332],[21.7072,47.7281],[21.7191,47.7069],[21.7288,47.7089],[21.7501,47.7054],[21.7665,47.7069],[21.7715,47.7053],[21.7705,47.6973],[21.7638,47.6872],[21.7762,47.6876],[21.7959,47.6853],[21.8026,47.6741],[21.8245,47.6724],[21.8305,47.6692],[21.8362,47.6691],[21.8413,47.6697],[21.8506,47.6752],[21.8557,47.6754],[21.8585,47.6849],[21.8705,47.6884],[21.8747,47.6933],[21.8834,47.6973],[21.8877,47.7261],[21.898,47.7285],[21.9088,47.7283],[21.9243,47.7332],[21.9263,47.729],[21.932,47.7296],[21.9352,47.7253],[21.938,47.7264],[21.9418,47.7229],[21.9468,47.722],[21.9487,47.7158],[21.9576,47.7137],[21.9602,47.7091],[21.9657,47.7066],[21.987,47.7042],[21.9819,47.6937],[21.981,47.6758],[21.9933,47.6758],[21.9996,47.6669],[22.0052,47.6668],[22.0085,47.6636],[22.0113,47.6647],[22.0031,47.6493],[22.0033,47.6416],[22.009,47.6335],[22.0195,47.6295],[22.0182,47.6268],[22.0218,47.6202],[22.0269,47.6209],[22.0273,47.6274],[22.0447,47.636],[22.0618,47.66],[22.0652,47.6702],[22.0755,47.6718],[22.0835,47.6648],[22.1046,47.6581],[22.1018,47.649],[22.1073,47.6363],[22.1041,47.631],[22.1188,47.6112],[22.1184,47.604],[22.125,47.6019],[22.1282,47.598],[22.1288,47.5888],[22.1249,47.5874],[22.1144,47.5752],[22.1049,47.5727],[22.1003,47.564],[22.0937,47.5581],[22.0906,47.5574],[22.0868,47.5611],[22.0792,47.5623],[22.0553,47.5485],[22.0546,47.5469],[22.0712,47.5381],[22.0618,47.5288],[22.0451,47.5399],[22.0202,47.515],[22.0124,47.5004],[22.0072,47.4836],[22.0077,47.4757],[22.0209,47.4545],[22.0328,47.451],[22.026,47.4422],[22.0353,47.4274],[22.032,47.4263],[22.034,47.4241],[22.0298,47.4227],[22.0355,47.4132],[22.0119,47.3757],[21.9991,47.3772],[21.995,47.3809],[21.9904,47.3815],[21.9785,47.3782],[21.9753,47.3783],[21.9751,47.3801],[21.9615,47.3812],[21.953,47.3747],[21.9453,47.3752],[21.9385,47.373],[21.9397,47.3676],[21.9347,47.3603],[21.9253,47.3536],[21.9216,47.3415],[21.908,47.3288],[21.9045,47.3222],[21.8962,47.3163],[21.8848,47.2912],[21.8862,47.2897],[21.8787,47.2874],[21.8793,47.2834],[21.8882,47.2779],[21.8879,47.2721],[21.88,47.2648],[21.8701,47.2618],[21.8578,47.2438],[21.8518,47.2392],[21.8469,47.2238],[21.8581,47.2202],[21.8599,47.2034],[21.858,47.187],[21.8475,47.1845],[21.8387,47.1772],[21.831,47.1789],[21.8292,47.1748],[21.8175,47.1728],[21.812,47.1659],[21.8039,47.1463],[21.8003,47.1307],[21.7915,47.124],[21.7922,47.1199],[21.7891,47.1166],[21.7921,47.1156],[21.7892,47.113],[21.7928,47.1113],[21.7924,47.1063],[21.7718,47.1089],[21.7262,47.0985],[21.7129,47.0827],[21.7165,47.0748],[21.7053,47.0716],[21.7063,47.0699],[21.7018,47.0681],[21.7055,47.064],[21.6955,47.0603],[21.6976,47.0579],[21.6836,47.052],[21.6811,47.0455],[21.6658,47.0437],[21.657,47.0404],[21.6504,47.0408],[21.6504,47.0341],[21.6593,47.0228],[21.6521,47.0189],[21.642,47.0177],[21.6399,47.0252],[21.6348,47.0242],[21.6274,47.0205],[21.6261,47.0168],[21.6283,47.016],[21.6254,47.0134],[21.6193,47.0139],[21.6197,47.0108],[21.624,47.008],[21.6115,47.0038],[21.6035,46.9982],[21.5751,46.9989],[21.5692,47.0028],[21.5648,46.993],[21.5574,46.989],[21.5536,46.9784],[21.5628,46.9618],[21.5482,46.9591],[21.5394,46.9615],[21.5354,46.9578],[21.534,46.9518],[21.5295,46.9511],[21.5257,46.9527],[21.5242,46.9569],[21.5214,46.957],[21.5212,46.9536],[21.5179,46.9532],[21.5172,46.9514],[21.5129,46.9545],[21.5038,46.9501],[21.5011,46.9517],[21.4988,46.9495],[21.4967,46.9518],[21.4862,46.9417],[21.4834,46.9414],[21.4819,46.9437],[21.479,46.9415],[21.4721,46.9493],[21.4435,46.9564],[21.4234,46.9431],[21.4254,46.951],[21.4316,46.9517],[21.4302,46.9574],[21.4425,46.9587],[21.4386,46.9709],[21.4251,46.9689],[21.4209,46.9747],[21.415,46.9765],[21.3549,46.9798],[21.2549,47.0097],[21.2475,47.0068],[21.2471,47.0098],[21.2331,47.0231],[21.2351,47.0306],[21.2404,47.0374],[21.2318,47.0596],[21.2885,47.0818],[21.2954,47.0866],[21.2917,47.1038],[21.3076,47.1107],[21.3001,47.1174],[21.3015,47.1261],[21.2994,47.1292],[21.2939,47.1312],[21.3009,47.1509],[21.2941,47.148],[21.2728,47.1469],[21.2544,47.1472],[21.2407,47.1532],[21.23,47.1503],[21.2099,47.1652],[21.1254,47.1751],[21.1139,47.1799],[21.068,47.2074],[21.0608,47.2091],[21.0658,47.1937],[21.0517,47.1906],[21.02,47.2254],[21.0144,47.2247],[21.0097,47.232],[20.9921,47.2322],[21.017,47.2493],[21.0306,47.3562],[21.0196,47.3789],[20.992,47.4737],[20.9982,47.4847],[21.0079,47.4907],[20.9934,47.4957],[20.9934,47.5029],[20.9885,47.5089],[20.9903,47.512],[20.9832,47.5195],[20.9918,47.5245],[20.9965,47.5394],[20.9937,47.5668],[20.9757,47.5836],[20.9453,47.596],[20.9149,47.585],[20.8836,47.5824],[20.8666,47.5842],[20.8545,47.5948],[20.8424,47.5967],[20.8302,47.6183],[20.825,47.6334],[20.8277,47.6593],[20.8338,47.6569]]]},"properties":{"megye":"Hajdú-Bihar"}},{"type":"Feature","geometry":{"type":"Polygon","coordinates":[[[19.5854,47.7459],[19.5995,47.7516],[19.6121,47.7622],[19.6228,47.7595],[19.6295,47.7541],[19.6392,47.7632],[19.6426,47.7681],[19.6387,47.7693],[19.6393,47.7712],[19.6456,47.7803],[19.6325,47.8058],[19.6533,47.8134],[19.6561,47.8113],[19.6527,47.8083],[19.6587,47.8051],[19.6577,47.8029],[19.6627,47.803],[19.6639,47.8002],[19.6678,47.8028],[19.6668,47.8103],[19.6841,47.8113],[19.6865,47.8203],[19.7042,47.8158],[19.7207,47.818],[19.7157,47.8235],[19.7222,47.8305],[19.7249,47.8408],[19.73,47.8427],[19.7363,47.8502],[19.7506,47.8601],[19.7603,47.8645],[19.7643,47.8695],[19.7628,47.8801],[19.7667,47.8843],[19.7657,47.8889],[19.7594,47.8882],[19.7595,47.8913],[19.7675,47.8965],[19.7682,47.903],[19.7772,47.9048],[19.7969,47.8921],[19.8002,47.8875],[19.8138,47.8856],[19.8256,47.8756],[19.8362,47.8744],[19.8436,47.8766],[19.8482,47.8831],[19.8472,47.8872],[19.8495,47.8903],[19.8551,47.891],[19.8412,47.9013],[19.8338,47.8999],[19.8318,47.8986],[19.8348,47.8965],[19.8303,47.8961],[19.8224,47.8969],[19.8117,47.9027],[19.8095,47.9046],[19.8141,47.9072],[19.8096,47.9088],[19.8119,47.9133],[19.8092,47.9229],[19.8166,47.9228],[19.8223,47.9266],[19.8274,47.9262],[19.8359,47.9288],[19.8495,47.928],[19.8535,47.9295],[19.8637,47.9275],[19.8711,47.9305],[19.8807,47.9304],[19.8952,47.917],[19.9105,47.9191],[19.9144,47.9161],[19.9202,47.9236],[19.9225,47.9232],[19.9218,47.9183],[19.9253,47.9232],[19.9332,47.9255],[19.9409,47.944],[19.9444,47.9437],[19.9502,47.9467],[19.9586,47.9466],[19.9683,47.9503],[19.9694,47.956],[19.9641,47.9717],[19.9681,47.9735],[19.976,47.9735],[19.9784,47.9777],[19.9864,47.9802],[19.9864,47.9821],[19.9758,47.989],[19.9805,47.9982],[19.9907,47.9992],[19.9965,48.0072],[20.0055,48.0045],[20.0124,48.0063],[20.0191,48.0055],[20.0265,48.0084],[20.0317,48.0076],[20.0323,48.0095],[20.0267,48.013],[20.0267,48.0153],[20.02,48.0155],[20.016,48.0176],[20.0133,48.0242],[20.0157,48.0314],[20.0107,48.0413],[20.0136,48.0443],[20.0081,48.052],[20.0121,48.0542],[20.0183,48.0534],[20.0059,48.0581],[20.0037,48.0597],[20.0054,48.0612],[19.9992,48.062],[19.993,48.0681],[19.9863,48.0701],[19.9869,48.0758],[19.9728,48.0782],[19.9723,48.0831],[19.9746,48.085],[19.9685,48.09],[19.9765,48.0957],[19.981,48.0926],[19.989,48.0941],[19.9907,48.0967],[20.0033,48.0996],[20.0056,48.1023],[20.0187,48.1026],[20.0324,48.1078],[20.0416,48.1066],[20.0496,48.1152],[20.0475,48.1232],[20.0589,48.1239],[20.0713,48.1211],[20.0748,48.1261],[20.0783,48.1268],[20.0766,48.1298],[20.079,48.1371],[20.0847,48.1374],[20.0934,48.1434],[20.0979,48.1434],[20.0984,48.1392],[20.1012,48.138],[20.1183,48.1401],[20.1189,48.1424],[20.127,48.145],[20.1479,48.1406],[20.1501,48.136],[20.1552,48.1345],[20.1637,48.1355],[20.1676,48.1301],[20.1653,48.1271],[20.1708,48.1198],[20.1701,48.1157],[20.1775,48.1133],[20.1809,48.1144],[20.1933,48.1093],[20.2029,48.1077],[20.2,48.1028],[20.2039,48.1005],[20.2044,48.0967],[20.2213,48.0923],[20.2401,48.0936],[20.2412,48.091],[20.2452,48.0913],[20.2491,48.089],[20.2555,48.0946],[20.26,48.0946],[20.2601,48.0969],[20.2748,48.0952],[20.2806,48.0986],[20.2789,48.1005],[20.2841,48.1046],[20.2819,48.1077],[20.278,48.1085],[20.2861,48.1164],[20.2874,48.1232],[20.3027,48.1193],[20.3198,48.1236],[20.3237,48.1179],[20.3208,48.1149],[20.3264,48.1125],[20.3258,48.1099],[20.3325,48.1083],[20.3341,48.1048],[20.3387,48.1055],[20.3449,48.1032],[20.3454,48.1005],[20.3549,48.0951],[20.3566,48.0916],[20.3617,48.0923],[20.3607,48.0977],[20.3642,48.1018],[20.3631,48.1045],[20.3597,48.1049],[20.3638,48.1075],[20.3622,48.1125],[20.3743,48.1204],[20.3757,48.1291],[20.3894,48.1324],[20.3952,48.1369],[20.387,48.1499],[20.3978,48.1494],[20.4082,48.1539],[20.416,48.1496],[20.4348,48.1501],[20.4377,48.1528],[20.4462,48.1504],[20.4542,48.1507],[20.4558,48.1491],[20.4512,48.1476],[20.4636,48.141],[20.4684,48.1311],[20.4741,48.1318],[20.4758,48.1298],[20.474,48.1279],[20.4779,48.1256],[20.4783,48.1176],[20.4834,48.1157],[20.4844,48.1126],[20.4808,48.1062],[20.4847,48.1031],[20.4817,48.0959],[20.4917,48.0874],[20.497,48.0736],[20.5025,48.0674],[20.5001,48.0618],[20.4784,48.0586],[20.4812,48.0567],[20.4832,48.0479],[20.4936,48.0424],[20.4903,48.0367],[20.4905,48.0238],[20.4847,48.0189],[20.4857,48.0155],[20.4834,48.0151],[20.4804,48.0064],[20.4812,47.995],[20.4783,47.992],[20.4709,47.9917],[20.4613,47.9739],[20.4539,47.9729],[20.4516,47.9683],[20.4734,47.9578],[20.4789,47.952],[20.4879,47.9492],[20.4984,47.9411],[20.5109,47.9413],[20.5179,47.9287],[20.5116,47.9276],[20.511,47.9249],[20.5024,47.9216],[20.4939,47.9202],[20.4972,47.9183],[20.4932,47.9153],[20.4992,47.9083],[20.4974,47.9061],[20.4924,47.9084],[20.481,47.904],[20.4732,47.9102],[20.4681,47.9106],[20.463,47.9088],[20.4606,47.9042],[20.448,47.8991],[20.45,47.8899],[20.4626,47.8749],[20.4947,47.8688],[20.5031,47.8634],[20.5131,47.8385],[20.5117,47.8282],[20.5041,47.8192],[20.5018,47.8196],[20.5026,47.8066],[20.507,47.8031],[20.5075,47.7989],[20.5125,47.7977],[20.5199,47.7916],[20.5219,47.7881],[20.5201,47.7866],[20.5311,47.7735],[20.5412,47.7734],[20.5461,47.7661],[20.5501,47.7664],[20.5562,47.7633],[20.5706,47.7528],[20.5762,47.7516],[20.5962,47.7403],[20.5812,47.7302],[20.5776,47.7238],[20.569,47.7182],[20.5778,47.7116],[20.5841,47.713],[20.5891,47.7114],[20.589,47.7084],[20.5946,47.7064],[20.6028,47.6983],[20.6336,47.6907],[20.6414,47.6864],[20.673,47.6863],[20.6772,47.6942],[20.6877,47.6869],[20.7086,47.6904],[20.7187,47.6864],[20.744,47.6678],[20.7524,47.6673],[20.7639,47.6564],[20.7717,47.6544],[20.7587,47.6414],[20.7494,47.6405],[20.7328,47.643],[20.7149,47.6339],[20.7153,47.6281],[20.7207,47.6207],[20.7159,47.6132],[20.7165,47.607],[20.7031,47.6039],[20.6958,47.5979],[20.6973,47.593],[20.7093,47.5871],[20.7073,47.5794],[20.7018,47.5747],[20.6851,47.5691],[20.6638,47.5706],[20.6686,47.5611],[20.6687,47.5564],[20.6647,47.5522],[20.6125,47.5345],[20.5745,47.5135],[20.5215,47.5008],[20.5144,47.4799],[20.5068,47.4705],[20.4998,47.4663],[20.4868,47.4628],[20.4758,47.4651],[20.4685,47.4643],[20.4511,47.4534],[20.4474,47.447],[20.4481,47.4392],[20.4387,47.4319],[20.4206,47.4233],[20.3981,47.4204],[20.3891,47.4211],[20.3815,47.4243],[20.3812,47.4331],[20.3768,47.436],[20.3814,47.437],[20.3804,47.4462],[20.3634,47.4408],[20.3369,47.4426],[20.2985,47.4756],[20.2874,47.4867],[20.3021,47.5094],[20.3015,47.5176],[20.3034,47.5181],[20.2934,47.534],[20.2862,47.5433],[20.2552,47.5474],[20.2603,47.5558],[20.2425,47.5587],[20.2351,47.5624],[20.2312,47.5617],[20.2285,47.5668],[20.2317,47.5705],[20.2265,47.5738],[20.2261,47.5798],[20.2142,47.5835],[20.2086,47.6077],[20.1745,47.6074],[20.1578,47.6022],[20.1207,47.5955],[20.103,47.5898],[20.1079,47.5862],[20.1168,47.5719],[20.1318,47.5652],[20.1214,47.5612],[20.1123,47.5533],[20.0522,47.57],[20.0451,47.5702],[20.0359,47.5763],[20.0191,47.581],[20.0053,47.5942],[20.0191,47.6156],[20.0069,47.6284],[20.0035,47.6541],[20.0009,47.6548],[20.003,47.6611],[19.9973,47.671],[19.9934,47.6732],[19.9744,47.6734],[19.9707,47.6767],[19.9618,47.6673],[19.9312,47.6616],[19.9114,47.6544],[19.8896,47.6614],[19.8849,47.6656],[19.8766,47.6681],[19.8692,47.6401],[19.872,47.6309],[19.8451,47.6212],[19.8364,47.6058],[19.8299,47.6036],[19.8186,47.5939],[19.7728,47.6162],[19.7683,47.6161],[19.7584,47.6211],[19.742,47.6202],[19.7022,47.6066],[19.7049,47.5858],[19.6959,47.585],[19.6919,47.588],[19.6792,47.5917],[19.6667,47.5885],[19.6537,47.5987],[19.6567,47.6165],[19.6433,47.6303],[19.6428,47.6349],[19.6372,47.6372],[19.6444,47.6463],[19.6239,47.6506],[19.6144,47.6552],[19.6076,47.6613],[19.6077,47.6674],[19.5916,47.6881],[19.6013,47.6934],[19.595,47.6972],[19.5996,47.7029],[19.6041,47.7018],[19.607,47.712],[19.5711,47.735],[19.5854,47.7459]]]},"properties":{"megye":"Heves"}},{"type":"Feature","geometry":{"type":"Polygon","coordinates":[[[17.9203,47.744],[17.9469,47.7447],[17.9602,47.7536],[17.9709,47.7578],[17.9782,47.7568],[18.0027,47.7463],[18.0381,47.7577],[18.0872,47.7566],[18.1449,47.7487],[18.1767,47.7409],[18.197,47.7399],[18.2212,47.7424],[18.2676,47.7374],[18.2784,47.7329],[18.2959,47.7315],[18.3702,47.7441],[18.3944,47.7519],[18.4282,47.7551],[18.4541,47.7651],[18.4693,47.7633],[18.4858,47.7542],[18.4932,47.7528],[18.5247,47.7578],[18.5405,47.7648],[18.5591,47.766],[18.5743,47.7649],[18.6105,47.7582],[18.6461,47.7591],[18.6822,47.7676],[18.708,47.7821],[18.7187,47.7848],[18.7261,47.789],[18.7311,47.7955],[18.7333,47.8085],[18.7412,47.8138],[18.7672,47.8173],[18.775,47.8211],[18.792,47.8231],[18.8084,47.8216],[18.8169,47.8186],[18.8485,47.8167],[18.8485,47.8182],[18.8508,47.8144],[18.8819,47.8107],[18.9023,47.8023],[18.9057,47.7966],[18.9103,47.7734],[18.9137,47.7696],[18.9272,47.7651],[18.9233,47.7605],[18.925,47.7498],[18.9199,47.7403],[18.9245,47.7357],[18.9312,47.7338],[18.9341,47.7281],[18.942,47.7247],[18.933,47.7144],[18.9211,47.7098],[18.9048,47.719],[18.8935,47.7208],[18.8867,47.7205],[18.8828,47.7159],[18.8749,47.7151],[18.8687,47.7174],[18.8664,47.7155],[18.8534,47.7139],[18.8518,47.7117],[18.8552,47.7067],[18.8518,47.6991],[18.8558,47.6968],[18.8468,47.6926],[18.8598,47.6782],[18.8638,47.6686],[18.8621,47.6565],[18.8661,47.6534],[18.8649,47.6511],[18.8435,47.6568],[18.8294,47.6537],[18.8204,47.6568],[18.812,47.6571],[18.8018,47.6643],[18.7803,47.6712],[18.7815,47.667],[18.7787,47.6609],[18.7601,47.6589],[18.7483,47.6612],[18.7742,47.6483],[18.776,47.6437],[18.7822,47.6396],[18.7726,47.6372],[18.7709,47.6384],[18.7434,47.6235],[18.7389,47.6147],[18.7204,47.6086],[18.7211,47.5949],[18.698,47.5849],[18.6885,47.5772],[18.6644,47.5704],[18.6441,47.5733],[18.6301,47.5706],[18.6227,47.5717],[18.6222,47.5679],[18.6172,47.5648],[18.5929,47.5704],[18.5867,47.5738],[18.5766,47.5746],[18.5609,47.5673],[18.5491,47.5695],[18.5346,47.5519],[18.5295,47.5549],[18.5217,47.556],[18.489,47.5548],[18.4852,47.549],[18.4965,47.5365],[18.4926,47.5365],[18.4938,47.5281],[18.4966,47.5289],[18.5024,47.5167],[18.5205,47.5035],[18.5306,47.5013],[18.5307,47.4948],[18.5443,47.4823],[18.5275,47.485],[18.5187,47.4921],[18.5122,47.4936],[18.5065,47.4981],[18.5004,47.4939],[18.493,47.4961],[18.4869,47.4877],[18.4802,47.4892],[18.483,47.4854],[18.4797,47.4827],[18.4814,47.4763],[18.4753,47.4743],[18.4748,47.4705],[18.4618,47.4781],[18.4555,47.4864],[18.4493,47.4856],[18.4397,47.4924],[18.437,47.4871],[18.428,47.4859],[18.4197,47.4699],[18.4114,47.4649],[18.3998,47.4515],[18.3931,47.4492],[18.3783,47.4605],[18.3638,47.4536],[18.3511,47.4409],[18.3511,47.4363],[18.3602,47.4284],[18.3664,47.4265],[18.3777,47.4182],[18.3431,47.4104],[18.3312,47.416],[18.3263,47.4065],[18.3118,47.3992],[18.2853,47.4123],[18.2778,47.4241],[18.2615,47.4282],[18.2479,47.4345],[18.2405,47.4432],[18.2432,47.4459],[18.242,47.452],[18.2398,47.4527],[18.2414,47.4585],[18.2194,47.464],[18.1995,47.4768],[18.1889,47.4764],[18.1952,47.4677],[18.192,47.457],[18.1948,47.4555],[18.1949,47.4517],[18.1849,47.4451],[18.1798,47.4447],[18.1719,47.4488],[18.1608,47.4442],[18.1586,47.4411],[18.1513,47.4403],[18.1376,47.452],[18.1159,47.4446],[18.1142,47.4404],[18.1201,47.429],[18.1184,47.4252],[18.1051,47.4197],[18.1108,47.411],[18.1093,47.4019],[18.106,47.3977],[18.0921,47.3907],[18.0866,47.3846],[18.084,47.3762],[18.0801,47.3742],[18.0808,47.3659],[18.0882,47.3587],[18.0827,47.356],[18.0687,47.3551],[18.0536,47.3511],[18.0342,47.3403],[18.036,47.3346],[18.0293,47.3342],[18.0202,47.3398],[18.0035,47.3381],[17.9946,47.3339],[17.9889,47.3372],[17.9755,47.3375],[17.9721,47.3394],[17.9615,47.3336],[17.9618,47.348],[17.9567,47.3529],[17.9357,47.363],[17.9273,47.3618],[17.934,47.3657],[17.9457,47.3669],[17.9507,47.3696],[17.9494,47.3791],[17.9421,47.3817],[17.9341,47.3885],[17.9285,47.3873],[17.9155,47.3895],[17.9056,47.3829],[17.9,47.3832],[17.8841,47.3899],[17.8762,47.3929],[17.8771,47.4036],[17.8847,47.4166],[17.8908,47.4205],[17.8901,47.4243],[17.8945,47.4304],[17.8876,47.4383],[17.8897,47.4418],[17.8839,47.4516],[17.8828,47.4527],[17.8761,47.4512],[17.8709,47.458],[17.8853,47.4638],[17.8734,47.4698],[17.8772,47.4733],[17.8743,47.4778],[17.8833,47.4798],[17.8895,47.4783],[17.8842,47.4882],[17.9042,47.4998],[17.9099,47.4979],[17.9069,47.5033],[17.9114,47.5063],[17.9005,47.5142],[17.8918,47.5282],[17.889,47.5271],[17.8849,47.532],[17.8871,47.5381],[17.8841,47.543],[17.8846,47.5499],[17.8873,47.551],[17.8886,47.5461],[17.9038,47.544],[17.9095,47.5414],[17.9369,47.5481],[17.9289,47.556],[17.9261,47.5514],[17.9052,47.5596],[17.9233,47.5811],[17.9125,47.5852],[17.9225,47.5921],[17.9338,47.6162],[17.8953,47.6265],[17.8877,47.6375],[17.8932,47.6436],[17.901,47.6715],[17.8969,47.6783],[17.8901,47.6832],[17.9026,47.7046],[17.8945,47.7392],[17.9203,47.744]]]},"properties":{"megye":"Komárom-Esztergom"}},{"type":"Feature","geometry":{"type":"Polygon","coordinates":[[[18.9439,48.0589],[18.9654,48.0571],[18.9684,48.0584],[18.9816,48.0536],[18.9913,48.0578],[18.9906,48.0619],[18.9959,48.068],[19.0089,48.07],[19.0078,48.0737],[19.0127,48.0733],[19.0084,48.0747],[19.0089,48.0762],[19.0116,48.075],[19.0149,48.0782],[19.0182,48.0779],[19.0148,48.0757],[19.021,48.0741],[19.0205,48.0709],[19.0238,48.073],[19.0302,48.0673],[19.0325,48.0683],[19.0333,48.0645],[19.0356,48.0666],[19.039,48.0649],[19.0462,48.0665],[19.0585,48.0574],[19.0655,48.0646],[19.0785,48.0674],[19.0844,48.0728],[19.0898,48.0725],[19.0987,48.0675],[19.1074,48.0656],[19.119,48.0665],[19.1274,48.0736],[19.1353,48.0741],[19.1426,48.0725],[19.1447,48.0691],[19.1502,48.067],[19.1582,48.0651],[19.1662,48.0656],[19.1812,48.0613],[19.1903,48.0604],[19.2128,48.0644],[19.2229,48.062],[19.2284,48.0566],[19.2414,48.0537],[19.2483,48.0582],[19.249,48.0636],[19.2558,48.0716],[19.2652,48.0742],[19.2767,48.0739],[19.2839,48.0821],[19.3031,48.0887],[19.3147,48.0873],[19.329,48.0905],[19.3515,48.0887],[19.3558,48.0908],[19.3615,48.0881],[19.3654,48.0889],[19.3696,48.0859],[19.3736,48.0873],[19.3716,48.0897],[19.3866,48.0919],[19.3874,48.0894],[19.3919,48.0878],[19.3898,48.0863],[19.395,48.0866],[19.3957,48.0837],[19.3983,48.0847],[19.4,48.0823],[19.4019,48.0855],[19.4052,48.0852],[19.4091,48.089],[19.4142,48.089],[19.416,48.0872],[19.4226,48.0897],[19.4252,48.0888],[19.4344,48.0958],[19.4355,48.0997],[19.4541,48.1014],[19.4543,48.0986],[19.457,48.0978],[19.4516,48.0967],[19.4518,48.0917],[19.4557,48.0878],[19.4609,48.0867],[19.4613,48.0832],[19.4674,48.0839],[19.4683,48.092],[19.472,48.0946],[19.4793,48.0949],[19.4872,48.0995],[19.4846,48.1052],[19.4944,48.1099],[19.4909,48.1124],[19.4947,48.1147],[19.492,48.1179],[19.4971,48.1248],[19.4941,48.1271],[19.4965,48.1352],[19.4924,48.1397],[19.4972,48.141],[19.4974,48.1432],[19.5001,48.1419],[19.5009,48.1456],[19.5082,48.1476],[19.5128,48.1547],[19.5098,48.1689],[19.5045,48.1734],[19.5096,48.175],[19.5074,48.1782],[19.5118,48.1775],[19.5131,48.1823],[19.5146,48.1811],[19.5166,48.1835],[19.5229,48.1838],[19.529,48.1904],[19.526,48.2031],[19.5413,48.2093],[19.547,48.2057],[19.5671,48.2154],[19.5775,48.216],[19.5926,48.2278],[19.6023,48.2316],[19.6082,48.239],[19.6194,48.2424],[19.6308,48.2501],[19.6443,48.2416],[19.6445,48.2392],[19.6544,48.2381],[19.6602,48.2415],[19.6699,48.2392],[19.6758,48.2244],[19.6747,48.2197],[19.6799,48.2167],[19.6799,48.213],[19.6913,48.207],[19.6912,48.2039],[19.7019,48.2038],[19.7066,48.201],[19.7103,48.2025],[19.7211,48.2015],[19.7349,48.2152],[19.7462,48.2165],[19.7607,48.2138],[19.7667,48.2057],[19.7727,48.2054],[19.7813,48.201],[19.7863,48.1966],[19.7872,48.1925],[19.7987,48.1948],[19.8053,48.1837],[19.7887,48.1733],[19.7896,48.1683],[19.7824,48.165],[19.7948,48.1535],[19.8065,48.1541],[19.8066,48.1621],[19.8122,48.1634],[19.8138,48.167],[19.8213,48.1691],[19.8299,48.1669],[19.8307,48.1649],[19.8274,48.1637],[19.8453,48.1627],[19.8439,48.168],[19.8504,48.1715],[19.852,48.1775],[19.8552,48.1784],[19.8584,48.1751],[19.8561,48.1712],[19.8601,48.1694],[19.8681,48.1715],[19.8754,48.1696],[19.8792,48.1704],[19.8824,48.1641],[19.8987,48.1663],[19.9059,48.1513],[19.9145,48.1469],[19.9104,48.1432],[19.9103,48.1397],[19.9021,48.1366],[19.9016,48.132],[19.898,48.1295],[19.9004,48.1241],[19.9083,48.1295],[19.9158,48.1285],[19.9337,48.132],[19.9374,48.1311],[19.9371,48.1372],[19.9467,48.1431],[19.9516,48.1515],[19.9636,48.152],[19.9744,48.166],[19.9809,48.1656],[19.9887,48.1622],[19.9914,48.1684],[19.9976,48.1685],[20.0035,48.1723],[20.0122,48.1723],[20.0162,48.1739],[20.0163,48.1759],[20.029,48.1777],[20.043,48.1731],[20.0443,48.1673],[20.0519,48.1677],[20.0546,48.1662],[20.0586,48.1681],[20.062,48.1673],[20.0657,48.1547],[20.0725,48.1531],[20.0765,48.1554],[20.0805,48.1519],[20.0879,48.1533],[20.0934,48.1434],[20.0847,48.1374],[20.079,48.1371],[20.0766,48.1298],[20.0783,48.1268],[20.0748,48.1261],[20.0713,48.1211],[20.0589,48.1239],[20.0475,48.1232],[20.0496,48.1152],[20.0416,48.1066],[20.0324,48.1078],[20.0187,48.1026],[20.0056,48.1023],[20.0033,48.0996],[19.9907,48.0967],[19.989,48.0941],[19.981,48.0926],[19.9765,48.0957],[19.9685,48.09],[19.9746,48.085],[19.9723,48.0831],[19.9728,48.0782],[19.9869,48.0758],[19.9863,48.0701],[19.993,48.0681],[19.9992,48.062],[20.0054,48.0612],[20.0037,48.0597],[20.0059,48.0581],[20.0183,48.0534],[20.0121,48.0542],[20.0081,48.052],[20.0136,48.0443],[20.0107,48.0413],[20.0157,48.0314],[20.0133,48.0242],[20.016,48.0176],[20.02,48.0155],[20.0267,48.0153],[20.0267,48.013],[20.0323,48.0095],[20.0317,48.0076],[20.0265,48.0084],[20.0191,48.0055],[20.0124,48.0063],[20.0055,48.0045],[19.9965,48.0072],[19.9907,47.9992],[19.9805,47.9982],[19.9758,47.989],[19.9864,47.9821],[19.9864,47.9802],[19.9784,47.9777],[19.976,47.9735],[19.9681,47.9735],[19.9641,47.9717],[19.9694,47.956],[19.9683,47.9503],[19.9586,47.9466],[19.9502,47.9467],[19.9444,47.9437],[19.9409,47.944],[19.9332,47.9255],[19.9253,47.9232],[19.9218,47.9183],[19.9225,47.9232],[19.9202,47.9236],[19.9144,47.9161],[19.9105,47.9191],[19.8952,47.917],[19.8807,47.9304],[19.8711,47.9305],[19.8637,47.9275],[19.8535,47.9295],[19.8495,47.928],[19.8359,47.9288],[19.8274,47.9262],[19.8223,47.9266],[19.8166,47.9228],[19.8092,47.9229],[19.8119,47.9133],[19.8096,47.9088],[19.8141,47.9072],[19.8095,47.9046],[19.8117,47.9027],[19.8224,47.8969],[19.8303,47.8961],[19.8348,47.8965],[19.8318,47.8986],[19.8338,47.8999],[19.8412,47.9013],[19.8551,47.891],[19.8495,47.8903],[19.8472,47.8872],[19.8482,47.8831],[19.8436,47.8766],[19.8362,47.8744],[19.8256,47.8756],[19.8138,47.8856],[19.8002,47.8875],[19.7969,47.8921],[19.7772,47.9048],[19.7682,47.903],[19.7675,47.8965],[19.7595,47.8913],[19.7594,47.8882],[19.7657,47.8889],[19.7667,47.8843],[19.7628,47.8801],[19.7643,47.8695],[19.7603,47.8645],[19.7506,47.8601],[19.7363,47.8502],[19.73,47.8427],[19.7249,47.8408],[19.7222,47.8305],[19.7157,47.8235],[19.7207,47.818],[19.7042,47.8158],[19.6865,47.8203],[19.6841,47.8113],[19.6668,47.8103],[19.6678,47.8028],[19.6639,47.8002],[19.6627,47.803],[19.6577,47.8029],[19.6587,47.8051],[19.6527,47.8083],[19.6561,47.8113],[19.6533,47.8134],[19.6325,47.8058],[19.6456,47.7803],[19.6393,47.7712],[19.6387,47.7693],[19.6426,47.7681],[19.6392,47.7632],[19.6295,47.7541],[19.6228,47.7595],[19.6121,47.7622],[19.5995,47.7516],[19.5854,47.7459],[19.5711,47.735],[19.5413,47.7465],[19.5311,47.7375],[19.5271,47.7306],[19.5203,47.7284],[19.5186,47.7234],[19.5067,47.7216],[19.4937,47.7167],[19.4897,47.7071],[19.5054,47.706],[19.5089,47.704],[19.511,47.6975],[19.4777,47.6878],[19.4682,47.7023],[19.466,47.7118],[19.4525,47.7153],[19.4339,47.7387],[19.4347,47.7496],[19.4444,47.7557],[19.4471,47.7628],[19.4443,47.7688],[19.4336,47.7693],[19.4241,47.7729],[19.4156,47.7714],[19.4161,47.7785],[19.4208,47.7804],[19.4269,47.7966],[19.4464,47.8025],[19.425,47.8167],[19.412,47.8159],[19.394,47.8221],[19.381,47.8214],[19.3762,47.8187],[19.3555,47.8188],[19.3302,47.8318],[19.3245,47.8326],[19.2759,47.825],[19.2602,47.8276],[19.2528,47.8254],[19.2339,47.827],[19.2312,47.8251],[19.2222,47.8316],[19.2205,47.8354],[19.2086,47.8389],[19.2081,47.8419],[19.1804,47.8492],[19.1781,47.8469],[19.1685,47.8488],[19.167,47.8453],[19.1638,47.8445],[19.1429,47.8492],[19.1089,47.8506],[19.1009,47.8472],[19.0988,47.8419],[19.0865,47.8382],[19.0871,47.8401],[19.0746,47.8451],[19.0735,47.8538],[19.065,47.8588],[19.0531,47.8588],[19.048,47.8614],[19.0435,47.874],[19.0458,47.8782],[19.0356,47.8831],[19.0282,47.89],[19.0135,47.8919],[19.0033,47.898],[18.9869,47.9151],[18.9739,47.9178],[18.9676,47.9216],[18.9614,47.9265],[18.958,47.9345],[18.9432,47.944],[18.9489,47.9489],[18.941,47.9543],[18.9942,47.9794],[18.9891,47.9878],[19.005,47.9916],[19.0021,48.0042],[19.0072,48.0103],[19.0004,48.0099],[19.0055,48.0171],[19.0007,48.0187],[18.9955,48.0274],[18.9903,48.0293],[18.981,48.0281],[18.9754,48.0244],[18.9681,48.0284],[18.9623,48.0287],[18.9588,48.0268],[18.9281,48.0571],[18.9439,48.0589]]]},"properties":{"megye":"Nógrád"}},{"type":"Feature","geometry":{"type":"Polygon","coordinates":[[[18.698,47.5849],[18.7211,47.5949],[18.7204,47.6086],[18.7389,47.6147],[18.7434,47.6235],[18.7709,47.6384],[18.7726,47.6372],[18.7822,47.6396],[18.776,47.6437],[18.7742,47.6483],[18.7483,47.6612],[18.7601,47.6589],[18.7787,47.6609],[18.7815,47.667],[18.7803,47.6712],[18.8018,47.6643],[18.812,47.6571],[18.8204,47.6568],[18.8294,47.6537],[18.8435,47.6568],[18.8649,47.6511],[18.8661,47.6534],[18.8621,47.6565],[18.8638,47.6686],[18.8598,47.6782],[18.8468,47.6926],[18.8558,47.6968],[18.8518,47.6991],[18.8552,47.7067],[18.8518,47.7117],[18.8534,47.7139],[18.8664,47.7155],[18.8687,47.7174],[18.8749,47.7151],[18.8828,47.7159],[18.8867,47.7205],[18.8935,47.7208],[18.9048,47.719],[18.9211,47.7098],[18.933,47.7144],[18.942,47.7247],[18.9341,47.7281],[18.9312,47.7338],[18.9245,47.7357],[18.9199,47.7403],[18.925,47.7498],[18.9233,47.7605],[18.9272,47.7651],[18.9137,47.7696],[18.9103,47.7734],[18.9057,47.7966],[18.9023,47.8023],[18.8819,47.8107],[18.8508,47.8144],[18.8485,47.8182],[18.8559,47.8273],[18.8504,47.8301],[18.8403,47.8289],[18.828,47.8343],[18.8281,47.8372],[18.8225,47.8421],[18.8217,47.8505],[18.8136,47.8556],[18.7959,47.8584],[18.7928,47.8654],[18.7822,47.8652],[18.7781,47.8696],[18.7694,47.8685],[18.769,47.8718],[18.7633,47.8718],[18.7645,47.8817],[18.7608,47.8952],[18.7568,47.8976],[18.7629,47.9037],[18.7587,47.9054],[18.7627,47.9096],[18.7574,47.9181],[18.7592,47.9216],[18.774,47.9323],[18.7714,47.9339],[18.7738,47.9382],[18.7717,47.949],[18.7767,47.9556],[18.7722,47.9623],[18.7562,47.9714],[18.7549,47.9756],[18.7688,47.9852],[18.7773,47.9842],[18.7875,47.9869],[18.8008,47.9853],[18.8157,47.9934],[18.8177,47.9968],[18.8155,47.9972],[18.8213,48.0063],[18.8172,48.011],[18.8156,48.0214],[18.8245,48.0279],[18.8266,48.032],[18.82,48.0397],[18.8229,48.0431],[18.8291,48.0415],[18.8333,48.0482],[18.8379,48.0467],[18.8403,48.0506],[18.8456,48.0526],[18.8539,48.0482],[18.8602,48.0501],[18.8749,48.0471],[18.8755,48.0488],[18.8852,48.0503],[18.8833,48.052],[18.8867,48.0587],[18.8917,48.0541],[18.909,48.0511],[18.9281,48.0571],[18.9588,48.0268],[18.9623,48.0287],[18.9681,48.0284],[18.9754,48.0244],[18.981,48.0281],[18.9903,48.0293],[18.9955,48.0274],[19.0007,48.0187],[19.0055,48.0171],[19.0004,48.0099],[19.0072,48.0103],[19.0021,48.0042],[19.005,47.9916],[18.9891,47.9878],[18.9942,47.9794],[18.941,47.9543],[18.9489,47.9489],[18.9432,47.944],[18.958,47.9345],[18.9614,47.9265],[18.9676,47.9216],[18.9739,47.9178],[18.9869,47.9151],[19.0033,47.898],[19.0135,47.8919],[19.0282,47.89],[19.0356,47.8831],[19.0458,47.8782],[19.0435,47.874],[19.048,47.8614],[19.0531,47.8588],[19.065,47.8588],[19.0735,47.8538],[19.0746,47.8451],[19.0871,47.8401],[19.0865,47.8382],[19.0988,47.8419],[19.1009,47.8472],[19.1089,47.8506],[19.1429,47.8492],[19.1638,47.8445],[19.167,47.8453],[19.1685,47.8488],[19.1781,47.8469],[19.1804,47.8492],[19.2081,47.8419],[19.2086,47.8389],[19.2205,47.8354],[19.2222,47.8316],[19.2312,47.8251],[19.2339,47.827],[19.2528,47.8254],[19.2602,47.8276],[19.2759,47.825],[19.3245,47.8326],[19.3302,47.8318],[19.3555,47.8188],[19.3762,47.8187],[19.381,47.8214],[19.394,47.8221],[19.412,47.8159],[19.425,47.8167],[19.4464,47.8025],[19.4269,47.7966],[19.4208,47.7804],[19.4161,47.7785],[19.4156,47.7714],[19.4241,47.7729],[19.4336,47.7693],[19.4443,47.7688],[19.4471,47.7628],[19.4444,47.7557],[19.4347,47.7496],[19.4339,47.7387],[19.4525,47.7153],[19.466,47.7118],[19.4682,47.7023],[19.4777,47.6878],[19.511,47.6975],[19.5089,47.704],[19.5054,47.706],[19.4897,47.7071],[19.4937,47.7167],[19.5067,47.7216],[19.5186,47.7234],[19.5203,47.7284],[19.5271,47.7306],[19.5311,47.7375],[19.5413,47.7465],[19.5711,47.735],[19.607,47.712],[19.6041,47.7018],[19.5996,47.7029],[19.595,47.6972],[19.6013,47.6934],[19.5916,47.6881],[19.6077,47.6674],[19.6076,47.6613],[19.6144,47.6552],[19.6239,47.6506],[19.6444,47.6463],[19.6372,47.6372],[19.6428,47.6349],[19.6433,47.6303],[19.6567,47.6165],[19.6537,47.5987],[19.6667,47.5885],[19.658,47.5761],[19.6554,47.5651],[19.6514,47.5622],[19.659,47.5588],[19.6528,47.5476],[19.6842,47.5327],[19.7016,47.5173],[19.7086,47.5182],[19.7192,47.5288],[19.728,47.5309],[19.7379,47.539],[19.7465,47.5321],[19.758,47.5358],[19.7676,47.5301],[19.7771,47.5386],[19.7906,47.5312],[19.7832,47.5237],[19.7814,47.5247],[19.7714,47.5174],[19.7627,47.5009],[19.7473,47.4889],[19.759,47.4812],[19.8121,47.4559],[19.8241,47.4373],[19.8216,47.429],[19.8394,47.4252],[19.855,47.4136],[19.9229,47.3825],[19.9475,47.375],[19.9668,47.3667],[19.9815,47.3521],[19.9912,47.3462],[19.9895,47.3357],[20.0121,47.3067],[20.0165,47.3046],[20.0163,47.2989],[20.0044,47.2842],[19.9887,47.2531],[20.0315,47.2434],[20.0445,47.2382],[20.0657,47.2248],[20.08,47.221],[20.0799,47.2105],[20.085,47.2079],[20.0993,47.1818],[20.0849,47.1651],[20.0558,47.1456],[20.0477,47.1251],[20.0586,47.1085],[20.0533,47.1056],[20.0662,47.0937],[20.0648,47.0891],[20.0753,47.084],[20.0919,47.0441],[20.108,47.0396],[20.1127,47.033],[20.0945,47.0076],[20.0697,47.0196],[20.0607,47.0132],[20.0266,47.0074],[19.9997,46.9985],[19.9828,46.983],[19.9835,46.9628],[19.9536,46.9722],[19.9342,46.9727],[19.927,46.9751],[19.9082,46.9817],[19.8767,46.9979],[19.8613,46.9706],[19.8403,46.9445],[19.8292,46.9446],[19.8021,46.9554],[19.7797,46.9487],[19.7356,46.973],[19.6897,46.9942],[19.6367,47.0383],[19.6205,47.0825],[19.5874,47.1211],[19.57,47.1086],[19.5617,47.1075],[19.5327,47.1115],[19.506,47.1192],[19.4935,47.0964],[19.4861,47.0724],[19.4748,47.0553],[19.462,47.0535],[19.4292,47.0639],[19.3744,47.0328],[19.3582,47.0329],[19.3331,47.0268],[19.3253,47.0227],[19.3191,47.0128],[19.2953,47.0361],[19.3144,47.0669],[19.3289,47.076],[19.348,47.0934],[19.3119,47.1206],[19.2985,47.1259],[19.2823,47.1283],[19.269,47.1344],[19.2372,47.131],[19.2091,47.0892],[19.2025,47.0975],[19.164,47.0957],[19.159,47.0907],[19.1434,47.0828],[19.1322,47.0717],[19.1065,47.0675],[19.0982,47.063],[19.0987,47.0542],[19.0954,47.0455],[19.0731,47.0379],[19.0698,47.0344],[19.0642,47.0386],[19.0241,47.0489],[19.0202,47.0542],[18.9566,47.0641],[18.9578,47.0561],[18.9733,47.0462],[18.9773,47.0413],[18.9667,47.03],[18.9469,47.0486],[18.9314,47.0581],[18.9023,47.0715],[18.8981,47.0761],[18.8748,47.1456],[18.8736,47.1644],[18.8782,47.1756],[18.8815,47.1961],[18.9101,47.2312],[18.9116,47.2444],[18.9205,47.2649],[18.9191,47.2745],[18.8801,47.2773],[18.8733,47.2867],[18.8811,47.3014],[18.868,47.3055],[18.8583,47.3054],[18.8676,47.3145],[18.8637,47.3191],[18.842,47.336],[18.8318,47.3391],[18.8197,47.3468],[18.8047,47.3637],[18.7913,47.3719],[18.7778,47.3898],[18.7576,47.4034],[18.7637,47.413],[18.7899,47.426],[18.787,47.4328],[18.7907,47.435],[18.7858,47.4425],[18.7853,47.4569],[18.7805,47.4654],[18.763,47.478],[18.757,47.4878],[18.7505,47.4925],[18.7423,47.4891],[18.7343,47.4923],[18.7298,47.4912],[18.6948,47.5328],[18.6921,47.5486],[18.7,47.5611],[18.6885,47.5772],[18.698,47.5849]],[[18.9298,47.5418],[18.9358,47.5433],[18.9353,47.5226],[18.9304,47.5246],[18.9269,47.5223],[18.9335,47.5207],[18.9353,47.5226],[18.9442,47.518],[18.9338,47.5071],[18.9437,47.5037],[18.9454,47.4991],[18.9446,47.4971],[18.9399,47.4978],[18.9357,47.4915],[18.9477,47.4823],[18.9549,47.4864],[18.9612,47.4845],[18.9791,47.4686],[18.9827,47.4608],[18.9811,47.4552],[18.9699,47.4511],[18.9788,47.4473],[18.977,47.4309],[18.9572,47.4188],[18.9625,47.3993],[18.9542,47.3972],[18.9514,47.3923],[18.9552,47.3783],[18.9623,47.3729],[18.9763,47.3825],[18.996,47.3872],[19.0189,47.3901],[19.0231,47.3865],[19.0279,47.3882],[19.0301,47.3852],[19.0382,47.3882],[19.0439,47.3849],[19.048,47.3887],[19.051,47.3872],[19.0539,47.3934],[19.0622,47.3914],[19.0648,47.3935],[19.0607,47.3976],[19.0752,47.404],[19.0836,47.4048],[19.0939,47.3911],[19.1053,47.387],[19.0982,47.3787],[19.1282,47.3598],[19.1405,47.3497],[19.1507,47.3567],[19.1797,47.3611],[19.1926,47.374],[19.2061,47.3956],[19.2157,47.4031],[19.218,47.4009],[19.2264,47.4075],[19.2174,47.4128],[19.232,47.4241],[19.2354,47.4229],[19.2365,47.4261],[19.2382,47.4223],[19.2472,47.4192],[19.255,47.4291],[19.2601,47.4272],[19.2658,47.4382],[19.2809,47.4363],[19.2923,47.4506],[19.3013,47.4572],[19.3304,47.4598],[19.3349,47.4632],[19.3311,47.4675],[19.3298,47.4777],[19.3142,47.493],[19.3142,47.503],[19.3211,47.5104],[19.3187,47.5154],[19.2964,47.5113],[19.2638,47.5083],[19.2588,47.5205],[19.2454,47.5369],[19.2211,47.5327],[19.2094,47.5404],[19.2038,47.5377],[19.1987,47.54],[19.1951,47.5376],[19.1908,47.5393],[19.1774,47.5461],[19.1808,47.5482],[19.1611,47.5595],[19.1744,47.5643],[19.1578,47.5762],[19.1516,47.5739],[19.1454,47.5781],[19.1538,47.585],[19.1381,47.5956],[19.1404,47.5964],[19.1381,47.5998],[19.128,47.598],[19.1086,47.6058],[19.1091,47.6104],[19.0993,47.6131],[19.0746,47.5891],[19.0712,47.5903],[19.0761,47.6058],[19.0747,47.6075],[19.0393,47.6098],[19.0253,47.6046],[19.0312,47.5988],[19.0345,47.5869],[19.0199,47.5876],[19.0008,47.5835],[18.997,47.5859],[18.9938,47.5837],[18.983,47.589],[18.9778,47.5857],[18.9834,47.5837],[18.9835,47.581],[18.9776,47.5739],[18.9596,47.5779],[18.9426,47.5789],[18.9395,47.5756],[18.9288,47.5724],[18.9378,47.5579],[18.9342,47.5555],[18.9403,47.5529],[18.9407,47.5507],[18.9262,47.5435],[18.9298,47.5418]]]},"properties":{"megye":"Pest"}},{"type":"Feature","geometry":{"type":"Polygon","coordinates":[[[16.8781,46.3205],[16.8763,46.3251],[16.8856,46.3241],[16.8869,46.3196],[16.8936,46.3174],[16.8971,46.3125],[16.9288,46.3181],[16.9359,46.3171],[16.9368,46.3087],[16.9343,46.3026],[16.9393,46.3023],[16.9391,46.2912],[16.944,46.294],[16.9468,46.2918],[16.956,46.2953],[16.9634,46.3042],[16.9782,46.3053],[16.9855,46.3157],[16.9933,46.3124],[17.0001,46.3137],[17.001,46.3114],[17.0065,46.3115],[17.0083,46.307],[17.0139,46.3048],[17.0176,46.3079],[17.0269,46.3096],[17.0295,46.3134],[17.041,46.3167],[17.0375,46.3208],[17.0372,46.3292],[17.0426,46.3316],[17.0473,46.3397],[17.0582,46.3399],[17.059,46.3494],[17.0534,46.3661],[17.055,46.368],[17.0467,46.369],[17.0438,46.3731],[17.0469,46.3797],[17.0433,46.3876],[17.0343,46.3912],[17.0297,46.3965],[17.0322,46.4045],[17.037,46.4092],[17.0373,46.4161],[17.0439,46.4166],[17.0483,46.4147],[17.051,46.4174],[17.0543,46.4167],[17.0546,46.4084],[17.0686,46.4017],[17.079,46.4054],[17.0808,46.4164],[17.0875,46.4206],[17.096,46.4201],[17.1022,46.4164],[17.1139,46.4147],[17.1147,46.4064],[17.1279,46.4058],[17.1394,46.4079],[17.1413,46.4274],[17.1804,46.4326],[17.1883,46.4292],[17.1911,46.4415],[17.1943,46.445],[17.1953,46.4656],[17.1889,46.4731],[17.1946,46.4836],[17.1902,46.4857],[17.194,46.4873],[17.2012,46.4848],[17.2048,46.4936],[17.2147,46.4949],[17.2268,46.5118],[17.2151,46.6107],[17.2221,46.6348],[17.2183,46.6488],[17.2214,46.655],[17.22,46.6639],[17.2322,46.678],[17.2419,46.6804],[17.2514,46.6875],[17.2564,46.6936],[17.2591,46.7036],[17.2645,46.7057],[17.278,46.7343],[17.2992,46.7354],[17.3112,46.7333],[17.3617,46.7318],[17.3721,46.7339],[17.3857,46.7439],[17.3977,46.7487],[17.4198,46.7509],[17.446,46.7479],[17.4542,46.7487],[17.4652,46.7531],[17.4923,46.7531],[17.5099,46.759],[17.5345,46.7715],[17.6251,46.8017],[17.6676,46.8121],[17.6988,46.8288],[17.7301,46.8406],[17.7892,46.8539],[17.8546,46.8847],[17.8786,46.8784],[17.8896,46.8801],[17.9017,46.8859],[17.9104,46.8944],[17.9129,46.9073],[17.9078,46.916],[17.9459,46.9275],[17.9763,46.9335],[18.0078,46.944],[18.0481,46.96],[18.0668,46.9701],[18.167,46.9975],[18.1684,46.9949],[18.176,46.9938],[18.1805,46.9889],[18.1894,46.9897],[18.2059,46.9719],[18.174,46.9463],[18.1938,46.9281],[18.191,46.9258],[18.203,46.9053],[18.2104,46.8973],[18.2082,46.8958],[18.2133,46.8875],[18.1893,46.8733],[18.2062,46.8674],[18.1976,46.8645],[18.2052,46.8379],[18.1984,46.8131],[18.2047,46.8002],[18.2037,46.7922],[18.2108,46.7782],[18.2,46.7781],[18.1868,46.7703],[18.1746,46.7722],[18.1664,46.7671],[18.1721,46.755],[18.1723,46.7451],[18.1563,46.7427],[18.1506,46.7495],[18.1412,46.7475],[18.1435,46.7434],[18.138,46.7425],[18.1376,46.7361],[18.1271,46.7337],[18.1205,46.7295],[18.1144,46.7305],[18.1303,46.7044],[18.1413,46.7091],[18.147,46.7026],[18.1381,46.7007],[18.141,46.6938],[18.1262,46.6946],[18.1328,46.6888],[18.1284,46.6876],[18.1313,46.6774],[18.1275,46.6773],[18.1127,46.6707],[18.1138,46.6696],[18.1072,46.6646],[18.11,46.6631],[18.1018,46.6577],[18.108,46.6494],[18.0894,46.6416],[18.0896,46.6313],[18.0753,46.6259],[18.071,46.6213],[18.0733,46.6141],[18.0874,46.5967],[18.0849,46.5829],[18.0789,46.5817],[18.072,46.5645],[18.0633,46.5568],[18.0501,46.5537],[18.0378,46.5612],[18.0402,46.5528],[18.0393,46.5433],[18.0371,46.5425],[18.0388,46.5395],[18.0328,46.5371],[18.0383,46.5075],[18.0378,46.5044],[18.0312,46.5017],[18.0407,46.4946],[18.0511,46.4722],[18.0518,46.4623],[18.0682,46.4373],[18.0688,46.435],[18.0644,46.4346],[18.0668,46.4232],[18.0492,46.4219],[18.0499,46.4162],[18.045,46.4139],[18.0394,46.4184],[18.0367,46.4123],[18.0328,46.4145],[18.0312,46.4122],[18.0258,46.411],[18.0269,46.4091],[18.0203,46.4079],[18.022,46.4041],[18.016,46.4029],[18.0148,46.4056],[18.0083,46.4044],[18.0094,46.4021],[18.0017,46.4005],[18.013,46.3896],[18.0119,46.385],[18.0142,46.3831],[18.0185,46.3862],[18.0317,46.3898],[18.0339,46.3852],[18.0525,46.393],[18.0549,46.3835],[18.0645,46.3702],[18.0651,46.3653],[18.0821,46.3666],[18.0806,46.359],[18.0878,46.3293],[18.0753,46.3182],[18.075,46.3067],[18.0717,46.3044],[18.0646,46.304],[18.0532,46.2959],[18.0483,46.2928],[18.0356,46.2946],[18.0245,46.3013],[18.0175,46.2975],[18.0103,46.3001],[18.0076,46.2974],[18.0053,46.3015],[18.0014,46.3023],[18.0018,46.3091],[17.9755,46.3081],[17.9602,46.3045],[17.9537,46.3011],[17.9487,46.3037],[17.9342,46.2856],[17.9349,46.278],[17.9377,46.2754],[17.9325,46.2624],[17.9276,46.257],[17.9346,46.2407],[17.9222,46.2261],[17.9195,46.2246],[17.9123,46.2279],[17.9052,46.2286],[17.9004,46.2217],[17.8927,46.2205],[17.8844,46.225],[17.8778,46.2241],[17.8758,46.2188],[17.8709,46.2153],[17.8609,46.2205],[17.8539,46.2147],[17.8473,46.2166],[17.8458,46.2112],[17.8371,46.2073],[17.8315,46.2111],[17.8249,46.2106],[17.8216,46.2125],[17.8151,46.2109],[17.8126,46.2223],[17.8082,46.2222],[17.8028,46.2191],[17.7973,46.2214],[17.7944,46.2267],[17.7841,46.222],[17.7848,46.2155],[17.7788,46.2112],[17.7769,46.2028],[17.7709,46.2009],[17.7582,46.2015],[17.7576,46.2042],[17.7521,46.2049],[17.7471,46.2094],[17.7345,46.2313],[17.7284,46.2335],[17.7181,46.2265],[17.7155,46.2208],[17.7233,46.219],[17.7279,46.2084],[17.7232,46.2007],[17.721,46.2011],[17.7172,46.1976],[17.7122,46.1991],[17.7079,46.1967],[17.7101,46.1952],[17.703,46.1951],[17.7071,46.186],[17.7049,46.1856],[17.7055,46.1815],[17.7008,46.1738],[17.6968,46.1787],[17.6976,46.1711],[17.6922,46.1661],[17.6923,46.1619],[17.6869,46.1595],[17.6882,46.1527],[17.6815,46.1339],[17.684,46.1222],[17.6835,46.1199],[17.6802,46.1191],[17.6876,46.1096],[17.6653,46.1018],[17.6715,46.095],[17.6809,46.0917],[17.6766,46.0889],[17.677,46.0737],[17.6699,46.0725],[17.6702,46.0626],[17.6554,46.0609],[17.6562,46.0536],[17.6317,46.0488],[17.6328,46.0461],[17.6285,46.0449],[17.6325,46.0404],[17.6339,46.0271],[17.6372,46.0256],[17.6385,46.0188],[17.6574,46.0076],[17.653,46.0052],[17.6534,45.9912],[17.6251,45.9881],[17.63,45.9886],[17.6332,45.97],[17.6429,45.9541],[17.645,45.9347],[17.6597,45.9368],[17.6539,45.9504],[17.6593,45.9516],[17.6628,45.9448],[17.6687,45.946],[17.6694,45.9415],[17.677,45.9438],[17.6852,45.9436],[17.6891,45.9394],[17.6821,45.9363],[17.6761,45.9362],[17.6818,45.9256],[17.6873,45.9242],[17.6949,45.925],[17.7147,45.9207],[17.7246,45.9159],[17.7242,45.909],[17.7205,45.9055],[17.7304,45.9014],[17.7343,45.8977],[17.7263,45.8926],[17.7282,45.882],[17.7342,45.8798],[17.7348,45.876],[17.7273,45.8725],[17.7268,45.8706],[17.7312,45.8672],[17.728,45.8649],[17.7225,45.8671],[17.716,45.867],[17.716,45.8647],[17.7095,45.865],[17.7034,45.8684],[17.6933,45.8584],[17.6953,45.8668],[17.6891,45.8735],[17.6854,45.8701],[17.6799,45.8696],[17.674,45.8661],[17.6702,45.8668],[17.6663,45.8496],[17.6554,45.8499],[17.6521,45.8483],[17.6478,45.8666],[17.6276,45.8979],[17.6147,45.9097],[17.6011,45.9159],[17.5787,45.9319],[17.5653,45.9373],[17.5318,45.934],[17.5138,45.9396],[17.4774,45.9421],[17.452,45.9491],[17.4378,45.9504],[17.4282,45.9469],[17.4272,45.9439],[17.4373,45.9312],[17.4351,45.9287],[17.4259,45.9273],[17.412,45.9304],[17.4095,45.933],[17.4119,45.9367],[17.4108,45.94],[17.3955,45.9303],[17.3921,45.9302],[17.3849,45.9374],[17.3879,45.9417],[17.3867,45.9459],[17.3829,45.9476],[17.373,45.9472],[17.3643,45.9421],[17.3476,45.9423],[17.341,45.949],[17.3404,45.9545],[17.3424,45.9533],[17.3439,45.9605],[17.3487,45.9606],[17.3496,45.9542],[17.3538,45.9525],[17.3567,45.9564],[17.363,45.9591],[17.3729,45.9564],[17.3853,45.9559],[17.3905,45.9582],[17.3914,45.963],[17.3874,45.9662],[17.375,45.9609],[17.3634,45.9608],[17.3584,45.9643],[17.3632,45.9696],[17.3755,45.9687],[17.3746,45.9713],[17.3677,45.973],[17.3664,45.9751],[17.3744,45.9819],[17.3752,45.9881],[17.3724,45.9912],[17.3636,45.9915],[17.3609,45.9763],[17.3567,45.9736],[17.3488,45.9769],[17.3427,45.9842],[17.3409,45.9937],[17.334,45.9961],[17.3275,45.992],[17.3275,45.989],[17.3368,45.9831],[17.332,45.9729],[17.3226,45.9672],[17.313,45.9665],[17.3081,45.9697],[17.3085,45.9718],[17.317,45.9761],[17.3167,45.9797],[17.3245,45.9856],[17.3236,45.9888],[17.3161,45.9916],[17.312,45.9898],[17.308,45.9822],[17.2988,45.9839],[17.2938,45.9901],[17.3042,45.9963],[17.3062,46.0001],[17.3042,46.0021],[17.2982,46.0036],[17.2863,46.0002],[17.258,46.011],[17.2601,46.0142],[17.2712,46.0172],[17.2723,46.0209],[17.2935,46.0233],[17.2963,46.0285],[17.2916,46.032],[17.2808,46.031],[17.269,46.0334],[17.2542,46.03],[17.2598,46.0323],[17.2569,46.046],[17.2606,46.0462],[17.2712,46.0529],[17.271,46.0567],[17.2631,46.0563],[17.2516,46.0589],[17.239,46.0575],[17.2325,46.0592],[17.2284,46.0635],[17.2325,46.0662],[17.245,46.0613],[17.2484,46.0619],[17.2525,46.0665],[17.2433,46.0646],[17.239,46.0672],[17.2404,46.076],[17.2313,46.079],[17.222,46.081],[17.2097,46.0763],[17.202,46.0765],[17.2013,46.0809],[17.2065,46.0841],[17.2158,46.0815],[17.219,46.0824],[17.2188,46.0872],[17.2233,46.0947],[17.2316,46.0956],[17.2331,46.099],[17.2219,46.0994],[17.2178,46.0978],[17.2104,46.1002],[17.2183,46.111],[17.213,46.1139],[17.2098,46.1074],[17.2061,46.1108],[17.2008,46.1114],[17.1956,46.1111],[17.1859,46.1066],[17.1759,46.1085],[17.175,46.1127],[17.179,46.114],[17.1822,46.119],[17.1806,46.1221],[17.1766,46.1229],[17.1743,46.1288],[17.1865,46.1332],[17.1814,46.1369],[17.1817,46.1409],[17.1776,46.1446],[17.1811,46.1505],[17.1687,46.1567],[17.1614,46.1553],[17.1562,46.1586],[17.1593,46.1697],[17.1533,46.1717],[17.1446,46.1708],[17.1399,46.1729],[17.1337,46.1682],[17.1261,46.1684],[17.1227,46.179],[17.1176,46.1798],[17.1114,46.1765],[17.1022,46.1859],[17.09,46.1896],[17.083,46.186],[17.0796,46.1889],[17.0752,46.189],[17.0658,46.1973],[17.0663,46.2021],[17.053,46.2027],[17.006,46.2228],[17.0037,46.2216],[16.9995,46.2229],[16.9959,46.2202],[16.99,46.2248],[16.9837,46.222],[16.9806,46.2247],[16.9782,46.2235],[16.9731,46.2248],[16.9712,46.2343],[16.974,46.2347],[16.9754,46.2398],[16.9732,46.2427],[16.9696,46.2426],[16.9675,46.2403],[16.957,46.2417],[16.9554,46.2393],[16.9504,46.2415],[16.9453,46.2468],[16.938,46.2501],[16.9362,46.2546],[16.9266,46.2601],[16.9138,46.2619],[16.9026,46.2745],[16.8861,46.281],[16.8872,46.2954],[16.8852,46.3012],[16.8772,46.307],[16.8763,46.321],[16.8781,46.3205]]]},"properties":{"megye":"Somogy"}},{"type":"Feature","geometry":{"type":"Polygon","coordinates":[[[22.1261,48.3808],[22.136,48.3806],[22.1311,48.3912],[22.1528,48.3962],[22.1582,48.4105],[22.1841,48.4148],[22.2074,48.4257],[22.2154,48.4244],[22.2269,48.4142],[22.2371,48.41],[22.2591,48.4111],[22.2655,48.4099],[22.2647,48.4042],[22.2569,48.3936],[22.2399,48.387],[22.2536,48.3789],[22.2676,48.3612],[22.2979,48.3548],[22.3178,48.3545],[22.3199,48.3497],[22.3173,48.345],[22.3203,48.3387],[22.3133,48.3251],[22.3196,48.3221],[22.3184,48.3177],[22.3211,48.3143],[22.3373,48.3079],[22.3403,48.2956],[22.3369,48.2903],[22.3409,48.2826],[22.3384,48.2792],[22.3603,48.2654],[22.3709,48.2465],[22.3691,48.2451],[22.3848,48.234],[22.3863,48.238],[22.3946,48.2412],[22.4006,48.2492],[22.4196,48.2506],[22.4198,48.2488],[22.4329,48.2466],[22.4299,48.251],[22.4328,48.2525],[22.4404,48.2502],[22.4473,48.2436],[22.4554,48.2438],[22.4564,48.2423],[22.4661,48.2445],[22.47,48.2499],[22.4712,48.2479],[22.4899,48.2534],[22.5014,48.2492],[22.4989,48.2467],[22.5035,48.2452],[22.4972,48.2396],[22.5161,48.238],[22.5136,48.2259],[22.5238,48.2184],[22.5311,48.2094],[22.5366,48.2106],[22.5439,48.2084],[22.5576,48.1983],[22.5711,48.1961],[22.5718,48.1905],[22.5682,48.1844],[22.5621,48.1847],[22.5616,48.1816],[22.5661,48.1792],[22.5648,48.1772],[22.5752,48.1592],[22.5834,48.159],[22.5862,48.154],[22.5894,48.151],[22.5922,48.1519],[22.5982,48.1448],[22.5892,48.1419],[22.5881,48.1396],[22.5955,48.135],[22.5928,48.1322],[22.5926,48.1232],[22.6001,48.1168],[22.5926,48.1131],[22.5903,48.1073],[22.5951,48.1077],[22.603,48.1038],[22.6095,48.1033],[22.6197,48.1056],[22.6197,48.1039],[22.6251,48.1035],[22.6351,48.0959],[22.6575,48.0957],[22.6651,48.0925],[22.6754,48.092],[22.7067,48.1105],[22.7158,48.1116],[22.7207,48.1154],[22.73,48.115],[22.7347,48.1198],[22.7443,48.1177],[22.7522,48.1205],[22.7576,48.1201],[22.7624,48.1117],[22.7704,48.109],[22.778,48.1126],[22.7706,48.1175],[22.7723,48.1219],[22.7917,48.1169],[22.7979,48.122],[22.8028,48.1221],[22.807,48.1185],[22.8016,48.1088],[22.8054,48.1063],[22.81,48.1075],[22.815,48.118],[22.8254,48.1175],[22.8317,48.1092],[22.8281,48.1013],[22.8288,48.0958],[22.831,48.0934],[22.8359,48.0936],[22.8369,48.088],[22.8403,48.0861],[22.8365,48.0838],[22.8364,48.0802],[22.842,48.08],[22.8466,48.084],[22.8611,48.075],[22.8596,48.0728],[22.8618,48.0709],[22.8586,48.0687],[22.8618,48.0679],[22.8598,48.0658],[22.8633,48.0622],[22.8617,48.0599],[22.8653,48.0599],[22.8611,48.0576],[22.8678,48.0524],[22.8732,48.0517],[22.8739,48.0562],[22.882,48.0548],[22.8809,48.0364],[22.8733,48.0248],[22.8651,48.0218],[22.866,48.0113],[22.8575,48.0085],[22.8517,48.0028],[22.8481,48.0028],[22.8497,47.999],[22.8451,47.9988],[22.8356,47.9906],[22.8424,47.9884],[22.8444,47.9849],[22.8408,47.9814],[22.8471,47.9826],[22.8554,47.9809],[22.8564,47.9788],[22.8599,47.9797],[22.8589,47.9765],[22.8634,47.9774],[22.8623,47.9739],[22.864,47.9755],[22.8679,47.9744],[22.8678,47.9774],[22.8726,47.9753],[22.8726,47.9704],[22.868,47.9685],[22.8697,47.966],[22.8724,47.9686],[22.8748,47.9664],[22.8778,47.9685],[22.8782,47.9636],[22.8808,47.9637],[22.8856,47.967],[22.8879,47.9657],[22.8916,47.9672],[22.8937,47.9635],[22.8897,47.9617],[22.8928,47.9613],[22.8919,47.957],[22.8954,47.9572],[22.8952,47.9547],[22.8975,47.9545],[22.8949,47.9519],[22.8909,47.9533],[22.8865,47.9514],[22.8847,47.9443],[22.8795,47.9433],[22.8728,47.9369],[22.8728,47.9323],[22.8661,47.9279],[22.8666,47.9245],[22.8572,47.9197],[22.8569,47.9163],[22.8473,47.9078],[22.8259,47.9075],[22.8147,47.9001],[22.8007,47.896],[22.7928,47.8909],[22.7831,47.8936],[22.7587,47.8941],[22.7564,47.8902],[22.7587,47.8857],[22.7687,47.8779],[22.7628,47.8651],[22.7735,47.8637],[22.7725,47.8593],[22.7755,47.8586],[22.7782,47.85],[22.7778,47.8423],[22.7664,47.8419],[22.7555,47.8342],[22.7421,47.8346],[22.7385,47.8364],[22.7299,47.8355],[22.7242,47.8383],[22.7136,47.8361],[22.7109,47.8339],[22.7096,47.8238],[22.7044,47.8233],[22.7041,47.8201],[22.6993,47.8174],[22.7011,47.8156],[22.6802,47.7878],[22.6663,47.787],[22.6623,47.7826],[22.647,47.779],[22.6359,47.781],[22.6254,47.7762],[22.6156,47.7773],[22.6111,47.7717],[22.549,47.7722],[22.5398,47.7819],[22.4879,47.806],[22.4812,47.8109],[22.4669,47.805],[22.4513,47.8034],[22.4448,47.7986],[22.4408,47.7919],[22.4353,47.7697],[22.4258,47.7501],[22.4286,47.7494],[22.4313,47.7398],[22.4104,47.7423],[22.4103,47.7466],[22.3969,47.7476],[22.3904,47.7441],[22.377,47.7472],[22.3566,47.7486],[22.3317,47.7644],[22.3247,47.7667],[22.3178,47.7661],[22.321,47.7541],[22.3176,47.7434],[22.3064,47.7412],[22.3028,47.7366],[22.2989,47.7369],[22.2851,47.7293],[22.2643,47.7311],[22.2591,47.7172],[22.2622,47.717],[22.259,47.6979],[22.2564,47.6979],[22.2542,47.695],[22.241,47.6953],[22.2307,47.6932],[22.2229,47.6827],[22.2251,47.6808],[22.2202,47.6639],[22.2218,47.6621],[22.2118,47.6541],[22.2034,47.6549],[22.1898,47.6116],[22.1829,47.6063],[22.1766,47.5944],[22.1714,47.5918],[22.161,47.5923],[22.146,47.5946],[22.1394,47.598],[22.1282,47.598],[22.125,47.6019],[22.1184,47.604],[22.1188,47.6112],[22.1041,47.631],[22.1073,47.6363],[22.1018,47.649],[22.1046,47.6581],[22.0835,47.6648],[22.0755,47.6718],[22.0652,47.6702],[22.0618,47.66],[22.0447,47.636],[22.0273,47.6274],[22.0269,47.6209],[22.0218,47.6202],[22.0182,47.6268],[22.0195,47.6295],[22.009,47.6335],[22.0033,47.6416],[22.0031,47.6493],[22.0113,47.6647],[22.0085,47.6636],[22.0052,47.6668],[21.9996,47.6669],[21.9933,47.6758],[21.981,47.6758],[21.9819,47.6937],[21.987,47.7042],[21.9657,47.7066],[21.9602,47.7091],[21.9576,47.7137],[21.9487,47.7158],[21.9468,47.722],[21.9418,47.7229],[21.938,47.7264],[21.9352,47.7253],[21.932,47.7296],[21.9263,47.729],[21.9243,47.7332],[21.9088,47.7283],[21.898,47.7285],[21.8877,47.7261],[21.8834,47.6973],[21.8747,47.6933],[21.8705,47.6884],[21.8585,47.6849],[21.8557,47.6754],[21.8506,47.6752],[21.8413,47.6697],[21.8362,47.6691],[21.8305,47.6692],[21.8245,47.6724],[21.8026,47.6741],[21.7959,47.6853],[21.7762,47.6876],[21.7638,47.6872],[21.7705,47.6973],[21.7715,47.7053],[21.7665,47.7069],[21.7501,47.7054],[21.7288,47.7089],[21.7191,47.7069],[21.7072,47.7281],[21.7001,47.7332],[21.6802,47.7306],[21.6778,47.7261],[21.6361,47.7293],[21.6269,47.7368],[21.6268,47.7467],[21.6158,47.7512],[21.6165,47.7545],[21.5958,47.7718],[21.5413,47.7905],[21.5445,47.7981],[21.5447,47.8257],[21.5561,47.8751],[21.5658,47.8886],[21.5546,47.8896],[21.556,47.8964],[21.5536,47.906],[21.5655,47.9297],[21.5162,47.9414],[21.5113,47.9339],[21.4994,47.9342],[21.4968,47.9255],[21.4312,47.9287],[21.4298,47.9227],[21.4184,47.9225],[21.4138,47.9207],[21.381,47.921],[21.3707,47.9182],[21.3588,47.9192],[21.3561,47.9215],[21.3204,47.9199],[21.3043,47.916],[21.3042,47.913],[21.2978,47.9104],[21.2709,47.9049],[21.2616,47.9119],[21.2616,47.9245],[21.2403,47.9306],[21.2337,47.9349],[21.2317,47.9407],[21.1944,47.9577],[21.1836,47.9576],[21.1754,47.963],[21.1516,47.965],[21.146,47.9533],[21.1345,47.9615],[21.1275,47.9574],[21.122,47.9621],[21.1091,47.9718],[21.1019,47.9712],[21.1061,47.9761],[21.1046,47.9814],[21.0859,47.997],[21.0833,48.002],[21.0788,48.0032],[21.0825,48.0096],[21.0919,48.0104],[21.0913,48.0182],[21.0954,48.022],[21.1108,48.0236],[21.114,48.0315],[21.1308,48.0419],[21.1276,48.0458],[21.1311,48.0484],[21.1366,48.0441],[21.1412,48.0459],[21.1506,48.0396],[21.1582,48.0445],[21.17,48.042],[21.1722,48.04],[21.168,48.0351],[21.17,48.0267],[21.1934,48.0297],[21.213,48.0233],[21.2186,48.0232],[21.229,48.0275],[21.2303,48.0298],[21.222,48.0357],[21.2239,48.0398],[21.2355,48.0465],[21.2403,48.0517],[21.2512,48.0549],[21.2588,48.0601],[21.2593,48.046],[21.2658,48.0387],[21.2855,48.0337],[21.2948,48.0385],[21.2932,48.029],[21.3167,48.032],[21.3233,48.0288],[21.3265,48.0226],[21.3298,48.0218],[21.343,48.0238],[21.3525,48.0339],[21.3689,48.0327],[21.3782,48.025],[21.3812,48.0269],[21.3752,48.0342],[21.3849,48.0348],[21.3989,48.0307],[21.4081,48.032],[21.4156,48.0357],[21.408,48.0435],[21.4089,48.0511],[21.4124,48.0529],[21.4163,48.0513],[21.4244,48.0424],[21.4324,48.0434],[21.4373,48.0497],[21.4375,48.0684],[21.4403,48.0668],[21.4507,48.0708],[21.4621,48.0713],[21.4506,48.0799],[21.4363,48.0791],[21.4316,48.0883],[21.4469,48.0857],[21.4497,48.0864],[21.451,48.0898],[21.4206,48.1091],[21.4138,48.1218],[21.4303,48.1344],[21.4248,48.1372],[21.429,48.1436],[21.4241,48.1593],[21.428,48.1592],[21.4311,48.1634],[21.4374,48.1651],[21.4437,48.1776],[21.4523,48.1801],[21.4602,48.1776],[21.4615,48.17],[21.4711,48.1667],[21.474,48.1678],[21.4738,48.1769],[21.4791,48.1806],[21.4883,48.1812],[21.5012,48.1783],[21.5015,48.1733],[21.5055,48.1725],[21.5073,48.1743],[21.5052,48.1778],[21.5252,48.1797],[21.5163,48.1852],[21.525,48.1865],[21.5337,48.1905],[21.5326,48.1949],[21.5353,48.1975],[21.5471,48.1971],[21.5498,48.1948],[21.5494,48.1978],[21.5534,48.1981],[21.5552,48.2007],[21.57,48.2],[21.5714,48.2053],[21.5779,48.2098],[21.5841,48.2089],[21.6024,48.1974],[21.6278,48.1934],[21.6444,48.1942],[21.6801,48.1915],[21.6899,48.1947],[21.7109,48.1931],[21.7146,48.1983],[21.7212,48.1929],[21.7187,48.1884],[21.7214,48.1864],[21.7272,48.1882],[21.7314,48.193],[21.728,48.1923],[21.7235,48.1943],[21.724,48.2038],[21.7296,48.2018],[21.7334,48.1972],[21.741,48.2016],[21.7542,48.2043],[21.7536,48.1917],[21.7628,48.1946],[21.7714,48.194],[21.767,48.1987],[21.7729,48.202],[21.7715,48.2069],[21.7838,48.2028],[21.7864,48.21],[21.7973,48.2109],[21.7997,48.2139],[21.7973,48.2216],[21.8152,48.2265],[21.811,48.2323],[21.8148,48.2402],[21.8176,48.2394],[21.8223,48.2316],[21.8255,48.2377],[21.8229,48.2415],[21.8299,48.2444],[21.833,48.2382],[21.8396,48.2347],[21.8331,48.2302],[21.8424,48.2232],[21.8436,48.225],[21.8399,48.2293],[21.8507,48.2298],[21.8502,48.2401],[21.8643,48.2375],[21.8746,48.238],[21.8973,48.2474],[21.9117,48.2402],[21.9202,48.2396],[21.9271,48.2504],[21.9428,48.2558],[21.9386,48.2627],[21.9453,48.2595],[21.9519,48.2643],[21.9623,48.2671],[21.9649,48.2735],[21.9779,48.2819],[21.9818,48.2902],[21.9883,48.2946],[22.0022,48.2981],[22.003,48.3007],[22.0105,48.3036],[22.0103,48.3085],[22.0144,48.3115],[22.0265,48.3123],[22.0236,48.3017],[22.0445,48.3081],[22.0547,48.2979],[22.0656,48.298],[22.0687,48.3021],[22.0653,48.3129],[22.0805,48.3087],[22.0863,48.3108],[22.0844,48.3272],[22.0887,48.3313],[22.0956,48.3319],[22.0988,48.3295],[22.0951,48.3243],[22.1025,48.3241],[22.1044,48.3263],[22.1024,48.3309],[22.0951,48.3338],[22.1115,48.341],[22.1105,48.3425],[22.103,48.3423],[22.1047,48.3462],[22.1126,48.3501],[22.1246,48.3498],[22.1248,48.3532],[22.1194,48.3579],[22.1081,48.3609],[22.1088,48.3628],[22.1179,48.3621],[22.1251,48.3582],[22.1274,48.3589],[22.1289,48.3645],[22.1215,48.3651],[22.1177,48.3682],[22.1211,48.3783],[22.1261,48.3808]]]},"properties":{"megye":"Szabolcs-Szatmár-Bereg"}},{"type":"Feature","geometry":{"type":"Polygon","coordinates":[[[19.6792,47.5917],[19.6919,47.588],[19.6959,47.585],[19.7049,47.5858],[19.7022,47.6066],[19.742,47.6202],[19.7584,47.6211],[19.7683,47.6161],[19.7728,47.6162],[19.8186,47.5939],[19.8299,47.6036],[19.8364,47.6058],[19.8451,47.6212],[19.872,47.6309],[19.8692,47.6401],[19.8766,47.6681],[19.8849,47.6656],[19.8896,47.6614],[19.9114,47.6544],[19.9312,47.6616],[19.9618,47.6673],[19.9707,47.6767],[19.9744,47.6734],[19.9934,47.6732],[19.9973,47.671],[20.003,47.6611],[20.0009,47.6548],[20.0035,47.6541],[20.0069,47.6284],[20.0191,47.6156],[20.0053,47.5942],[20.0191,47.581],[20.0359,47.5763],[20.0451,47.5702],[20.0522,47.57],[20.1123,47.5533],[20.1214,47.5612],[20.1318,47.5652],[20.1168,47.5719],[20.1079,47.5862],[20.103,47.5898],[20.1207,47.5955],[20.1578,47.6022],[20.1745,47.6074],[20.2086,47.6077],[20.2142,47.5835],[20.2261,47.5798],[20.2265,47.5738],[20.2317,47.5705],[20.2285,47.5668],[20.2312,47.5617],[20.2351,47.5624],[20.2425,47.5587],[20.2603,47.5558],[20.2552,47.5474],[20.2862,47.5433],[20.2934,47.534],[20.3034,47.5181],[20.3015,47.5176],[20.3021,47.5094],[20.2874,47.4867],[20.2985,47.4756],[20.3369,47.4426],[20.3634,47.4408],[20.3804,47.4462],[20.3814,47.437],[20.3768,47.436],[20.3812,47.4331],[20.3815,47.4243],[20.3891,47.4211],[20.3981,47.4204],[20.4206,47.4233],[20.4387,47.4319],[20.4481,47.4392],[20.4474,47.447],[20.4511,47.4534],[20.4685,47.4643],[20.4758,47.4651],[20.4868,47.4628],[20.4998,47.4663],[20.5068,47.4705],[20.5144,47.4799],[20.5215,47.5008],[20.5745,47.5135],[20.6125,47.5345],[20.6647,47.5522],[20.6687,47.5564],[20.6686,47.5611],[20.6638,47.5706],[20.6851,47.5691],[20.7018,47.5747],[20.7073,47.5794],[20.7093,47.5871],[20.6973,47.593],[20.6958,47.5979],[20.7031,47.6039],[20.7165,47.607],[20.7159,47.6132],[20.7207,47.6207],[20.7153,47.6281],[20.7149,47.6339],[20.7328,47.643],[20.7494,47.6405],[20.7587,47.6414],[20.7717,47.6544],[20.7647,47.6637],[20.7648,47.6675],[20.773,47.6742],[20.7964,47.6826],[20.8053,47.6802],[20.8191,47.6705],[20.8303,47.6691],[20.8277,47.6593],[20.825,47.6334],[20.8302,47.6183],[20.8424,47.5967],[20.8545,47.5948],[20.8666,47.5842],[20.8836,47.5824],[20.9149,47.585],[20.9453,47.596],[20.9757,47.5836],[20.9937,47.5668],[20.9965,47.5394],[20.9918,47.5245],[20.9832,47.5195],[20.9903,47.512],[20.9885,47.5089],[20.9934,47.5029],[20.9934,47.4957],[21.0079,47.4907],[20.9982,47.4847],[20.992,47.4737],[21.0196,47.3789],[21.0306,47.3562],[21.017,47.2493],[20.9921,47.2322],[20.9876,47.2259],[20.9773,47.2305],[20.9675,47.2255],[20.9552,47.2089],[20.9449,47.1863],[20.9326,47.1876],[20.9264,47.1851],[20.9257,47.1828],[20.9184,47.1818],[20.9098,47.1731],[20.8942,47.1745],[20.8475,47.1482],[20.8609,47.1332],[20.8622,47.1229],[20.8683,47.1209],[20.8447,47.1167],[20.8476,47.1037],[20.844,47.0934],[20.8523,47.0925],[20.8435,47.079],[20.8499,47.0724],[20.8615,47.0669],[20.8613,47.0631],[20.8562,47.0613],[20.8569,47.0647],[20.8437,47.0695],[20.8406,47.0596],[20.8384,47.0612],[20.8259,47.0522],[20.8028,47.0461],[20.8115,47.038],[20.8064,47.0369],[20.7596,47.0357],[20.7599,47.046],[20.7562,47.0533],[20.7461,47.0511],[20.7275,47.0434],[20.723,47.0305],[20.7162,47.0344],[20.7081,47.0351],[20.702,47.0126],[20.7109,47.012],[20.7163,47.0055],[20.7156,47.0013],[20.7183,47.0001],[20.7132,46.9964],[20.7096,46.9782],[20.7204,46.9753],[20.7142,46.9754],[20.7136,46.9732],[20.7224,46.9685],[20.7265,46.9596],[20.7237,46.9582],[20.7116,46.9625],[20.7054,46.9611],[20.7043,46.9588],[20.7097,46.9557],[20.7259,46.9558],[20.7275,46.9539],[20.7271,46.9406],[20.7208,46.9361],[20.7207,46.9315],[20.7037,46.9211],[20.6933,46.911],[20.6729,46.9139],[20.6413,46.9003],[20.6068,46.9175],[20.5991,46.9184],[20.5861,46.9121],[20.5601,46.9133],[20.5517,46.9166],[20.546,46.9142],[20.5458,46.9062],[20.5377,46.9002],[20.4965,46.8904],[20.4762,46.8941],[20.4735,46.8976],[20.4603,46.9031],[20.4518,46.8982],[20.4529,46.8955],[20.4438,46.8896],[20.4329,46.8745],[20.4075,46.8595],[20.4169,46.8347],[20.4182,46.8202],[20.4244,46.8037],[20.4248,46.7991],[20.4169,46.7935],[20.4069,46.7917],[20.404,46.7884],[20.3524,46.7848],[20.3462,46.7795],[20.3453,46.7673],[20.3414,46.7643],[20.3324,46.7621],[20.2905,46.7676],[20.265,46.7922],[20.2429,46.7985],[20.2307,46.7987],[20.2234,46.793],[20.2184,46.7919],[20.2183,46.7885],[20.2232,46.7862],[20.2198,46.7813],[20.2131,46.7798],[20.1999,46.7841],[20.1755,46.7547],[20.1343,46.7726],[20.1157,46.785],[20.1046,46.7839],[20.1022,46.7767],[20.107,46.7683],[20.102,46.7645],[20.0908,46.7623],[20.0893,46.7681],[20.0916,46.7734],[20.0835,46.7864],[20.0803,46.7887],[20.0664,46.7907],[20.0612,46.8064],[20.0613,46.8125],[20.047,46.8191],[20.0438,46.8245],[20.0377,46.8241],[20.0309,46.8188],[20.0402,46.8085],[20.04,46.8024],[20.0355,46.7971],[20.03,46.7964],[20.0042,46.8118],[20.0009,46.8176],[20.0021,46.8218],[20.0244,46.8288],[20.0383,46.8294],[20.0428,46.8321],[20.0435,46.837],[20.0613,46.8411],[20.0708,46.8425],[20.1034,46.8388],[20.1146,46.8429],[20.1152,46.8451],[20.1071,46.8555],[20.0944,46.8609],[20.0858,46.8747],[20.0931,46.8769],[20.1206,46.8942],[20.1235,46.8976],[20.1231,46.906],[20.1482,46.9107],[20.1555,46.9137],[20.1601,46.9205],[20.1564,46.9312],[20.1488,46.9393],[20.1444,46.9408],[20.1261,46.9437],[20.1166,46.9407],[20.111,46.9366],[20.1072,46.9381],[20.1039,46.9462],[20.1046,46.953],[20.1124,46.9571],[20.1303,46.9589],[20.1337,46.9657],[20.1267,46.9745],[20.1307,46.9794],[20.1391,46.9839],[20.1293,46.9924],[20.0945,47.0076],[20.1127,47.033],[20.108,47.0396],[20.0919,47.0441],[20.0753,47.084],[20.0648,47.0891],[20.0662,47.0937],[20.0533,47.1056],[20.0586,47.1085],[20.0477,47.1251],[20.0558,47.1456],[20.0849,47.1651],[20.0993,47.1818],[20.085,47.2079],[20.0799,47.2105],[20.08,47.221],[20.0657,47.2248],[20.0445,47.2382],[20.0315,47.2434],[19.9887,47.2531],[20.0044,47.2842],[20.0163,47.2989],[20.0165,47.3046],[20.0121,47.3067],[19.9895,47.3357],[19.9912,47.3462],[19.9815,47.3521],[19.9668,47.3667],[19.9475,47.375],[19.9229,47.3825],[19.855,47.4136],[19.8394,47.4252],[19.8216,47.429],[19.8241,47.4373],[19.8121,47.4559],[19.759,47.4812],[19.7473,47.4889],[19.7627,47.5009],[19.7714,47.5174],[19.7814,47.5247],[19.7832,47.5237],[19.7906,47.5312],[19.7771,47.5386],[19.7676,47.5301],[19.758,47.5358],[19.7465,47.5321],[19.7379,47.539],[19.728,47.5309],[19.7192,47.5288],[19.7086,47.5182],[19.7016,47.5173],[19.6842,47.5327],[19.6528,47.5476],[19.659,47.5588],[19.6514,47.5622],[19.6554,47.5651],[19.658,47.5761],[19.6667,47.5885],[19.6792,47.5917]]]},"properties":{"megye":"Jász-Nagykun-Szolnok"}},{"type":"Feature","geometry":{"type":"Polygon","coordinates":[[[18.2216,46.7809],[18.2321,46.7802],[18.252,46.7845],[18.2525,46.7891],[18.2564,46.7884],[18.2608,46.7907],[18.2646,46.7938],[18.2651,46.7979],[18.3035,46.8174],[18.3103,46.8132],[18.3093,46.7983],[18.3201,46.7906],[18.3468,46.7844],[18.3652,46.7746],[18.3713,46.7769],[18.3674,46.7796],[18.3707,46.7811],[18.3734,46.7868],[18.3822,46.7911],[18.3867,46.785],[18.3857,46.782],[18.3889,46.7854],[18.3956,46.7854],[18.3969,46.7702],[18.4035,46.7699],[18.4081,46.8038],[18.417,46.7978],[18.421,46.7917],[18.4184,46.7799],[18.4268,46.7681],[18.4193,46.7525],[18.4476,46.7431],[18.4693,46.7386],[18.4648,46.7413],[18.478,46.7486],[18.4836,46.749],[18.4902,46.7448],[18.5007,46.7483],[18.5019,46.7464],[18.5035,46.7475],[18.503,46.7453],[18.5052,46.7476],[18.508,46.7445],[18.513,46.7457],[18.5039,46.7639],[18.5183,46.7678],[18.5326,46.7762],[18.5569,46.7847],[18.5727,46.7593],[18.5855,46.7567],[18.6016,46.7464],[18.6082,46.7461],[18.6115,46.748],[18.6176,46.745],[18.6188,46.7416],[18.6144,46.7416],[18.6149,46.7393],[18.6199,46.7393],[18.6155,46.7373],[18.6172,46.7317],[18.6233,46.7286],[18.6245,46.7256],[18.6305,46.7245],[18.6223,46.7233],[18.6201,46.7206],[18.6228,46.7187],[18.6229,46.7134],[18.6273,46.7119],[18.6274,46.7077],[18.6318,46.7085],[18.6307,46.7058],[18.6252,46.7047],[18.6279,46.7024],[18.6318,46.7024],[18.6302,46.6967],[18.628,46.697],[18.6286,46.6921],[18.6341,46.6929],[18.633,46.691],[18.6369,46.6876],[18.6463,46.6903],[18.6541,46.6903],[18.6635,46.6937],[18.6739,46.6942],[18.6823,46.6973],[18.707,46.716],[18.7164,46.7202],[18.7208,46.7191],[18.7274,46.7214],[18.7252,46.7236],[18.7313,46.7259],[18.7128,46.7552],[18.7316,46.7614],[18.74,46.761],[18.7432,46.7622],[18.7455,46.7675],[18.7493,46.7683],[18.7588,46.7664],[18.7892,46.771],[18.7976,46.7699],[18.792,46.7847],[18.7952,46.7878],[18.8247,46.7989],[18.8357,46.805],[18.8622,46.8222],[18.8655,46.8253],[18.8672,46.8325],[18.8722,46.8336],[18.8694,46.8359],[18.8743,46.8363],[18.8755,46.8382],[18.861,46.85],[18.8821,46.8557],[18.9043,46.8569],[18.9043,46.8603],[18.9059,46.8584],[18.9176,46.8596],[18.9182,46.8573],[18.9254,46.8573],[18.9243,46.8242],[18.9266,46.8177],[18.9355,46.809],[18.9538,46.801],[18.9499,46.7987],[18.9538,46.7949],[18.9566,46.7854],[18.9616,46.7823],[18.9671,46.7743],[18.971,46.7644],[18.9782,46.7652],[18.9771,46.7591],[18.9827,46.7492],[18.9838,46.7404],[19.0021,46.718],[19.0065,46.6993],[19.0038,46.6917],[18.9678,46.6544],[18.9562,46.6487],[18.9557,46.6536],[18.9424,46.6494],[18.9231,46.6399],[18.917,46.6391],[18.9176,46.6376],[18.8888,46.6383],[18.8827,46.6368],[18.8613,46.6143],[18.8591,46.6067],[18.8641,46.596],[18.8846,46.5755],[18.8957,46.5599],[18.8963,46.5191],[18.9174,46.4913],[18.9224,46.475],[18.924,46.4643],[18.9202,46.4498],[18.9005,46.4213],[18.8889,46.4113],[18.8851,46.3957],[18.8929,46.374],[18.8979,46.3382],[18.9079,46.3245],[18.9194,46.3154],[18.9217,46.301],[18.9129,46.2777],[18.9113,46.261],[18.9053,46.2587],[18.8921,46.2598],[18.8762,46.2704],[18.8674,46.27],[18.8625,46.2647],[18.8674,46.2548],[18.8768,46.2457],[18.8752,46.2381],[18.867,46.232],[18.862,46.235],[18.8538,46.2361],[18.8423,46.2232],[18.8297,46.2178],[18.8226,46.2086],[18.8221,46.2056],[18.8331,46.2011],[18.8495,46.2083],[18.8675,46.2224],[18.8719,46.2224],[18.8714,46.2129],[18.8659,46.2076],[18.8709,46.1931],[18.8545,46.1927],[18.8512,46.1893],[18.8518,46.1847],[18.8441,46.1836],[18.8392,46.1676],[18.8414,46.1664],[18.8392,46.1615],[18.8399,46.1455],[18.8382,46.1432],[18.8322,46.1439],[18.8268,46.1333],[18.811,46.1146],[18.8197,46.1093],[18.8028,46.1088],[18.7798,46.1088],[18.7754,46.1145],[18.7611,46.1137],[18.7579,46.1099],[18.7513,46.1121],[18.7469,46.1098],[18.7288,46.122],[18.7211,46.1185],[18.7184,46.1227],[18.7019,46.1288],[18.6937,46.1348],[18.6898,46.1333],[18.6932,46.1272],[18.6875,46.1249],[18.6788,46.1397],[18.6574,46.1515],[18.6419,46.1689],[18.621,46.1791],[18.6133,46.1905],[18.6083,46.1894],[18.6002,46.1832],[18.593,46.1817],[18.5908,46.1878],[18.5814,46.1961],[18.5699,46.1995],[18.572,46.2041],[18.5654,46.2113],[18.5659,46.2147],[18.5708,46.2162],[18.5686,46.2231],[18.5521,46.2192],[18.5466,46.2215],[18.5472,46.2241],[18.5329,46.2279],[18.5284,46.234],[18.5339,46.237],[18.5387,46.2439],[18.5409,46.2531],[18.5391,46.2671],[18.5423,46.2736],[18.5346,46.2747],[18.5313,46.2793],[18.5303,46.2686],[18.5187,46.2712],[18.5149,46.2739],[18.5197,46.2792],[18.5197,46.2838],[18.5092,46.2872],[18.5086,46.291],[18.4855,46.2939],[18.4789,46.3011],[18.4756,46.3003],[18.4807,46.2874],[18.4803,46.2699],[18.4776,46.2672],[18.4683,46.266],[18.4606,46.2618],[18.4678,46.255],[18.4662,46.2534],[18.4596,46.2538],[18.458,46.2519],[18.4442,46.2533],[18.4443,46.2442],[18.4405,46.2442],[18.4236,46.2357],[18.417,46.2345],[18.4111,46.2292],[18.3968,46.2257],[18.3816,46.2157],[18.364,46.2197],[18.3595,46.2254],[18.3617,46.2289],[18.3803,46.2317],[18.3841,46.2351],[18.395,46.2374],[18.4037,46.2436],[18.4117,46.268],[18.4165,46.276],[18.422,46.2772],[18.4147,46.2913],[18.3983,46.287],[18.3916,46.2915],[18.3895,46.29],[18.3839,46.293],[18.3757,46.2937],[18.3723,46.3013],[18.3756,46.3032],[18.3728,46.3089],[18.3766,46.3112],[18.3731,46.3283],[18.3894,46.3364],[18.3865,46.3501],[18.376,46.3535],[18.376,46.3562],[18.355,46.361],[18.3512,46.3602],[18.3506,46.3674],[18.3434,46.3716],[18.3417,46.3754],[18.342,46.3906],[18.3474,46.3967],[18.3457,46.4005],[18.3379,46.4088],[18.3302,46.4088],[18.3141,46.4175],[18.3038,46.4121],[18.2725,46.4058],[18.267,46.4015],[18.251,46.4037],[18.2438,46.4078],[18.2373,46.4025],[18.2207,46.4058],[18.1856,46.3979],[18.1889,46.3636],[18.1995,46.3557],[18.2028,46.3565],[18.2009,46.332],[18.1805,46.3328],[18.1643,46.3197],[18.1566,46.32],[18.1538,46.3264],[18.1528,46.3173],[18.1396,46.3172],[18.139,46.3214],[18.1269,46.3228],[18.1226,46.3182],[18.1171,46.32],[18.1143,46.3189],[18.1106,46.3116],[18.1185,46.2999],[18.1153,46.2926],[18.1247,46.2893],[18.1291,46.2931],[18.1324,46.2916],[18.1227,46.2812],[18.1144,46.2838],[18.1109,46.293],[18.1014,46.3024],[18.091,46.3],[18.085,46.3015],[18.079,46.2992],[18.0763,46.2919],[18.0598,46.2952],[18.0588,46.2921],[18.0532,46.2959],[18.0646,46.304],[18.0717,46.3044],[18.075,46.3067],[18.0753,46.3182],[18.0878,46.3293],[18.0806,46.359],[18.0821,46.3666],[18.0651,46.3653],[18.0645,46.3702],[18.0549,46.3835],[18.0525,46.393],[18.0339,46.3852],[18.0317,46.3898],[18.0185,46.3862],[18.0142,46.3831],[18.0119,46.385],[18.013,46.3896],[18.0017,46.4005],[18.0094,46.4021],[18.0083,46.4044],[18.0148,46.4056],[18.016,46.4029],[18.022,46.4041],[18.0203,46.4079],[18.0269,46.4091],[18.0258,46.411],[18.0312,46.4122],[18.0328,46.4145],[18.0367,46.4123],[18.0394,46.4184],[18.045,46.4139],[18.0499,46.4162],[18.0492,46.4219],[18.0668,46.4232],[18.0644,46.4346],[18.0688,46.435],[18.0682,46.4373],[18.0518,46.4623],[18.0511,46.4722],[18.0407,46.4946],[18.0312,46.5017],[18.0378,46.5044],[18.0383,46.5075],[18.0328,46.5371],[18.0388,46.5395],[18.0371,46.5425],[18.0393,46.5433],[18.0402,46.5528],[18.0378,46.5612],[18.0501,46.5537],[18.0633,46.5568],[18.072,46.5645],[18.0789,46.5817],[18.0849,46.5829],[18.0874,46.5967],[18.0733,46.6141],[18.071,46.6213],[18.0753,46.6259],[18.0896,46.6313],[18.0894,46.6416],[18.108,46.6494],[18.1018,46.6577],[18.11,46.6631],[18.1072,46.6646],[18.1138,46.6696],[18.1127,46.6707],[18.1275,46.6773],[18.1313,46.6774],[18.1284,46.6876],[18.1328,46.6888],[18.1262,46.6946],[18.141,46.6938],[18.1381,46.7007],[18.147,46.7026],[18.1413,46.7091],[18.1303,46.7044],[18.1144,46.7305],[18.1205,46.7295],[18.1271,46.7337],[18.1376,46.7361],[18.138,46.7425],[18.1435,46.7434],[18.1412,46.7475],[18.1506,46.7495],[18.1563,46.7427],[18.1723,46.7451],[18.1721,46.755],[18.1664,46.7671],[18.1746,46.7722],[18.1868,46.7703],[18.2,46.7781],[18.2108,46.7782],[18.2216,46.7809]]]},"properties":{"megye":"Tolna"}},{"type":"Feature","geometry":{"type":"Polygon","coordinates":[[[16.6546,47.4349],[16.6701,47.4257],[16.6741,47.4258],[16.6782,47.4198],[16.6866,47.4219],[16.6919,47.4159],[16.698,47.4179],[16.7009,47.4145],[16.7092,47.4178],[16.7158,47.4091],[16.7229,47.4123],[16.7193,47.4183],[16.755,47.4358],[16.7573,47.434],[16.785,47.4433],[16.7909,47.4365],[16.8041,47.4437],[16.8117,47.4354],[16.8156,47.4355],[16.8482,47.4491],[16.8525,47.4404],[16.8589,47.4352],[16.8666,47.4235],[16.8734,47.4233],[16.8856,47.4128],[16.8944,47.4168],[16.8926,47.4198],[16.9055,47.4204],[16.9054,47.4239],[16.9095,47.4182],[16.9112,47.419],[16.9097,47.4133],[16.917,47.4134],[16.9153,47.4145],[16.9192,47.4154],[16.921,47.4112],[16.9317,47.4114],[16.9406,47.3979],[16.9475,47.3949],[16.9478,47.4007],[16.9554,47.4065],[16.9577,47.4058],[16.9604,47.4096],[16.9681,47.4117],[16.9697,47.4151],[16.9775,47.416],[16.9823,47.4218],[16.9984,47.4259],[16.9973,47.4271],[17.0055,47.4322],[17.0037,47.4348],[17.0115,47.4361],[17.0164,47.4396],[17.0232,47.4397],[17.033,47.4475],[17.0418,47.4507],[17.0456,47.4553],[17.0505,47.4581],[17.0545,47.4578],[17.0555,47.4608],[17.0616,47.448],[17.0661,47.4477],[17.0714,47.4413],[17.0654,47.4374],[17.0671,47.4351],[17.0626,47.4354],[17.0594,47.432],[17.0615,47.4213],[17.0577,47.4182],[17.0594,47.4167],[17.056,47.4162],[17.0583,47.4156],[17.0555,47.4151],[17.0568,47.4121],[17.0534,47.4121],[17.0524,47.409],[17.0558,47.4068],[17.0519,47.4075],[17.0491,47.403],[17.0457,47.4022],[17.0474,47.401],[17.0432,47.3997],[17.0483,47.3994],[17.0462,47.3955],[17.0501,47.3952],[17.0549,47.4014],[17.0665,47.4062],[17.0866,47.408],[17.0929,47.407],[17.1022,47.4121],[17.1056,47.4118],[17.1093,47.4164],[17.121,47.4185],[17.1256,47.4167],[17.1298,47.4255],[17.1252,47.4281],[17.1319,47.4279],[17.1335,47.4313],[17.1369,47.4298],[17.1473,47.4373],[17.1615,47.4341],[17.1726,47.4358],[17.1704,47.4338],[17.1727,47.4327],[17.1779,47.4305],[17.1775,47.4248],[17.1907,47.401],[17.1953,47.3969],[17.2089,47.3925],[17.1891,47.3816],[17.2122,47.3625],[17.2194,47.3641],[17.227,47.3551],[17.236,47.3545],[17.2594,47.3434],[17.2694,47.3451],[17.2962,47.3292],[17.2731,47.3178],[17.2417,47.3177],[17.2252,47.309],[17.2204,47.3021],[17.2132,47.2997],[17.2185,47.2919],[17.2195,47.2815],[17.2141,47.2749],[17.2083,47.2806],[17.1998,47.2679],[17.1995,47.2591],[17.2047,47.2546],[17.2094,47.2337],[17.2095,47.2139],[17.2073,47.2139],[17.2091,47.2082],[17.2142,47.2083],[17.2142,47.2068],[17.208,47.1926],[17.2107,47.1797],[17.208,47.1754],[17.202,47.1723],[17.201,47.1673],[17.196,47.1665],[17.1945,47.1619],[17.1981,47.1551],[17.1967,47.1486],[17.2013,47.1437],[17.2029,47.1304],[17.2094,47.1187],[17.2219,47.114],[17.2142,47.1104],[17.2114,47.1115],[17.2157,47.0819],[17.208,47.0798],[17.2014,47.0752],[17.1971,47.0717],[17.1956,47.0667],[17.1861,47.0665],[17.1685,47.0754],[17.1656,47.0799],[17.1598,47.0718],[17.1539,47.0789],[17.145,47.0799],[17.1318,47.074],[17.1075,47.0671],[17.0931,47.0642],[17.0769,47.0655],[17.0736,47.0509],[17.0753,47.0491],[17.0729,47.0391],[17.0756,47.0254],[17.0729,47.0239],[17.057,47.0312],[17.045,47.0245],[17.043,47.0336],[17.0377,47.0412],[17.0217,47.0378],[17.0159,47.0423],[17.0017,47.0352],[17.0112,47.0201],[17.0111,47.0095],[17.0205,46.9951],[17.017,47.0004],[17.0117,46.9923],[17.0034,46.9903],[16.9915,46.9817],[16.9854,46.9808],[16.9881,46.9706],[16.9908,46.971],[16.9943,46.9665],[16.9917,46.9634],[16.986,46.9663],[16.9828,46.9625],[16.9789,46.9616],[16.9239,46.9618],[16.9179,46.9723],[16.8994,46.975],[16.879,46.9697],[16.8678,46.971],[16.8689,46.9729],[16.8478,46.9702],[16.8436,46.9778],[16.8385,46.9807],[16.8287,46.9767],[16.8238,46.9724],[16.8215,46.9758],[16.8176,46.9738],[16.8175,46.9502],[16.8137,46.949],[16.8092,46.9508],[16.7865,46.9477],[16.7871,46.9321],[16.7791,46.9258],[16.774,46.928],[16.7376,46.933],[16.7011,46.9288],[16.6998,46.9319],[16.6914,46.934],[16.6868,46.9377],[16.6831,46.9342],[16.6675,46.9331],[16.666,46.9289],[16.6568,46.9253],[16.6519,46.921],[16.6312,46.9255],[16.6244,46.9158],[16.6036,46.8967],[16.5916,46.8903],[16.5866,46.8796],[16.5801,46.8752],[16.5831,46.8711],[16.5793,46.8691],[16.5677,46.8681],[16.5682,46.8563],[16.5627,46.855],[16.5621,46.8444],[16.5582,46.8439],[16.5568,46.8385],[16.5496,46.838],[16.5473,46.841],[16.5367,46.8419],[16.5191,46.8369],[16.502,46.8347],[16.5062,46.8279],[16.5051,46.8161],[16.5074,46.815],[16.5049,46.81],[16.5067,46.8073],[16.4889,46.7966],[16.4812,46.7949],[16.4682,46.7878],[16.4435,46.7802],[16.4405,46.7766],[16.4268,46.7838],[16.4202,46.7817],[16.4116,46.7884],[16.3949,46.7899],[16.3812,46.7854],[16.3787,46.7808],[16.3626,46.7804],[16.3652,46.7725],[16.3709,46.7695],[16.3748,46.7693],[16.3839,46.7763],[16.3994,46.7767],[16.4068,46.7731],[16.4009,46.7683],[16.397,46.7698],[16.3928,46.764],[16.3857,46.7627],[16.388,46.7608],[16.3842,46.7584],[16.3941,46.7488],[16.392,46.7479],[16.3945,46.7423],[16.3815,46.7355],[16.3716,46.7223],[16.3625,46.7168],[16.3588,46.717],[16.3571,46.7142],[16.3536,46.7248],[16.3472,46.7245],[16.3504,46.7284],[16.3467,46.7361],[16.3347,46.7435],[16.3324,46.7486],[16.3186,46.7541],[16.3218,46.7583],[16.3222,46.7646],[16.3305,46.7752],[16.33,46.7779],[16.3122,46.778],[16.313,46.7977],[16.3179,46.8006],[16.3399,46.804],[16.3403,46.8218],[16.3437,46.8219],[16.3446,46.8297],[16.3508,46.8301],[16.3477,46.8407],[16.3391,46.8431],[16.3403,46.8469],[16.3296,46.8446],[16.3186,46.8562],[16.3085,46.8564],[16.3086,46.8594],[16.3015,46.8595],[16.2951,46.8705],[16.2914,46.8728],[16.2653,46.8718],[16.2332,46.8767],[16.2267,46.8711],[16.2158,46.8685],[16.2037,46.8693],[16.1856,46.8657],[16.1764,46.8573],[16.1624,46.8594],[16.1561,46.8537],[16.1505,46.856],[16.1401,46.8549],[16.1266,46.8569],[16.1249,46.8629],[16.1171,46.8636],[16.117,46.8669],[16.1139,46.8691],[16.1332,46.8757],[16.1388,46.8852],[16.1451,46.886],[16.1487,46.8931],[16.154,46.8937],[16.1534,46.8964],[16.1585,46.8973],[16.163,46.9049],[16.1712,46.9035],[16.1792,46.9067],[16.1934,46.9356],[16.1999,46.9418],[16.2059,46.9425],[16.2077,46.9389],[16.21,46.9425],[16.2159,46.9391],[16.2176,46.9409],[16.2175,46.9361],[16.2221,46.9356],[16.2241,46.9402],[16.2291,46.9413],[16.2284,46.9432],[16.2327,46.9419],[16.2378,46.947],[16.2457,46.9468],[16.2469,46.9493],[16.2429,46.956],[16.2553,46.9642],[16.2693,46.9612],[16.2765,46.9626],[16.2758,46.9838],[16.2835,46.9975],[16.2828,47.0043],[16.2901,47.014],[16.2986,47.0095],[16.2986,47.0014],[16.3034,46.9983],[16.3225,47.0026],[16.3418,46.9962],[16.3454,47.0022],[16.3438,47.0039],[16.3498,47.0104],[16.3596,47.0056],[16.3641,47.0074],[16.3673,47.0063],[16.3729,46.9984],[16.3768,47.0001],[16.3831,46.9988],[16.3935,47.0033],[16.4126,47.0047],[16.4199,46.9963],[16.4323,46.9927],[16.4455,46.9932],[16.4461,47.0026],[16.4515,47.0043],[16.4564,47.0011],[16.46,47.0017],[16.4637,46.9971],[16.4738,46.9974],[16.4792,46.9938],[16.4868,46.9957],[16.4892,47.0004],[16.497,46.9982],[16.5041,47.0018],[16.5057,47.0003],[16.5123,47.0016],[16.5124,47.0035],[16.5087,47.0036],[16.5038,47.0072],[16.4927,47.0101],[16.4836,47.018],[16.4822,47.0227],[16.4777,47.0213],[16.4751,47.0273],[16.4636,47.0323],[16.4478,47.0227],[16.4389,47.0297],[16.4441,47.0344],[16.4402,47.0359],[16.4451,47.0387],[16.4562,47.0403],[16.4613,47.0433],[16.4675,47.0429],[16.4758,47.0468],[16.4978,47.0485],[16.5008,47.0507],[16.5066,47.0496],[16.5206,47.0562],[16.5205,47.0615],[16.5101,47.0663],[16.4958,47.0705],[16.487,47.0689],[16.4825,47.075],[16.4729,47.0736],[16.4708,47.0782],[16.4747,47.0853],[16.4683,47.0897],[16.466,47.0893],[16.4633,47.095],[16.4663,47.0958],[16.4646,47.099],[16.4726,47.1006],[16.4747,47.1052],[16.4777,47.1014],[16.4847,47.1026],[16.4829,47.1088],[16.5007,47.1102],[16.4999,47.1234],[16.5293,47.1272],[16.5288,47.1373],[16.5227,47.14],[16.5168,47.1493],[16.4905,47.1489],[16.4692,47.1428],[16.4543,47.1423],[16.4498,47.1456],[16.449,47.1519],[16.4531,47.1577],[16.4582,47.1573],[16.4606,47.1591],[16.4624,47.1615],[16.4606,47.1669],[16.4643,47.1684],[16.4574,47.1768],[16.4531,47.1863],[16.4548,47.1876],[16.4293,47.1847],[16.4195,47.1949],[16.4212,47.1973],[16.4169,47.2053],[16.4189,47.2106],[16.421,47.2108],[16.422,47.2078],[16.4284,47.2101],[16.4366,47.2099],[16.435,47.2155],[16.4393,47.2179],[16.4367,47.2227],[16.4382,47.2299],[16.4412,47.2304],[16.4428,47.2337],[16.4418,47.2486],[16.4305,47.2503],[16.4318,47.2529],[16.4487,47.2505],[16.4466,47.2534],[16.4611,47.256],[16.4671,47.2529],[16.4799,47.2626],[16.4773,47.2723],[16.4794,47.278],[16.4894,47.2803],[16.482,47.2914],[16.4818,47.2977],[16.4748,47.3121],[16.4692,47.3187],[16.4686,47.325],[16.4632,47.331],[16.4645,47.3339],[16.4583,47.3389],[16.4485,47.3394],[16.4446,47.3464],[16.4338,47.3528],[16.4465,47.3575],[16.4523,47.3571],[16.4512,47.3611],[16.4568,47.3667],[16.4569,47.371],[16.4514,47.3797],[16.4551,47.3837],[16.4614,47.3833],[16.4507,47.3929],[16.4454,47.4071],[16.4581,47.413],[16.4745,47.409],[16.4853,47.4089],[16.4872,47.4061],[16.4907,47.4057],[16.485,47.4022],[16.4838,47.3979],[16.4896,47.3997],[16.4886,47.3945],[16.4931,47.3941],[16.4966,47.3963],[16.4966,47.389],[16.5099,47.3965],[16.5079,47.405],[16.5137,47.4052],[16.5169,47.4106],[16.525,47.4104],[16.527,47.4086],[16.5303,47.4102],[16.54,47.4101],[16.5463,47.4056],[16.5602,47.407],[16.5745,47.406],[16.5774,47.4095],[16.5751,47.4123],[16.5824,47.4153],[16.5793,47.4179],[16.581,47.4193],[16.5889,47.4194],[16.5913,47.4214],[16.5876,47.4214],[16.5879,47.4228],[16.5968,47.4227],[16.6118,47.4316],[16.6125,47.4301],[16.6153,47.4323],[16.6204,47.4308],[16.6275,47.4421],[16.6363,47.4458],[16.6467,47.447],[16.6546,47.4349]]]},"properties":{"megye":"Vas"}},{"type":"Feature","geometry":{"type":"Polygon","coordinates":[[[17.0736,47.0509],[17.0769,47.0655],[17.0931,47.0642],[17.1075,47.0671],[17.1318,47.074],[17.145,47.0799],[17.1539,47.0789],[17.1598,47.0718],[17.1656,47.0799],[17.1685,47.0754],[17.1861,47.0665],[17.1956,47.0667],[17.1971,47.0717],[17.2014,47.0752],[17.208,47.0798],[17.2157,47.0819],[17.2114,47.1115],[17.2142,47.1104],[17.2219,47.114],[17.2094,47.1187],[17.2029,47.1304],[17.2013,47.1437],[17.1967,47.1486],[17.1981,47.1551],[17.1945,47.1619],[17.196,47.1665],[17.201,47.1673],[17.202,47.1723],[17.208,47.1754],[17.2107,47.1797],[17.208,47.1926],[17.2142,47.2068],[17.2142,47.2083],[17.2091,47.2082],[17.2073,47.2139],[17.2095,47.2139],[17.2094,47.2337],[17.2047,47.2546],[17.1995,47.2591],[17.1998,47.2679],[17.2083,47.2806],[17.2141,47.2749],[17.2195,47.2815],[17.2185,47.2919],[17.2132,47.2997],[17.2204,47.3021],[17.2252,47.309],[17.2417,47.3177],[17.2731,47.3178],[17.2962,47.3292],[17.2694,47.3451],[17.2594,47.3434],[17.236,47.3545],[17.227,47.3551],[17.2194,47.3641],[17.2122,47.3625],[17.1891,47.3816],[17.2089,47.3925],[17.1953,47.3969],[17.1907,47.401],[17.1775,47.4248],[17.1779,47.4305],[17.1727,47.4327],[17.1766,47.4335],[17.176,47.4362],[17.1815,47.4378],[17.1803,47.4401],[17.183,47.4428],[17.1886,47.4444],[17.1898,47.4421],[17.1908,47.4444],[17.1937,47.4433],[17.193,47.4456],[17.2013,47.4355],[17.2221,47.432],[17.223,47.4389],[17.2281,47.437],[17.2303,47.439],[17.2332,47.4367],[17.2342,47.4402],[17.2366,47.4349],[17.2395,47.4342],[17.2405,47.4357],[17.2457,47.4331],[17.2619,47.4353],[17.2625,47.4334],[17.2659,47.4331],[17.2648,47.4304],[17.271,47.432],[17.2727,47.4301],[17.2715,47.4328],[17.2743,47.4339],[17.2806,47.4299],[17.2861,47.4322],[17.2935,47.4293],[17.2991,47.4305],[17.299,47.4343],[17.3135,47.4364],[17.3123,47.4391],[17.3239,47.4427],[17.3262,47.4431],[17.3296,47.4397],[17.3419,47.4414],[17.3448,47.4396],[17.3508,47.4442],[17.3621,47.4436],[17.3829,47.4588],[17.386,47.4676],[17.3838,47.4679],[17.3841,47.476],[17.3894,47.4859],[17.3922,47.4852],[17.3917,47.4825],[17.4091,47.4824],[17.4233,47.4784],[17.4192,47.4673],[17.4331,47.453],[17.4382,47.4508],[17.4444,47.4509],[17.448,47.4411],[17.445,47.4315],[17.4586,47.4244],[17.4641,47.4295],[17.4828,47.4229],[17.4905,47.4295],[17.5032,47.435],[17.5081,47.4411],[17.5041,47.4449],[17.5264,47.4688],[17.5288,47.4635],[17.5399,47.4529],[17.5546,47.4455],[17.5586,47.4414],[17.5819,47.452],[17.5777,47.4599],[17.5887,47.4692],[17.5996,47.4625],[17.6037,47.4561],[17.6203,47.4654],[17.6306,47.4553],[17.6329,47.456],[17.6346,47.4542],[17.6424,47.4577],[17.6414,47.4516],[17.6575,47.4571],[17.6598,47.4556],[17.6637,47.4568],[17.6635,47.4667],[17.6701,47.4721],[17.6751,47.4722],[17.6826,47.4665],[17.6881,47.4697],[17.6909,47.4678],[17.7032,47.4733],[17.7123,47.4654],[17.7014,47.4542],[17.7043,47.4497],[17.7115,47.4528],[17.7133,47.4513],[17.716,47.454],[17.7194,47.4536],[17.7234,47.4487],[17.7318,47.4515],[17.7225,47.4617],[17.7264,47.4632],[17.7263,47.469],[17.7292,47.4659],[17.7325,47.4675],[17.7302,47.4698],[17.738,47.4729],[17.7558,47.4556],[17.7623,47.4431],[17.7607,47.4393],[17.7785,47.4216],[17.7873,47.4068],[17.7873,47.4049],[17.7774,47.3995],[17.7855,47.3893],[17.7694,47.3826],[17.7648,47.3841],[17.7661,47.3776],[17.7541,47.3649],[17.7441,47.3595],[17.7291,47.3574],[17.7247,47.3516],[17.726,47.3467],[17.7183,47.3409],[17.7263,47.3349],[17.7311,47.3209],[17.7396,47.3172],[17.7474,47.318],[17.7559,47.3147],[17.7606,47.3052],[17.7587,47.2892],[17.7673,47.2805],[17.7653,47.274],[17.7675,47.2725],[17.7797,47.2784],[17.787,47.2792],[17.7806,47.2864],[17.7827,47.2948],[17.7786,47.3008],[17.7801,47.3096],[17.7777,47.3172],[17.7809,47.323],[17.7881,47.3272],[17.7904,47.3234],[17.8004,47.3251],[17.8078,47.3221],[17.8144,47.3248],[17.8212,47.3245],[17.821,47.3318],[17.8265,47.3353],[17.8319,47.3441],[17.8364,47.3449],[17.8248,47.3604],[17.8337,47.3639],[17.8342,47.3669],[17.8574,47.3805],[17.8698,47.3795],[17.8776,47.3811],[17.8841,47.3899],[17.9,47.3832],[17.9056,47.3829],[17.9155,47.3895],[17.9285,47.3873],[17.9341,47.3885],[17.9421,47.3817],[17.9494,47.3791],[17.9507,47.3696],[17.9457,47.3669],[17.934,47.3657],[17.9273,47.3618],[17.9357,47.363],[17.9567,47.3529],[17.9618,47.348],[17.9615,47.3336],[17.9721,47.3394],[17.9755,47.3375],[17.9889,47.3372],[17.9946,47.3339],[18.0035,47.3381],[18.0202,47.3398],[18.0293,47.3342],[18.036,47.3346],[18.0401,47.3263],[18.0486,47.3206],[18.066,47.3189],[18.0644,47.3151],[18.0472,47.305],[18.051,47.2841],[18.0544,47.2784],[18.0661,47.2804],[18.0757,47.2797],[18.0899,47.265],[18.0934,47.257],[18.1059,47.2495],[18.1159,47.2511],[18.1459,47.2647],[18.1576,47.2644],[18.1718,47.2535],[18.1696,47.2497],[18.1737,47.2394],[18.1793,47.2372],[18.1969,47.2228],[18.217,47.2249],[18.2249,47.2139],[18.2256,47.2063],[18.2217,47.204],[18.2235,47.1986],[18.221,47.1815],[18.2278,47.1735],[18.2177,47.1739],[18.2218,47.1663],[18.2123,47.1639],[18.2154,47.1441],[18.2235,47.124],[18.2238,47.1057],[18.2346,47.0936],[18.2146,47.0874],[18.2036,47.0793],[18.213,47.0485],[18.2345,47.0293],[18.2391,47.0198],[18.2585,47.0252],[18.2619,47.0203],[18.2475,47.0157],[18.2353,47.014],[18.2353,47.011],[18.2282,47.0033],[18.216,47.0017],[18.2127,46.9994],[18.2068,46.983],[18.2059,46.9719],[18.1894,46.9897],[18.1805,46.9889],[18.176,46.9938],[18.1684,46.9949],[18.167,46.9975],[18.0668,46.9701],[18.0481,46.96],[18.0078,46.944],[17.9763,46.9335],[17.9459,46.9275],[17.9078,46.916],[17.9129,46.9073],[17.9104,46.8944],[17.9017,46.8859],[17.8896,46.8801],[17.8786,46.8784],[17.8546,46.8847],[17.7892,46.8539],[17.7301,46.8406],[17.6988,46.8288],[17.6676,46.8121],[17.6251,46.8017],[17.5345,46.7715],[17.5099,46.759],[17.4923,46.7531],[17.4652,46.7531],[17.4542,46.7487],[17.446,46.7479],[17.4198,46.7509],[17.418,46.7577],[17.3676,46.7909],[17.3614,46.7931],[17.3541,46.8132],[17.3507,46.8166],[17.3343,46.8274],[17.3259,46.8291],[17.3279,46.8368],[17.3249,46.8413],[17.3259,46.8459],[17.3355,46.8582],[17.3321,46.8612],[17.3337,46.8635],[17.3313,46.8673],[17.3274,46.8699],[17.3229,46.8698],[17.3177,46.8762],[17.327,46.8825],[17.3268,46.8878],[17.3222,46.8935],[17.3099,46.8959],[17.3048,46.8989],[17.3039,46.9076],[17.284,46.9207],[17.2762,46.9209],[17.268,46.9166],[17.2619,46.9184],[17.2564,46.9164],[17.2518,46.9198],[17.2419,46.9181],[17.2307,46.9206],[17.2259,46.9308],[17.2291,46.935],[17.2319,46.9351],[17.2339,46.9412],[17.2388,46.9421],[17.2421,46.9452],[17.2384,46.9546],[17.25,46.9567],[17.2436,46.9673],[17.2462,46.97],[17.2371,46.9782],[17.2349,46.977],[17.2303,46.9812],[17.2323,46.9861],[17.2289,46.9903],[17.2214,46.9955],[17.2181,46.9951],[17.2102,46.9987],[17.2066,47.0055],[17.1996,46.9986],[17.1913,46.9988],[17.1841,46.996],[17.1801,46.9994],[17.1763,46.9963],[17.174,46.9993],[17.1629,46.9987],[17.1489,47.0012],[17.1439,46.9999],[17.1428,47.0148],[17.1384,47.0136],[17.1221,47.0186],[17.1129,47.0276],[17.0913,47.0379],[17.0753,47.0491],[17.0736,47.0509]]]},"properties":{"megye":"Veszprém"}},{"type":"Feature","geometry":{"type":"Polygon","coordinates":[[[17.0913,47.0379],[17.1129,47.0276],[17.1221,47.0186],[17.1384,47.0136],[17.1428,47.0148],[17.1439,46.9999],[17.1489,47.0012],[17.1629,46.9987],[17.174,46.9993],[17.1763,46.9963],[17.1801,46.9994],[17.1841,46.996],[17.1913,46.9988],[17.1996,46.9986],[17.2066,47.0055],[17.2102,46.9987],[17.2181,46.9951],[17.2214,46.9955],[17.2289,46.9903],[17.2323,46.9861],[17.2303,46.9812],[17.2349,46.977],[17.2371,46.9782],[17.2462,46.97],[17.2436,46.9673],[17.25,46.9567],[17.2384,46.9546],[17.2421,46.9452],[17.2388,46.9421],[17.2339,46.9412],[17.2319,46.9351],[17.2291,46.935],[17.2259,46.9308],[17.2307,46.9206],[17.2419,46.9181],[17.2518,46.9198],[17.2564,46.9164],[17.2619,46.9184],[17.268,46.9166],[17.2762,46.9209],[17.284,46.9207],[17.3039,46.9076],[17.3048,46.8989],[17.3099,46.8959],[17.3222,46.8935],[17.3268,46.8878],[17.327,46.8825],[17.3177,46.8762],[17.3229,46.8698],[17.3274,46.8699],[17.3313,46.8673],[17.3337,46.8635],[17.3321,46.8612],[17.3355,46.8582],[17.3259,46.8459],[17.3249,46.8413],[17.3279,46.8368],[17.3259,46.8291],[17.3343,46.8274],[17.3507,46.8166],[17.3541,46.8132],[17.3614,46.7931],[17.3676,46.7909],[17.418,46.7577],[17.4198,46.7509],[17.3977,46.7487],[17.3857,46.7439],[17.3721,46.7339],[17.3617,46.7318],[17.3112,46.7333],[17.2992,46.7354],[17.278,46.7343],[17.2645,46.7057],[17.2591,46.7036],[17.2564,46.6936],[17.2514,46.6875],[17.2419,46.6804],[17.2322,46.678],[17.22,46.6639],[17.2214,46.655],[17.2183,46.6488],[17.2221,46.6348],[17.2151,46.6107],[17.2268,46.5118],[17.2147,46.4949],[17.2048,46.4936],[17.2012,46.4848],[17.194,46.4873],[17.1902,46.4857],[17.1946,46.4836],[17.1889,46.4731],[17.1953,46.4656],[17.1943,46.445],[17.1911,46.4415],[17.1883,46.4292],[17.1804,46.4326],[17.1413,46.4274],[17.1394,46.4079],[17.1279,46.4058],[17.1147,46.4064],[17.1139,46.4147],[17.1022,46.4164],[17.096,46.4201],[17.0875,46.4206],[17.0808,46.4164],[17.079,46.4054],[17.0686,46.4017],[17.0546,46.4084],[17.0543,46.4167],[17.051,46.4174],[17.0483,46.4147],[17.0439,46.4166],[17.0373,46.4161],[17.037,46.4092],[17.0322,46.4045],[17.0297,46.3965],[17.0343,46.3912],[17.0433,46.3876],[17.0469,46.3797],[17.0438,46.3731],[17.0467,46.369],[17.055,46.368],[17.0534,46.3661],[17.059,46.3494],[17.0582,46.3399],[17.0473,46.3397],[17.0426,46.3316],[17.0372,46.3292],[17.0375,46.3208],[17.041,46.3167],[17.0295,46.3134],[17.0269,46.3096],[17.0176,46.3079],[17.0139,46.3048],[17.0083,46.307],[17.0065,46.3115],[17.001,46.3114],[17.0001,46.3137],[16.9933,46.3124],[16.9855,46.3157],[16.9782,46.3053],[16.9634,46.3042],[16.956,46.2953],[16.9468,46.2918],[16.944,46.294],[16.9391,46.2912],[16.9393,46.3023],[16.9343,46.3026],[16.9368,46.3087],[16.9359,46.3171],[16.9288,46.3181],[16.8971,46.3125],[16.8936,46.3174],[16.8869,46.3196],[16.8856,46.3241],[16.8763,46.3251],[16.8781,46.3205],[16.8763,46.321],[16.8732,46.3258],[16.8791,46.332],[16.8798,46.3364],[16.8722,46.3363],[16.8735,46.3432],[16.8618,46.3465],[16.8669,46.3513],[16.8658,46.3546],[16.8551,46.3527],[16.8507,46.3546],[16.8507,46.3613],[16.8361,46.365],[16.8374,46.3741],[16.8331,46.3744],[16.8279,46.3674],[16.8222,46.3734],[16.8141,46.3711],[16.8109,46.3769],[16.8035,46.3774],[16.8023,46.3841],[16.7932,46.3871],[16.7854,46.3846],[16.7777,46.3788],[16.7713,46.3858],[16.7687,46.3855],[16.7642,46.3797],[16.7606,46.3788],[16.7542,46.3881],[16.7448,46.3856],[16.7418,46.3864],[16.739,46.3897],[16.7396,46.3988],[16.7342,46.4011],[16.7261,46.4001],[16.7227,46.3926],[16.7187,46.3915],[16.7156,46.3981],[16.7044,46.4059],[16.6921,46.4214],[16.6806,46.4391],[16.6755,46.443],[16.674,46.4482],[16.6691,46.4494],[16.6607,46.4451],[16.6575,46.4461],[16.6582,46.4487],[16.6657,46.4527],[16.6638,46.4595],[16.6456,46.4642],[16.6364,46.4647],[16.6303,46.4617],[16.6273,46.4671],[16.6237,46.4683],[16.6171,46.4647],[16.6066,46.4731],[16.6059,46.4764],[16.5806,46.478],[16.5793,46.4811],[16.5692,46.485],[16.5693,46.488],[16.5526,46.4925],[16.5236,46.5054],[16.5253,46.5087],[16.5299,46.5076],[16.5332,46.5145],[16.5258,46.5155],[16.5244,46.5196],[16.5309,46.5252],[16.5326,46.5314],[16.5279,46.5349],[16.5177,46.5364],[16.5162,46.5412],[16.5194,46.5464],[16.5187,46.5527],[16.5084,46.5653],[16.5012,46.5625],[16.4931,46.5625],[16.4902,46.5656],[16.483,46.566],[16.4834,46.5786],[16.4734,46.5876],[16.4689,46.5858],[16.4615,46.5969],[16.4557,46.5978],[16.4522,46.6007],[16.4456,46.611],[16.4249,46.6132],[16.4076,46.6309],[16.3996,46.6342],[16.3918,46.6337],[16.3896,46.6383],[16.3921,46.6409],[16.3859,46.6442],[16.3853,46.6539],[16.3911,46.6551],[16.3937,46.6621],[16.3915,46.6637],[16.3959,46.6647],[16.4034,46.6612],[16.4031,46.6588],[16.4198,46.6585],[16.4206,46.6625],[16.4183,46.6645],[16.4254,46.6704],[16.4203,46.6741],[16.4256,46.679],[16.4213,46.6804],[16.4286,46.694],[16.424,46.6959],[16.3817,46.6981],[16.3689,46.704],[16.3799,46.712],[16.3798,46.7154],[16.375,46.7171],[16.3716,46.7223],[16.3815,46.7355],[16.3945,46.7423],[16.392,46.7479],[16.3941,46.7488],[16.3842,46.7584],[16.388,46.7608],[16.3857,46.7627],[16.3928,46.764],[16.397,46.7698],[16.4009,46.7683],[16.4068,46.7731],[16.3994,46.7767],[16.3839,46.7763],[16.3748,46.7693],[16.3709,46.7695],[16.3652,46.7725],[16.3626,46.7804],[16.3787,46.7808],[16.3812,46.7854],[16.3949,46.7899],[16.4116,46.7884],[16.4202,46.7817],[16.4268,46.7838],[16.4405,46.7766],[16.4435,46.7802],[16.4682,46.7878],[16.4812,46.7949],[16.4889,46.7966],[16.5067,46.8073],[16.5049,46.81],[16.5074,46.815],[16.5051,46.8161],[16.5062,46.8279],[16.502,46.8347],[16.5191,46.8369],[16.5367,46.8419],[16.5473,46.841],[16.5496,46.838],[16.5568,46.8385],[16.5582,46.8439],[16.5621,46.8444],[16.5627,46.855],[16.5682,46.8563],[16.5677,46.8681],[16.5793,46.8691],[16.5831,46.8711],[16.5801,46.8752],[16.5866,46.8796],[16.5916,46.8903],[16.6036,46.8967],[16.6244,46.9158],[16.6312,46.9255],[16.6519,46.921],[16.6568,46.9253],[16.666,46.9289],[16.6675,46.9331],[16.6831,46.9342],[16.6868,46.9377],[16.6914,46.934],[16.6998,46.9319],[16.7011,46.9288],[16.7376,46.933],[16.774,46.928],[16.7791,46.9258],[16.7871,46.9321],[16.7865,46.9477],[16.8092,46.9508],[16.8137,46.949],[16.8175,46.9502],[16.8176,46.9738],[16.8215,46.9758],[16.8238,46.9724],[16.8287,46.9767],[16.8385,46.9807],[16.8436,46.9778],[16.8478,46.9702],[16.8689,46.9729],[16.8678,46.971],[16.879,46.9697],[16.8994,46.975],[16.9179,46.9723],[16.9239,46.9618],[16.9789,46.9616],[16.9828,46.9625],[16.986,46.9663],[16.9917,46.9634],[16.9943,46.9665],[16.9908,46.971],[16.9881,46.9706],[16.9854,46.9808],[16.9915,46.9817],[17.0034,46.9903],[17.0117,46.9923],[17.017,47.0004],[17.0205,46.9951],[17.0111,47.0095],[17.0112,47.0201],[17.0017,47.0352],[17.0159,47.0423],[17.0217,47.0378],[17.0377,47.0412],[17.043,47.0336],[17.045,47.0245],[17.057,47.0312],[17.0729,47.0239],[17.0756,47.0254],[17.0729,47.0391],[17.0753,47.0491],[17.0913,47.0379]]]},"properties":{"megye":"Zala"}}]}