{"type":"FeatureCollection","features":[{"type":"Feature","properties":{"id":"0101","name":"BP 01. OEVK","regionId":"budapest","center":"BP V. kerület"},"geometry":{"type":"Polygon","coordinates":[[[19.0556,47.5104],[19.0551,47.5096],[19.0551,47.5087],[19.055,47.5071],[19.055,47.5065],[19.0549,47.5035],[19.0548,47.4995],[19.0548,47.4993],[19.0548,47.4981],[19.055,47.4975],[19.0553,47.4976],[19.0559,47.4973],[19.0567,47.4969],[19.0581,47.4962],[19.0588,47.4959],[19.059,47.4957],[19.06,47.4943],[19.0626,47.495],[19.0631,47.4951],[19.0644,47.4954],[19.0667,47.496],[19.0698,47.497],[19.0704,47.4971],[19.0705,47.4971],[19.0709,47.4962],[19.0711,47.4936],[19.0712,47.493],[19.0712,47.4924],[19.0711,47.4917],[19.0709,47.4905],[19.0707,47.4894],[19.0704,47.4875],[19.0703,47.4867],[19.0702,47.4862],[19.0701,47.4858],[19.0718,47.4852],[19.0759,47.4837],[19.0773,47.4832],[19.0778,47.483],[19.0785,47.4828],[19.0785,47.4828],[19.0777,47.4817],[19.077,47.4808],[19.0764,47.48],[19.0756,47.4789],[19.0749,47.4779],[19.0748,47.4779],[19.0747,47.4778],[19.0722,47.4769],[19.0694,47.4759],[19.0691,47.4758],[19.0687,47.4756],[19.0677,47.4752],[19.066,47.4747],[19.0656,47.4754],[19.0639,47.4782],[19.0593,47.4821],[19.055,47.4857],[19.0549,47.4858],[19.0513,47.4889],[19.0498,47.4881],[19.0438,47.4876],[19.0438,47.4873],[19.0434,47.4872],[19.0428,47.487],[19.0425,47.4869],[19.0418,47.486],[19.0413,47.4857],[19.0406,47.4857],[19.0403,47.4858],[19.0402,47.486],[19.0387,47.4861],[19.0375,47.4869],[19.037,47.487],[19.0368,47.4869],[19.0366,47.4866],[19.0341,47.4863],[19.034,47.4863],[19.033,47.4863],[19.0325,47.4864],[19.0322,47.4866],[19.0313,47.4868],[19.0303,47.4883],[19.0293,47.4903],[19.0287,47.491],[19.0284,47.4916],[19.0267,47.4942],[19.0262,47.4953],[19.0235,47.495],[19.0235,47.4956],[19.0238,47.4986],[19.0238,47.4993],[19.024,47.501],[19.024,47.5013],[19.024,47.503],[19.0242,47.5039],[19.0243,47.5045],[19.0244,47.5049],[19.0248,47.506],[19.0249,47.5062],[19.0266,47.5076],[19.0268,47.5079],[19.0269,47.508],[19.0272,47.5081],[19.03,47.508],[19.0315,47.5079],[19.0325,47.5078],[19.0332,47.5078],[19.0342,47.5078],[19.0356,47.5078],[19.0369,47.5078],[19.0382,47.5078],[19.0392,47.5078],[19.0397,47.5078],[19.0423,47.5077],[19.0434,47.5146],[19.0473,47.5134],[19.0519,47.5118],[19.0547,47.5108],[19.0556,47.5104]]]}},{"type":"Feature","properties":{"id":"0102","name":"BP 02. OEVK","regionId":"budapest","center":"BP XI. kerület"},"geometry":{"type":"Polygon","coordinates":[[[19.066,47.4747],[19.0676,47.4699],[19.0676,47.4687],[19.0676,47.4686],[19.0664,47.4686],[19.0626,47.4687],[19.0576,47.4688],[19.0542,47.4695],[19.0463,47.4709],[19.0417,47.4718],[19.0417,47.4715],[19.0412,47.4701],[19.041,47.4697],[19.0409,47.4693],[19.0407,47.4688],[19.0403,47.4678],[19.0395,47.4655],[19.0394,47.4653],[19.0392,47.4646],[19.039,47.4642],[19.0407,47.4639],[19.0406,47.4633],[19.0404,47.4627],[19.0388,47.463],[19.0379,47.463],[19.0371,47.4631],[19.0363,47.4632],[19.036,47.4632],[19.0355,47.4633],[19.0347,47.4634],[19.0337,47.4635],[19.0316,47.4638],[19.0285,47.4642],[19.0265,47.4645],[19.0241,47.4647],[19.0236,47.4627],[19.0206,47.463],[19.0203,47.4635],[19.0204,47.4582],[19.0202,47.4542],[19.0194,47.4532],[19.0171,47.4522],[19.0121,47.4513],[19.0092,47.4507],[19.0062,47.4501],[18.9989,47.4487],[18.9907,47.4472],[18.9892,47.447],[18.9785,47.4472],[18.9774,47.4473],[18.9718,47.4498],[18.97,47.4512],[18.9757,47.4541],[18.9768,47.4552],[18.981,47.4553],[18.9827,47.4607],[18.9789,47.4689],[18.9703,47.4761],[18.9703,47.4765],[18.9709,47.4769],[18.9714,47.4771],[18.9735,47.4781],[18.9752,47.4791],[18.9759,47.4795],[18.976,47.4795],[18.9764,47.4793],[18.977,47.479],[18.9777,47.4789],[18.978,47.4789],[18.9779,47.4793],[18.978,47.4794],[18.9781,47.4794],[18.979,47.4801],[18.9802,47.4809],[18.9813,47.4802],[18.9827,47.4794],[18.9831,47.4791],[18.984,47.4783],[18.985,47.4776],[18.9853,47.4773],[18.9866,47.4764],[18.9869,47.4763],[18.9886,47.4773],[18.9898,47.4778],[18.9912,47.4782],[18.9919,47.4784],[18.9922,47.4787],[18.9923,47.4788],[18.9925,47.4806],[18.9926,47.4809],[18.9931,47.4812],[18.9934,47.4812],[18.9954,47.4814],[18.9967,47.4817],[18.9982,47.4817],[18.9986,47.4817],[18.9994,47.4822],[19.0045,47.481],[19.0049,47.4815],[19.0052,47.4838],[19.0067,47.4837],[19.0085,47.4842],[19.0094,47.4845],[19.0102,47.4847],[19.0117,47.4835],[19.0133,47.4829],[19.0138,47.4828],[19.0149,47.4832],[19.0156,47.4837],[19.0165,47.4839],[19.0171,47.4839],[19.0188,47.4836],[19.0196,47.4837],[19.0198,47.4838],[19.0197,47.4841],[19.0186,47.4844],[19.0173,47.4853],[19.018,47.4853],[19.019,47.4851],[19.0196,47.4848],[19.0207,47.4842],[19.0211,47.4839],[19.022,47.483],[19.0225,47.4828],[19.0229,47.4828],[19.023,47.483],[19.0227,47.4835],[19.0222,47.4844],[19.022,47.485],[19.0221,47.4855],[19.0224,47.486],[19.0228,47.4863],[19.0235,47.4868],[19.0246,47.4874],[19.0254,47.4878],[19.0259,47.488],[19.0273,47.4882],[19.0286,47.4883],[19.0303,47.4883],[19.0313,47.4868],[19.0322,47.4866],[19.0325,47.4864],[19.033,47.4863],[19.034,47.4863],[19.0341,47.4863],[19.0366,47.4866],[19.0368,47.4869],[19.037,47.487],[19.0375,47.4869],[19.0387,47.4861],[19.0402,47.486],[19.0403,47.4858],[19.0406,47.4857],[19.0413,47.4857],[19.0418,47.486],[19.0425,47.4869],[19.0428,47.487],[19.0434,47.4872],[19.0438,47.4873],[19.0438,47.4876],[19.0498,47.4881],[19.0513,47.4889],[19.0549,47.4858],[19.055,47.4857],[19.0593,47.4821],[19.0639,47.4782],[19.0656,47.4754],[19.066,47.4747]]]}},{"type":"Feature","properties":{"id":"0103","name":"BP 03. OEVK","regionId":"budapest","center":"BP XII. kerület"},"geometry":{"type":"Polygon","coordinates":[[[19.0418,47.5146],[19.0434,47.5146],[19.0423,47.5077],[19.0397,47.5078],[19.0392,47.5078],[19.0382,47.5078],[19.0369,47.5078],[19.0356,47.5078],[19.0342,47.5078],[19.0332,47.5078],[19.0325,47.5078],[19.0315,47.5079],[19.03,47.508],[19.0272,47.5081],[19.0269,47.508],[19.0268,47.5079],[19.0266,47.5076],[19.0249,47.5062],[19.0248,47.506],[19.0244,47.5049],[19.0243,47.5045],[19.0242,47.5039],[19.024,47.503],[19.024,47.5013],[19.024,47.501],[19.0238,47.4993],[19.0238,47.4986],[19.0235,47.4956],[19.0235,47.495],[19.0262,47.4953],[19.0267,47.4942],[19.0284,47.4916],[19.0287,47.491],[19.0293,47.4903],[19.0303,47.4883],[19.0286,47.4883],[19.0273,47.4882],[19.0259,47.488],[19.0254,47.4878],[19.0246,47.4874],[19.0235,47.4868],[19.0228,47.4863],[19.0224,47.486],[19.0221,47.4855],[19.022,47.485],[19.0222,47.4844],[19.0227,47.4835],[19.023,47.483],[19.0229,47.4828],[19.0225,47.4828],[19.022,47.483],[19.0211,47.4839],[19.0207,47.4842],[19.0196,47.4848],[19.019,47.4851],[19.018,47.4853],[19.0173,47.4853],[19.0186,47.4844],[19.0197,47.4841],[19.0198,47.4838],[19.0196,47.4837],[19.0188,47.4836],[19.0171,47.4839],[19.0165,47.4839],[19.0156,47.4837],[19.0149,47.4832],[19.0138,47.4828],[19.0133,47.4829],[19.0117,47.4835],[19.0102,47.4847],[19.0094,47.4845],[19.0085,47.4842],[19.0067,47.4837],[19.0052,47.4838],[19.0049,47.4815],[19.0045,47.481],[18.9994,47.4822],[18.9986,47.4817],[18.9982,47.4817],[18.9967,47.4817],[18.9954,47.4814],[18.9934,47.4812],[18.9931,47.4812],[18.9926,47.4809],[18.9925,47.4806],[18.9923,47.4788],[18.9922,47.4787],[18.9919,47.4784],[18.9912,47.4782],[18.9898,47.4778],[18.9886,47.4773],[18.9869,47.4763],[18.9866,47.4764],[18.9853,47.4773],[18.985,47.4776],[18.984,47.4783],[18.9831,47.4791],[18.9827,47.4794],[18.9813,47.4802],[18.9802,47.4809],[18.979,47.4801],[18.9781,47.4794],[18.978,47.4794],[18.9779,47.4793],[18.978,47.4789],[18.9777,47.4789],[18.977,47.479],[18.9764,47.4793],[18.976,47.4795],[18.9759,47.4795],[18.9752,47.4791],[18.9735,47.4781],[18.9714,47.4771],[18.9709,47.4769],[18.9703,47.4765],[18.9703,47.4761],[18.9673,47.4797],[18.9637,47.4823],[18.9551,47.4863],[18.9523,47.4843],[18.9471,47.4824],[18.9415,47.487],[18.9417,47.4885],[18.9359,47.4915],[18.9399,47.4978],[18.9446,47.497],[18.945,47.4978],[18.9444,47.4982],[18.9455,47.4993],[18.9439,47.5012],[18.9436,47.5022],[18.9443,47.5033],[18.9412,47.5049],[18.9338,47.5071],[18.9354,47.5093],[18.9384,47.5122],[18.9382,47.5124],[18.9397,47.5124],[18.9429,47.5172],[18.9448,47.5175],[18.9427,47.5188],[18.9351,47.5221],[18.9337,47.5207],[18.9268,47.5223],[18.9275,47.5243],[18.929,47.5241],[18.9303,47.5246],[18.9353,47.5226],[18.9345,47.5305],[18.9337,47.5315],[18.9344,47.5331],[18.934,47.5354],[18.9348,47.5375],[18.9355,47.5392],[18.9359,47.5434],[18.9358,47.5434],[18.9358,47.5434],[18.9359,47.5437],[18.9362,47.5439],[18.9365,47.5442],[18.9377,47.5453],[18.939,47.5463],[18.9393,47.5466],[18.9395,47.5467],[18.9399,47.5465],[18.9406,47.5462],[18.9412,47.5458],[18.9415,47.5457],[18.9418,47.5456],[18.942,47.5454],[18.9424,47.5452],[18.9424,47.5451],[18.9428,47.5449],[18.9431,47.5447],[18.9435,47.5445],[18.9454,47.5433],[18.9458,47.5429],[18.9463,47.5427],[18.947,47.5425],[18.9476,47.5425],[18.9496,47.5425],[18.9498,47.5424],[18.9501,47.5424],[18.9505,47.5422],[18.9506,47.542],[18.9511,47.5419],[18.952,47.5414],[18.9528,47.5411],[18.9533,47.5409],[18.9539,47.5408],[18.9552,47.5404],[18.9562,47.5401],[18.9573,47.5398],[18.958,47.5395],[18.9583,47.5394],[18.9588,47.5393],[18.9593,47.5392],[18.9627,47.5386],[18.9629,47.5385],[18.9634,47.5383],[18.9652,47.5376],[18.9665,47.5372],[18.9671,47.5371],[18.9685,47.5369],[18.97,47.5364],[18.9709,47.536],[18.9719,47.5358],[18.9726,47.5355],[18.9731,47.5352],[18.9737,47.5349],[18.9743,47.5345],[18.9748,47.534],[18.9753,47.5336],[18.9777,47.5314],[18.9785,47.5307],[18.9791,47.5301],[18.9807,47.5286],[18.9812,47.5282],[18.9819,47.5275],[18.983,47.5267],[18.9836,47.5263],[18.9845,47.5257],[18.9853,47.5252],[18.9855,47.525],[18.9862,47.5245],[18.9887,47.5228],[18.9899,47.5219],[18.992,47.5205],[18.9938,47.5192],[18.9962,47.5176],[18.9965,47.5174],[18.9965,47.5173],[18.9968,47.5172],[18.9971,47.5171],[18.9976,47.5169],[18.9986,47.5165],[18.9989,47.5163],[18.9991,47.5162],[18.9998,47.5158],[19.0006,47.5152],[19.0014,47.5147],[19.0021,47.5142],[19.0021,47.5142],[19.0028,47.5137],[19.0043,47.5129],[19.0056,47.5139],[19.0067,47.5146],[19.0069,47.5145],[19.0076,47.5139],[19.0081,47.5134],[19.0083,47.5134],[19.0084,47.5134],[19.0085,47.5134],[19.0085,47.5135],[19.0085,47.5137],[19.0084,47.514],[19.0083,47.5143],[19.0083,47.5144],[19.0083,47.5145],[19.0085,47.5146],[19.0087,47.5145],[19.0091,47.5142],[19.0097,47.5139],[19.0098,47.5138],[19.011,47.513],[19.0113,47.5129],[19.0118,47.5127],[19.0133,47.5122],[19.0137,47.512],[19.0146,47.5117],[19.0153,47.5124],[19.0157,47.5125],[19.016,47.5126],[19.0167,47.5131],[19.0186,47.512],[19.0195,47.5115],[19.0198,47.5121],[19.0201,47.5126],[19.0204,47.5133],[19.0205,47.5134],[19.0206,47.5136],[19.0212,47.514],[19.0214,47.5141],[19.022,47.5146],[19.0223,47.515],[19.0225,47.5151],[19.0236,47.515],[19.0235,47.5153],[19.0235,47.5153],[19.0235,47.5154],[19.0242,47.5159],[19.0246,47.5164],[19.0246,47.5165],[19.0267,47.5156],[19.0268,47.5157],[19.0268,47.5157],[19.0268,47.5157],[19.0268,47.5157],[19.0269,47.5159],[19.0274,47.517],[19.0275,47.5174],[19.028,47.5182],[19.0292,47.518],[19.0309,47.5175],[19.0318,47.5173],[19.0324,47.5171],[19.0332,47.517],[19.033,47.5159],[19.0327,47.5148],[19.0335,47.5146],[19.035,47.5146],[19.0358,47.5146],[19.0359,47.5146],[19.0361,47.5146],[19.0373,47.5146],[19.0384,47.5148],[19.0394,47.5147],[19.0402,47.5146],[19.0418,47.5146]]]}},{"type":"Feature","properties":{"id":"0104","name":"BP 04. OEVK","regionId":"budapest","center":"BP II. kerület"},"geometry":{"type":"Polygon","coordinates":[[[19.0563,47.6092],[19.0564,47.6082],[19.0566,47.6071],[19.0567,47.6064],[19.0569,47.6052],[19.0569,47.6049],[19.0573,47.6044],[19.0576,47.604],[19.0578,47.6036],[19.0578,47.6034],[19.0578,47.6033],[19.0573,47.6023],[19.0565,47.6013],[19.0552,47.6018],[19.0543,47.6021],[19.0538,47.6022],[19.0534,47.6023],[19.0526,47.6023],[19.0521,47.6023],[19.0518,47.6023],[19.0512,47.6025],[19.0486,47.6032],[19.048,47.6024],[19.0469,47.6008],[19.0467,47.6006],[19.0466,47.6005],[19.0463,47.5999],[19.046,47.5995],[19.0458,47.5992],[19.0457,47.5989],[19.0457,47.5984],[19.0456,47.5978],[19.0455,47.597],[19.0455,47.5962],[19.0454,47.5958],[19.0454,47.5955],[19.0454,47.595],[19.0454,47.5949],[19.0455,47.5947],[19.0456,47.5945],[19.0458,47.5943],[19.046,47.5942],[19.0463,47.5941],[19.0474,47.5941],[19.0497,47.594],[19.051,47.5939],[19.0523,47.5936],[19.0518,47.5931],[19.0514,47.5921],[19.051,47.591],[19.0504,47.5896],[19.05,47.5873],[19.0496,47.5856],[19.0495,47.5847],[19.0494,47.584],[19.0495,47.5832],[19.0494,47.5823],[19.0492,47.58],[19.0491,47.5794],[19.049,47.5787],[19.0486,47.5784],[19.0469,47.5787],[19.0452,47.5789],[19.0447,47.579],[19.0442,47.579],[19.0438,47.5791],[19.0379,47.5791],[19.0362,47.5799],[19.0359,47.58],[19.0357,47.5798],[19.0355,47.5796],[19.0354,47.5795],[19.0328,47.5784],[19.0326,47.5782],[19.0324,47.5781],[19.0322,47.5778],[19.0315,47.5759],[19.0304,47.5732],[19.0301,47.5724],[19.0299,47.5719],[19.0296,47.5714],[19.0295,47.5712],[19.029,47.5705],[19.0289,47.5704],[19.0286,47.5699],[19.0285,47.5699],[19.0283,47.5697],[19.0282,47.5696],[19.026,47.568],[19.0227,47.5656],[19.0225,47.5655],[19.0224,47.5655],[19.0223,47.5653],[19.0224,47.565],[19.0225,47.5648],[19.0228,47.5643],[19.0229,47.5638],[19.0232,47.5632],[19.0237,47.5622],[19.0245,47.5603],[19.0248,47.5594],[19.0261,47.557],[19.0265,47.5563],[19.0272,47.5551],[19.0275,47.5541],[19.0277,47.5536],[19.0278,47.5529],[19.028,47.552],[19.0283,47.5505],[19.0283,47.5505],[19.0284,47.5502],[19.0286,47.5497],[19.0289,47.5491],[19.0289,47.5481],[19.029,47.5471],[19.0294,47.5461],[19.0295,47.545],[19.0297,47.544],[19.0299,47.5433],[19.03,47.543],[19.0305,47.5414],[19.0309,47.5402],[19.0312,47.5396],[19.0311,47.5396],[19.031,47.5395],[19.031,47.5395],[19.0313,47.539],[19.0313,47.539],[19.0313,47.539],[19.0314,47.539],[19.0317,47.5385],[19.0343,47.5388],[19.0357,47.539],[19.0366,47.5392],[19.0375,47.5393],[19.0382,47.5393],[19.0405,47.539],[19.0405,47.5386],[19.0399,47.5369],[19.0398,47.5347],[19.0402,47.5348],[19.0415,47.5348],[19.0428,47.5346],[19.0444,47.534],[19.0473,47.533],[19.0428,47.5278],[19.0423,47.5268],[19.0407,47.5236],[19.0404,47.5208],[19.0411,47.5174],[19.0418,47.5146],[19.0402,47.5146],[19.0394,47.5147],[19.0384,47.5148],[19.0373,47.5146],[19.0361,47.5146],[19.0359,47.5146],[19.0358,47.5146],[19.035,47.5146],[19.0335,47.5146],[19.0327,47.5148],[19.033,47.5159],[19.0332,47.517],[19.0324,47.5171],[19.0318,47.5173],[19.0309,47.5175],[19.0292,47.518],[19.028,47.5182],[19.0275,47.5174],[19.0274,47.517],[19.0269,47.5159],[19.0268,47.5157],[19.0268,47.5157],[19.0268,47.5157],[19.0268,47.5157],[19.0267,47.5156],[19.0246,47.5165],[19.0246,47.5164],[19.0242,47.5159],[19.0235,47.5154],[19.0235,47.5153],[19.0235,47.5153],[19.0236,47.515],[19.0225,47.5151],[19.0223,47.515],[19.022,47.5146],[19.0214,47.5141],[19.0212,47.514],[19.0206,47.5136],[19.0205,47.5134],[19.0204,47.5133],[19.0201,47.5126],[19.0198,47.5121],[19.0195,47.5115],[19.0186,47.512],[19.0167,47.5131],[19.016,47.5126],[19.0157,47.5125],[19.0153,47.5124],[19.0146,47.5117],[19.0137,47.512],[19.0133,47.5122],[19.0118,47.5127],[19.0113,47.5129],[19.011,47.513],[19.0098,47.5138],[19.0097,47.5139],[19.0091,47.5142],[19.0087,47.5145],[19.0085,47.5146],[19.0083,47.5145],[19.0083,47.5144],[19.0083,47.5143],[19.0084,47.514],[19.0085,47.5137],[19.0085,47.5135],[19.0085,47.5134],[19.0084,47.5134],[19.0083,47.5134],[19.0081,47.5134],[19.0076,47.5139],[19.0069,47.5145],[19.0067,47.5146],[19.0056,47.5139],[19.0043,47.5129],[19.0028,47.5137],[19.0021,47.5142],[19.0021,47.5142],[19.0014,47.5147],[19.0006,47.5152],[18.9998,47.5158],[18.9991,47.5162],[18.9989,47.5163],[18.9986,47.5165],[18.9976,47.5169],[18.9971,47.5171],[18.9968,47.5172],[18.9965,47.5173],[18.9965,47.5174],[18.9962,47.5176],[18.9938,47.5192],[18.992,47.5205],[18.9899,47.5219],[18.9887,47.5228],[18.9862,47.5245],[18.9855,47.525],[18.9853,47.5252],[18.9845,47.5257],[18.9836,47.5263],[18.983,47.5267],[18.9819,47.5275],[18.9812,47.5282],[18.9807,47.5286],[18.9791,47.5301],[18.9785,47.5307],[18.9777,47.5314],[18.9753,47.5336],[18.9748,47.534],[18.9743,47.5345],[18.9737,47.5349],[18.9731,47.5352],[18.9726,47.5355],[18.9719,47.5358],[18.9709,47.536],[18.97,47.5364],[18.9685,47.5369],[18.9671,47.5371],[18.9665,47.5372],[18.9652,47.5376],[18.9634,47.5383],[18.9629,47.5385],[18.9627,47.5386],[18.9593,47.5392],[18.9588,47.5393],[18.9583,47.5394],[18.958,47.5395],[18.9573,47.5398],[18.9562,47.5401],[18.9552,47.5404],[18.9539,47.5408],[18.9533,47.5409],[18.9528,47.5411],[18.952,47.5414],[18.9511,47.5419],[18.9506,47.542],[18.9505,47.5422],[18.9501,47.5424],[18.9498,47.5424],[18.9496,47.5425],[18.9476,47.5425],[18.947,47.5425],[18.9463,47.5427],[18.9458,47.5429],[18.9454,47.5433],[18.9435,47.5445],[18.9431,47.5447],[18.9428,47.5449],[18.9424,47.5451],[18.9424,47.5452],[18.942,47.5454],[18.9418,47.5456],[18.9415,47.5457],[18.9412,47.5458],[18.9406,47.5462],[18.9399,47.5465],[18.9395,47.5467],[18.9393,47.5466],[18.939,47.5463],[18.9377,47.5453],[18.9365,47.5442],[18.9362,47.5439],[18.9359,47.5437],[18.9358,47.5434],[18.9358,47.5434],[18.9288,47.5419],[18.9265,47.5428],[18.9261,47.5435],[18.928,47.5442],[18.9307,47.5459],[18.9326,47.546],[18.9338,47.5466],[18.9403,47.5503],[18.9409,47.5508],[18.9405,47.5516],[18.9409,47.5521],[18.9405,47.5528],[18.9384,47.5531],[18.9336,47.5559],[18.9382,47.5572],[18.9294,47.5718],[18.9394,47.5755],[18.9432,47.5786],[18.9486,47.5776],[18.9531,47.5774],[18.9548,47.5778],[18.9633,47.5762],[18.968,47.5761],[18.9737,47.5744],[18.9759,47.5733],[18.9778,47.5732],[18.9768,47.5748],[18.9839,47.5811],[18.9836,47.5825],[18.9847,47.5833],[18.9776,47.5852],[18.9834,47.5886],[18.9898,47.5852],[18.9939,47.584],[18.997,47.5858],[18.9998,47.5836],[19.0017,47.5834],[19.0137,47.5867],[19.0213,47.5878],[19.0259,47.5882],[19.0344,47.5872],[19.0297,47.5997],[19.0251,47.6046],[19.0292,47.606],[19.0373,47.609],[19.0382,47.6096],[19.0462,47.6101],[19.0537,47.609],[19.0563,47.6092]]]}},{"type":"Feature","properties":{"id":"0105","name":"BP 05. OEVK","regionId":"budapest","center":"BP VII. kerület"},"geometry":{"type":"Polygon","coordinates":[[[19.0734,47.5177],[19.075,47.5163],[19.0771,47.5145],[19.0807,47.5112],[19.0809,47.511],[19.0825,47.5096],[19.0858,47.5067],[19.0872,47.5055],[19.0889,47.504],[19.0912,47.5019],[19.0909,47.5019],[19.0844,47.5018],[19.0834,47.5014],[19.0806,47.5001],[19.0795,47.4996],[19.0753,47.4985],[19.0749,47.4984],[19.0706,47.4972],[19.0705,47.4971],[19.0704,47.4971],[19.0698,47.497],[19.0667,47.496],[19.0644,47.4954],[19.0631,47.4951],[19.0626,47.495],[19.06,47.4943],[19.059,47.4957],[19.0588,47.4959],[19.0581,47.4962],[19.0567,47.4969],[19.0559,47.4973],[19.0553,47.4976],[19.055,47.4975],[19.0548,47.4981],[19.0548,47.4993],[19.0548,47.4995],[19.0549,47.5035],[19.055,47.5065],[19.055,47.5071],[19.0551,47.5087],[19.0551,47.5096],[19.0556,47.5104],[19.0561,47.5109],[19.0569,47.5121],[19.0596,47.5158],[19.0637,47.5179],[19.066,47.5161],[19.0672,47.5167],[19.0676,47.5164],[19.0724,47.5185],[19.073,47.518],[19.0734,47.5177]]]}},{"type":"Feature","properties":{"id":"0106","name":"BP 06. OEVK","regionId":"budapest","center":"BP VIII. kerület"},"geometry":{"type":"Polygon","coordinates":[[[19.1023,47.5004],[19.1027,47.4997],[19.1042,47.4998],[19.1082,47.5002],[19.1082,47.5],[19.1091,47.4965],[19.1088,47.4914],[19.1088,47.4903],[19.1088,47.489],[19.1087,47.4886],[19.1078,47.4865],[19.1057,47.4839],[19.1039,47.4822],[19.1037,47.4821],[19.0985,47.4756],[19.1023,47.4742],[19.1068,47.4726],[19.1098,47.4715],[19.1117,47.4708],[19.1163,47.4692],[19.1195,47.4679],[19.1213,47.4673],[19.1226,47.4667],[19.1257,47.4656],[19.1272,47.4658],[19.1276,47.4653],[19.1288,47.465],[19.1283,47.4646],[19.1271,47.4639],[19.127,47.4638],[19.1205,47.4595],[19.1139,47.4551],[19.111,47.4531],[19.1068,47.4504],[19.1045,47.4488],[19.1005,47.4461],[19.0989,47.445],[19.0933,47.4413],[19.0889,47.44],[19.0887,47.4399],[19.0878,47.4397],[19.0864,47.4446],[19.0852,47.448],[19.0848,47.4495],[19.084,47.4516],[19.0833,47.4529],[19.0822,47.4543],[19.0811,47.4555],[19.0793,47.4571],[19.0761,47.4596],[19.0741,47.4609],[19.0725,47.4613],[19.0705,47.4615],[19.0691,47.4615],[19.0662,47.4612],[19.0634,47.4609],[19.0661,47.4654],[19.0676,47.4684],[19.0676,47.4686],[19.0676,47.4687],[19.0676,47.4699],[19.066,47.4747],[19.0677,47.4752],[19.0687,47.4756],[19.0691,47.4758],[19.0694,47.4759],[19.0722,47.4769],[19.0747,47.4778],[19.0748,47.4779],[19.0749,47.4779],[19.0756,47.4789],[19.0764,47.48],[19.077,47.4808],[19.0777,47.4817],[19.0785,47.4828],[19.0785,47.4828],[19.0778,47.483],[19.0773,47.4832],[19.0759,47.4837],[19.0718,47.4852],[19.0701,47.4858],[19.0702,47.4862],[19.0703,47.4867],[19.0704,47.4875],[19.0707,47.4894],[19.0709,47.4905],[19.0711,47.4917],[19.0712,47.4924],[19.0712,47.493],[19.0711,47.4936],[19.0709,47.4962],[19.0705,47.4971],[19.0706,47.4972],[19.0749,47.4984],[19.0753,47.4985],[19.0795,47.4996],[19.0806,47.5001],[19.0834,47.5014],[19.0844,47.5018],[19.0909,47.5019],[19.0912,47.5019],[19.1023,47.5004]]]}},{"type":"Feature","properties":{"id":"0107","name":"BP 07. OEVK","regionId":"budapest","center":"BP XIII. kerület"},"geometry":{"type":"Polygon","coordinates":[[[19.0731,47.5485],[19.074,47.5483],[19.0744,47.5494],[19.076,47.5491],[19.0766,47.5491],[19.0774,47.5488],[19.0784,47.5486],[19.0792,47.5485],[19.0796,47.5484],[19.0803,47.5483],[19.0808,47.5481],[19.0811,47.5481],[19.0824,47.5478],[19.0841,47.5474],[19.0852,47.5472],[19.0864,47.547],[19.0873,47.5468],[19.0881,47.5466],[19.0888,47.5465],[19.089,47.5464],[19.0887,47.5462],[19.0878,47.5442],[19.0876,47.5439],[19.0872,47.5432],[19.0869,47.5427],[19.0868,47.5425],[19.0855,47.54],[19.0857,47.54],[19.0855,47.5396],[19.0868,47.5393],[19.088,47.539],[19.09,47.5385],[19.092,47.538],[19.0928,47.5378],[19.0928,47.5378],[19.0865,47.5266],[19.0886,47.5253],[19.0867,47.5242],[19.0859,47.5238],[19.0834,47.5227],[19.0826,47.5224],[19.0817,47.523],[19.0803,47.5218],[19.0724,47.5185],[19.0676,47.5164],[19.0672,47.5167],[19.066,47.5161],[19.0637,47.5179],[19.0596,47.5158],[19.0569,47.5121],[19.0561,47.5109],[19.0556,47.5104],[19.0547,47.5108],[19.0519,47.5118],[19.0473,47.5134],[19.0434,47.5146],[19.0418,47.5146],[19.0411,47.5174],[19.0404,47.5208],[19.0407,47.5236],[19.0423,47.5268],[19.0428,47.5278],[19.0473,47.533],[19.049,47.5351],[19.0565,47.5422],[19.0611,47.5507],[19.0653,47.5504],[19.0665,47.5499],[19.0673,47.5497],[19.0685,47.5494],[19.0689,47.5493],[19.0694,47.5493],[19.0696,47.5492],[19.0714,47.5488],[19.0719,47.5488],[19.0723,47.5487],[19.0729,47.5485],[19.0731,47.5485]]]}},{"type":"Feature","properties":{"id":"0108","name":"BP 08. OEVK","regionId":"budapest","center":"BP XIV. kerület"},"geometry":{"type":"Polygon","coordinates":[[[19.103,47.5425],[19.1056,47.5409],[19.1072,47.5398],[19.108,47.5393],[19.1096,47.5383],[19.1103,47.5378],[19.1154,47.535],[19.1181,47.5334],[19.119,47.5332],[19.1246,47.5319],[19.1275,47.5313],[19.1273,47.5312],[19.1262,47.5304],[19.124,47.5287],[19.1234,47.5284],[19.1229,47.528],[19.1221,47.5274],[19.1213,47.5268],[19.1205,47.5261],[19.1196,47.5254],[19.1186,47.5246],[19.1181,47.5242],[19.1178,47.524],[19.1201,47.5228],[19.1212,47.5223],[19.1217,47.5221],[19.1229,47.5215],[19.1254,47.5202],[19.1267,47.5196],[19.1263,47.5192],[19.126,47.5191],[19.1246,47.518],[19.1246,47.5179],[19.1251,47.5176],[19.1252,47.5176],[19.1255,47.5174],[19.1258,47.5172],[19.1265,47.5168],[19.127,47.5166],[19.1273,47.5164],[19.1283,47.5158],[19.1285,47.5157],[19.1265,47.5142],[19.1261,47.514],[19.1247,47.513],[19.1247,47.5129],[19.1246,47.5128],[19.1242,47.5125],[19.1241,47.5124],[19.125,47.5118],[19.1254,47.5116],[19.1264,47.511],[19.1273,47.5105],[19.1275,47.5104],[19.1279,47.5101],[19.129,47.5094],[19.1314,47.5107],[19.1314,47.5107],[19.1314,47.5107],[19.1354,47.5099],[19.139,47.5089],[19.1417,47.5106],[19.1386,47.5126],[19.1405,47.5138],[19.1402,47.5149],[19.1394,47.5155],[19.1477,47.5196],[19.1522,47.5143],[19.1537,47.5126],[19.1547,47.5111],[19.1556,47.5095],[19.1569,47.5058],[19.157,47.5056],[19.157,47.5055],[19.1563,47.5055],[19.156,47.5055],[19.1559,47.5055],[19.1552,47.5054],[19.1545,47.5054],[19.154,47.5053],[19.1537,47.5053],[19.1535,47.5052],[19.1532,47.5052],[19.1531,47.5051],[19.1529,47.5051],[19.1524,47.505],[19.152,47.505],[19.1515,47.5049],[19.1511,47.5049],[19.151,47.5049],[19.1508,47.5049],[19.1506,47.5049],[19.1502,47.5048],[19.1499,47.5048],[19.1473,47.5045],[19.1451,47.5043],[19.1431,47.5041],[19.1431,47.504],[19.1427,47.504],[19.1417,47.5039],[19.1378,47.5034],[19.1363,47.5033],[19.125,47.5021],[19.1139,47.5008],[19.1084,47.5002],[19.1082,47.5],[19.1082,47.5002],[19.1042,47.4998],[19.1027,47.4997],[19.1023,47.5004],[19.0912,47.5019],[19.0889,47.504],[19.0872,47.5055],[19.0858,47.5067],[19.0825,47.5096],[19.0809,47.511],[19.0807,47.5112],[19.0771,47.5145],[19.075,47.5163],[19.0734,47.5177],[19.073,47.518],[19.0724,47.5185],[19.0803,47.5218],[19.0817,47.523],[19.0826,47.5224],[19.0834,47.5227],[19.0859,47.5238],[19.0867,47.5242],[19.0886,47.5253],[19.0865,47.5266],[19.0928,47.5378],[19.0928,47.5378],[19.0941,47.5399],[19.0945,47.5408],[19.0954,47.5423],[19.0966,47.5446],[19.096,47.5449],[19.0973,47.5462],[19.0985,47.5453],[19.0994,47.5448],[19.1009,47.5438],[19.103,47.5425]]]}},{"type":"Feature","properties":{"id":"0109","name":"BP 09. OEVK","regionId":"budapest","center":"BP X. kerület"},"geometry":{"type":"Polygon","coordinates":[[[19.2216,47.4917],[19.22,47.4899],[19.2165,47.4857],[19.2112,47.4798],[19.2112,47.4798],[19.2111,47.4797],[19.2108,47.4795],[19.2105,47.4797],[19.2102,47.4798],[19.2098,47.4799],[19.2095,47.48],[19.2085,47.4804],[19.2076,47.4808],[19.2017,47.4829],[19.2002,47.4835],[19.1958,47.4851],[19.1949,47.4854],[19.1929,47.4861],[19.1893,47.4863],[19.1845,47.4868],[19.1808,47.4872],[19.1796,47.4874],[19.1781,47.4833],[19.1775,47.4816],[19.1778,47.4792],[19.178,47.4772],[19.1781,47.4737],[19.1781,47.4733],[19.1776,47.473],[19.1715,47.4737],[19.1709,47.4738],[19.1701,47.474],[19.1688,47.475],[19.1678,47.4758],[19.1662,47.477],[19.1657,47.4774],[19.1649,47.4768],[19.1638,47.4759],[19.1634,47.4754],[19.1625,47.4747],[19.1618,47.474],[19.161,47.4734],[19.1614,47.4731],[19.1617,47.4729],[19.1641,47.4711],[19.1658,47.4697],[19.1662,47.4694],[19.1683,47.4679],[19.1704,47.4662],[19.1724,47.4647],[19.173,47.4642],[19.1734,47.4634],[19.1691,47.4628],[19.1688,47.4617],[19.1687,47.461],[19.1731,47.4592],[19.1724,47.4581],[19.1667,47.4599],[19.1662,47.4595],[19.1627,47.4571],[19.1631,47.4569],[19.1612,47.4556],[19.1615,47.4527],[19.1614,47.4519],[19.161,47.4512],[19.1543,47.4449],[19.1541,47.4447],[19.1538,47.4449],[19.1531,47.4455],[19.1523,47.446],[19.1514,47.4466],[19.1506,47.4472],[19.1498,47.4478],[19.1472,47.4496],[19.1456,47.4507],[19.1439,47.4519],[19.1423,47.453],[19.1413,47.4537],[19.1404,47.4543],[19.1388,47.4554],[19.136,47.4575],[19.134,47.4589],[19.1309,47.4611],[19.1289,47.4625],[19.1283,47.4629],[19.1279,47.4632],[19.1276,47.4635],[19.1274,47.4636],[19.1273,47.4637],[19.1272,47.4638],[19.1271,47.4639],[19.1283,47.4646],[19.1288,47.465],[19.1276,47.4653],[19.1272,47.4658],[19.1257,47.4656],[19.1226,47.4667],[19.1213,47.4673],[19.1195,47.4679],[19.1163,47.4692],[19.1117,47.4708],[19.1098,47.4715],[19.1068,47.4726],[19.1023,47.4742],[19.0985,47.4756],[19.1037,47.4821],[19.1039,47.4822],[19.1057,47.4839],[19.1078,47.4865],[19.1087,47.4886],[19.1088,47.489],[19.1088,47.4903],[19.1088,47.4914],[19.1091,47.4965],[19.1082,47.5],[19.1084,47.5002],[19.1139,47.5008],[19.125,47.5021],[19.1363,47.5033],[19.1378,47.5034],[19.1417,47.5039],[19.1427,47.504],[19.1431,47.504],[19.1431,47.5041],[19.1451,47.5043],[19.1473,47.5045],[19.1499,47.5048],[19.1502,47.5048],[19.1506,47.5049],[19.1508,47.5049],[19.151,47.5049],[19.1511,47.5049],[19.1515,47.5049],[19.152,47.505],[19.1524,47.505],[19.1529,47.5051],[19.1531,47.5051],[19.1532,47.5052],[19.1535,47.5052],[19.1537,47.5053],[19.154,47.5053],[19.1545,47.5054],[19.1552,47.5054],[19.1559,47.5055],[19.156,47.5055],[19.1563,47.5055],[19.157,47.5055],[19.157,47.5056],[19.157,47.5055],[19.1601,47.5058],[19.1642,47.5063],[19.1665,47.5067],[19.172,47.5022],[19.1763,47.5013],[19.1904,47.4986],[19.1971,47.4972],[19.2216,47.4917]]]}},{"type":"Feature","properties":{"id":"0110","name":"BP 10. OEVK","regionId":"budapest","center":"BP III. kerület"},"geometry":{"type":"Polygon","coordinates":[[[19.0744,47.6042],[19.0725,47.6009],[19.0711,47.5948],[19.0709,47.589],[19.0683,47.5868],[19.0708,47.5862],[19.0683,47.5709],[19.0664,47.5638],[19.0666,47.5635],[19.0663,47.5635],[19.0663,47.5633],[19.0613,47.5511],[19.0611,47.5507],[19.0565,47.5422],[19.049,47.5351],[19.0473,47.533],[19.0444,47.534],[19.0428,47.5346],[19.0415,47.5348],[19.0402,47.5348],[19.0398,47.5347],[19.0399,47.5369],[19.0405,47.5386],[19.0405,47.539],[19.0382,47.5393],[19.0375,47.5393],[19.0366,47.5392],[19.0357,47.539],[19.0343,47.5388],[19.0317,47.5385],[19.0314,47.539],[19.0313,47.539],[19.0313,47.539],[19.0313,47.539],[19.031,47.5395],[19.031,47.5395],[19.0311,47.5396],[19.0312,47.5396],[19.0309,47.5402],[19.0305,47.5414],[19.03,47.543],[19.0299,47.5433],[19.0297,47.544],[19.0295,47.545],[19.0294,47.5461],[19.029,47.5471],[19.0289,47.5481],[19.0289,47.5491],[19.0286,47.5497],[19.0284,47.5502],[19.0283,47.5505],[19.0283,47.5505],[19.028,47.552],[19.0278,47.5529],[19.0277,47.5536],[19.0275,47.5541],[19.0272,47.5551],[19.0265,47.5563],[19.0261,47.557],[19.0248,47.5594],[19.0245,47.5603],[19.0237,47.5622],[19.0232,47.5632],[19.0229,47.5638],[19.0228,47.5643],[19.0225,47.5648],[19.0224,47.565],[19.0223,47.5653],[19.0224,47.5655],[19.0225,47.5655],[19.0227,47.5656],[19.026,47.568],[19.0282,47.5696],[19.0283,47.5697],[19.0285,47.5699],[19.0286,47.5699],[19.0289,47.5704],[19.029,47.5705],[19.0295,47.5712],[19.0296,47.5714],[19.0299,47.5719],[19.0301,47.5724],[19.0304,47.5732],[19.0315,47.5759],[19.0322,47.5778],[19.0324,47.5781],[19.0326,47.5782],[19.0328,47.5784],[19.0354,47.5795],[19.0355,47.5796],[19.0357,47.5798],[19.0359,47.58],[19.0362,47.5799],[19.0379,47.5791],[19.0438,47.5791],[19.0442,47.579],[19.0447,47.579],[19.0452,47.5789],[19.0469,47.5787],[19.0486,47.5784],[19.049,47.5787],[19.0491,47.5794],[19.0492,47.58],[19.0494,47.5823],[19.0495,47.5832],[19.0494,47.584],[19.0495,47.5847],[19.0496,47.5856],[19.05,47.5873],[19.0504,47.5896],[19.051,47.591],[19.0514,47.5921],[19.0518,47.5931],[19.0523,47.5936],[19.051,47.5939],[19.0497,47.594],[19.0474,47.5941],[19.0463,47.5941],[19.046,47.5942],[19.0458,47.5943],[19.0456,47.5945],[19.0455,47.5947],[19.0454,47.5949],[19.0454,47.595],[19.0454,47.5955],[19.0454,47.5958],[19.0455,47.5962],[19.0455,47.597],[19.0456,47.5978],[19.0457,47.5984],[19.0457,47.5989],[19.0458,47.5992],[19.046,47.5995],[19.0463,47.5999],[19.0466,47.6005],[19.0467,47.6006],[19.0469,47.6008],[19.048,47.6024],[19.0486,47.6032],[19.0512,47.6025],[19.0518,47.6023],[19.0521,47.6023],[19.0526,47.6023],[19.0534,47.6023],[19.0538,47.6022],[19.0543,47.6021],[19.0552,47.6018],[19.0565,47.6013],[19.0573,47.6023],[19.0578,47.6033],[19.0578,47.6034],[19.0578,47.6036],[19.0576,47.604],[19.0573,47.6044],[19.0569,47.6049],[19.0569,47.6052],[19.0567,47.6064],[19.0566,47.6071],[19.0564,47.6082],[19.0563,47.6092],[19.0602,47.6095],[19.072,47.6076],[19.0748,47.6076],[19.0767,47.6069],[19.0744,47.6042]]]}},{"type":"Feature","properties":{"id":"0111","name":"BP 11. OEVK","regionId":"budapest","center":"BP IV. kerület"},"geometry":{"type":"Polygon","coordinates":[[[19.1234,47.5996],[19.1223,47.5974],[19.122,47.5961],[19.1219,47.5925],[19.1219,47.5907],[19.1217,47.5894],[19.1196,47.5839],[19.1163,47.5765],[19.1157,47.5754],[19.1155,47.5747],[19.1149,47.573],[19.1147,47.5726],[19.1142,47.5716],[19.1138,47.5707],[19.1131,47.5691],[19.1116,47.5662],[19.1113,47.5654],[19.1112,47.5654],[19.1108,47.5654],[19.1075,47.5653],[19.1062,47.5653],[19.1044,47.5653],[19.1022,47.5652],[19.1012,47.5652],[19.1003,47.5651],[19.0999,47.5638],[19.0999,47.5636],[19.0994,47.5626],[19.0991,47.5615],[19.0991,47.5613],[19.099,47.5611],[19.0989,47.5608],[19.0988,47.5607],[19.0988,47.5605],[19.0989,47.5603],[19.0992,47.5596],[19.0993,47.5594],[19.1003,47.5579],[19.1015,47.5557],[19.1016,47.5555],[19.1017,47.5554],[19.1018,47.5551],[19.1019,47.5552],[19.102,47.5551],[19.1022,47.5551],[19.1026,47.555],[19.1028,47.555],[19.1029,47.5549],[19.103,47.5549],[19.1036,47.5547],[19.1045,47.5546],[19.1056,47.5543],[19.1067,47.5541],[19.1075,47.554],[19.1049,47.5475],[19.103,47.5425],[19.1009,47.5438],[19.0994,47.5448],[19.0985,47.5453],[19.0973,47.5462],[19.096,47.5449],[19.0966,47.5446],[19.0954,47.5423],[19.0945,47.5408],[19.0941,47.5399],[19.0928,47.5378],[19.092,47.538],[19.09,47.5385],[19.088,47.539],[19.0868,47.5393],[19.0855,47.5396],[19.0857,47.54],[19.0855,47.54],[19.0868,47.5425],[19.0869,47.5427],[19.0872,47.5432],[19.0876,47.5439],[19.0878,47.5442],[19.0887,47.5462],[19.089,47.5464],[19.0888,47.5465],[19.0881,47.5466],[19.0873,47.5468],[19.0864,47.547],[19.0852,47.5472],[19.0841,47.5474],[19.0824,47.5478],[19.0811,47.5481],[19.0808,47.5481],[19.0803,47.5483],[19.0796,47.5484],[19.0792,47.5485],[19.0784,47.5486],[19.0774,47.5488],[19.0766,47.5491],[19.076,47.5491],[19.0744,47.5494],[19.074,47.5483],[19.0731,47.5485],[19.0729,47.5485],[19.0723,47.5487],[19.0719,47.5488],[19.0714,47.5488],[19.0696,47.5492],[19.0694,47.5493],[19.0689,47.5493],[19.0685,47.5494],[19.0673,47.5497],[19.0665,47.5499],[19.0653,47.5504],[19.0611,47.5507],[19.0613,47.5511],[19.0663,47.5633],[19.0663,47.5635],[19.0666,47.5635],[19.0664,47.5638],[19.0683,47.5709],[19.0708,47.5862],[19.0736,47.5854],[19.0812,47.5956],[19.0873,47.6028],[19.099,47.613],[19.1029,47.6113],[19.1032,47.6116],[19.1051,47.6114],[19.1088,47.6103],[19.1069,47.6071],[19.1082,47.6058],[19.1174,47.6032],[19.1193,47.6024],[19.1234,47.5996]]]}},{"type":"Feature","properties":{"id":"0112","name":"BP 12. OEVK","regionId":"budapest","center":"BP XV. kerület"},"geometry":{"type":"Polygon","coordinates":[[[19.1771,47.546],[19.174,47.5443],[19.1707,47.5423],[19.167,47.5399],[19.1616,47.5361],[19.1543,47.5309],[19.1521,47.5294],[19.1497,47.5281],[19.1455,47.5258],[19.1391,47.5278],[19.1294,47.5307],[19.1275,47.5313],[19.1246,47.5319],[19.119,47.5332],[19.1181,47.5334],[19.1154,47.535],[19.1103,47.5378],[19.1096,47.5383],[19.108,47.5393],[19.1072,47.5398],[19.1056,47.5409],[19.103,47.5425],[19.1049,47.5475],[19.1075,47.554],[19.1067,47.5541],[19.1056,47.5543],[19.1045,47.5546],[19.1036,47.5547],[19.103,47.5549],[19.1029,47.5549],[19.1028,47.555],[19.1026,47.555],[19.1022,47.5551],[19.102,47.5551],[19.1019,47.5552],[19.1018,47.5551],[19.1017,47.5554],[19.1016,47.5555],[19.1015,47.5557],[19.1003,47.5579],[19.0993,47.5594],[19.0992,47.5596],[19.0989,47.5603],[19.0988,47.5605],[19.0988,47.5607],[19.0989,47.5608],[19.099,47.5611],[19.0991,47.5613],[19.0991,47.5615],[19.0994,47.5626],[19.0999,47.5636],[19.0999,47.5638],[19.1003,47.5651],[19.1012,47.5652],[19.1022,47.5652],[19.1044,47.5653],[19.1062,47.5653],[19.1075,47.5653],[19.1108,47.5654],[19.1112,47.5654],[19.1113,47.5654],[19.1116,47.5662],[19.1131,47.5691],[19.1138,47.5707],[19.1142,47.5716],[19.1147,47.5726],[19.1149,47.573],[19.1155,47.5747],[19.1157,47.5754],[19.1163,47.5765],[19.1196,47.5839],[19.1217,47.5894],[19.1219,47.5907],[19.1219,47.5925],[19.122,47.5961],[19.1223,47.5974],[19.1234,47.5996],[19.1279,47.5979],[19.1308,47.5981],[19.138,47.5997],[19.1401,47.5962],[19.138,47.5955],[19.1538,47.5849],[19.1449,47.5779],[19.1515,47.5738],[19.1574,47.576],[19.1744,47.5642],[19.1628,47.5606],[19.1611,47.5594],[19.1751,47.5506],[19.1807,47.5483],[19.1771,47.546]]]}},{"type":"Feature","properties":{"id":"0113","name":"BP 13. OEVK","regionId":"budapest","center":"BP XVI. kerület"},"geometry":{"type":"Polygon","coordinates":[[[19.2449,47.5369],[19.251,47.53],[19.2585,47.5204],[19.2633,47.5108],[19.2636,47.5083],[19.2597,47.5076],[19.2554,47.5071],[19.2536,47.5069],[19.2473,47.5031],[19.2387,47.4986],[19.235,47.4972],[19.2296,47.495],[19.2216,47.4917],[19.1971,47.4972],[19.1904,47.4986],[19.1763,47.5013],[19.172,47.5022],[19.1665,47.5067],[19.1642,47.5063],[19.1601,47.5058],[19.157,47.5055],[19.157,47.5056],[19.1569,47.5058],[19.1556,47.5095],[19.1547,47.5111],[19.1537,47.5126],[19.1522,47.5143],[19.1477,47.5196],[19.1394,47.5155],[19.1402,47.5149],[19.1405,47.5138],[19.1386,47.5126],[19.1417,47.5106],[19.139,47.5089],[19.1354,47.5099],[19.1314,47.5107],[19.1314,47.5107],[19.1314,47.5107],[19.129,47.5094],[19.1279,47.5101],[19.1275,47.5104],[19.1273,47.5105],[19.1264,47.511],[19.1254,47.5116],[19.125,47.5118],[19.1241,47.5124],[19.1242,47.5125],[19.1246,47.5128],[19.1247,47.5129],[19.1247,47.513],[19.1261,47.514],[19.1265,47.5142],[19.1285,47.5157],[19.1283,47.5158],[19.1273,47.5164],[19.127,47.5166],[19.1265,47.5168],[19.1258,47.5172],[19.1255,47.5174],[19.1252,47.5176],[19.1251,47.5176],[19.1246,47.5179],[19.1246,47.518],[19.126,47.5191],[19.1263,47.5192],[19.1267,47.5196],[19.1254,47.5202],[19.1229,47.5215],[19.1217,47.5221],[19.1212,47.5223],[19.1201,47.5228],[19.1178,47.524],[19.1181,47.5242],[19.1186,47.5246],[19.1196,47.5254],[19.1205,47.5261],[19.1213,47.5268],[19.1221,47.5274],[19.1229,47.528],[19.1234,47.5284],[19.124,47.5287],[19.1262,47.5304],[19.1273,47.5312],[19.1275,47.5313],[19.1294,47.5307],[19.1391,47.5278],[19.1455,47.5258],[19.1497,47.5281],[19.1521,47.5294],[19.1543,47.5309],[19.1616,47.5361],[19.167,47.5399],[19.1707,47.5423],[19.174,47.5443],[19.1771,47.546],[19.1905,47.539],[19.1915,47.5394],[19.195,47.5376],[19.1986,47.5398],[19.2035,47.5376],[19.2094,47.5402],[19.2208,47.5327],[19.2449,47.5369]]]}},{"type":"Feature","properties":{"id":"0114","name":"BP 14. OEVK","regionId":"budapest","center":"BP XVII. kerület"},"geometry":{"type":"Polygon","coordinates":[[[19.2656,47.438],[19.2657,47.4382],[19.2513,47.4402],[19.2479,47.4464],[19.2474,47.4469],[19.2468,47.4474],[19.246,47.4476],[19.2447,47.4488],[19.2369,47.4501],[19.2348,47.4473],[19.233,47.4476],[19.2309,47.4479],[19.2291,47.4483],[19.2282,47.4484],[19.2272,47.4487],[19.2265,47.449],[19.2259,47.4493],[19.2254,47.4496],[19.2245,47.4499],[19.2255,47.4504],[19.2202,47.4534],[19.215,47.4561],[19.2136,47.4569],[19.211,47.4581],[19.2102,47.4584],[19.2094,47.4586],[19.2086,47.4587],[19.2076,47.4587],[19.2067,47.4586],[19.2054,47.4582],[19.196,47.4628],[19.1924,47.459],[19.1915,47.4595],[19.1914,47.4596],[19.1904,47.4601],[19.1895,47.4607],[19.1885,47.4612],[19.1875,47.4619],[19.1866,47.4624],[19.1856,47.463],[19.1847,47.4636],[19.1837,47.4642],[19.1826,47.4648],[19.1816,47.4654],[19.1807,47.466],[19.1787,47.4673],[19.178,47.464],[19.1734,47.4634],[19.173,47.4642],[19.1724,47.4647],[19.1704,47.4662],[19.1683,47.4679],[19.1662,47.4694],[19.1658,47.4697],[19.1641,47.4711],[19.1617,47.4729],[19.1614,47.4731],[19.161,47.4734],[19.1618,47.474],[19.1625,47.4747],[19.1634,47.4754],[19.1638,47.4759],[19.1649,47.4768],[19.1657,47.4774],[19.1662,47.477],[19.1678,47.4758],[19.1688,47.475],[19.1701,47.474],[19.1709,47.4738],[19.1715,47.4737],[19.1776,47.473],[19.1781,47.4733],[19.1781,47.4737],[19.178,47.4772],[19.1778,47.4792],[19.1775,47.4816],[19.1781,47.4833],[19.1796,47.4874],[19.1808,47.4872],[19.1845,47.4868],[19.1893,47.4863],[19.1929,47.4861],[19.1949,47.4854],[19.1958,47.4851],[19.2002,47.4835],[19.2017,47.4829],[19.2076,47.4808],[19.2085,47.4804],[19.2095,47.48],[19.2098,47.4799],[19.2102,47.4798],[19.2105,47.4797],[19.2108,47.4795],[19.2111,47.4797],[19.2112,47.4798],[19.2112,47.4798],[19.2165,47.4857],[19.22,47.4899],[19.2216,47.4917],[19.2296,47.495],[19.235,47.4972],[19.2387,47.4986],[19.2473,47.5031],[19.2536,47.5069],[19.2554,47.5071],[19.2597,47.5076],[19.2636,47.5083],[19.2839,47.511],[19.2911,47.5106],[19.2962,47.5113],[19.3094,47.5142],[19.3183,47.5153],[19.3209,47.5102],[19.3139,47.5031],[19.3133,47.4988],[19.3142,47.493],[19.315,47.4916],[19.3224,47.4842],[19.3268,47.4811],[19.3287,47.4791],[19.3296,47.4774],[19.3303,47.4726],[19.3301,47.47],[19.3309,47.4673],[19.3345,47.4632],[19.33,47.4598],[19.3204,47.459],[19.3114,47.4568],[19.3059,47.4565],[19.3028,47.457],[19.301,47.4569],[19.2911,47.4499],[19.2805,47.4361],[19.2656,47.438]]]}},{"type":"Feature","properties":{"id":"0115","name":"BP 15. OEVK","regionId":"budapest","center":"BP XVIII. kerület"},"geometry":{"type":"Polygon","coordinates":[[[19.2656,47.438],[19.2655,47.438],[19.2597,47.427],[19.2547,47.4289],[19.247,47.4192],[19.2438,47.4202],[19.2431,47.4198],[19.2418,47.4209],[19.2379,47.4223],[19.2387,47.4239],[19.2364,47.426],[19.2348,47.4232],[19.2317,47.4242],[19.228,47.4214],[19.2171,47.4128],[19.2261,47.4074],[19.2178,47.4009],[19.2157,47.4029],[19.2152,47.4015],[19.2138,47.4003],[19.2058,47.3955],[19.2009,47.3887],[19.1988,47.3851],[19.1803,47.3991],[19.1757,47.3962],[19.175,47.3966],[19.1722,47.3985],[19.1745,47.3999],[19.1677,47.4047],[19.1735,47.4068],[19.1663,47.4119],[19.1724,47.4141],[19.1649,47.4198],[19.1584,47.425],[19.1646,47.428],[19.1685,47.4298],[19.1719,47.4315],[19.1702,47.4323],[19.1671,47.4337],[19.1663,47.4341],[19.1598,47.437],[19.1571,47.4386],[19.1609,47.4418],[19.1541,47.4447],[19.1543,47.4449],[19.161,47.4512],[19.1614,47.4519],[19.1615,47.4527],[19.1612,47.4556],[19.1631,47.4569],[19.1627,47.4571],[19.1662,47.4595],[19.1667,47.4599],[19.1724,47.4581],[19.1731,47.4592],[19.1687,47.461],[19.1688,47.4617],[19.1691,47.4628],[19.1734,47.4634],[19.178,47.464],[19.1787,47.4673],[19.1807,47.466],[19.1816,47.4654],[19.1826,47.4648],[19.1837,47.4642],[19.1847,47.4636],[19.1856,47.463],[19.1866,47.4624],[19.1875,47.4619],[19.1885,47.4612],[19.1895,47.4607],[19.1904,47.4601],[19.1914,47.4596],[19.1915,47.4595],[19.1924,47.459],[19.196,47.4628],[19.2054,47.4582],[19.2067,47.4586],[19.2076,47.4587],[19.2086,47.4587],[19.2094,47.4586],[19.2102,47.4584],[19.211,47.4581],[19.2136,47.4569],[19.215,47.4561],[19.2202,47.4534],[19.2255,47.4504],[19.2245,47.4499],[19.2254,47.4496],[19.2259,47.4493],[19.2265,47.449],[19.2272,47.4487],[19.2282,47.4484],[19.2291,47.4483],[19.2309,47.4479],[19.233,47.4476],[19.2348,47.4473],[19.2369,47.4501],[19.2447,47.4488],[19.246,47.4476],[19.2468,47.4474],[19.2474,47.4469],[19.2479,47.4464],[19.2513,47.4402],[19.2657,47.4382],[19.2656,47.438]]]}},{"type":"Feature","properties":{"id":"0116","name":"BP 16. OEVK","regionId":"budapest","center":"BP XX. kerület"},"geometry":{"type":"Polygon","coordinates":[[[19.1541,47.4447],[19.1609,47.4418],[19.1571,47.4386],[19.1598,47.437],[19.1663,47.4341],[19.1671,47.4337],[19.1702,47.4323],[19.1719,47.4315],[19.1685,47.4298],[19.1646,47.428],[19.1584,47.425],[19.1425,47.4158],[19.1394,47.4181],[19.1292,47.4251],[19.1249,47.4226],[19.1205,47.42],[19.1185,47.4189],[19.1187,47.4187],[19.1197,47.4191],[19.123,47.4156],[19.1186,47.4135],[19.1169,47.4153],[19.1159,47.4158],[19.1177,47.4184],[19.1147,47.4211],[19.1137,47.4221],[19.1114,47.4206],[19.1098,47.4221],[19.112,47.4236],[19.1104,47.425],[19.106,47.4217],[19.105,47.423],[19.1036,47.4255],[19.1019,47.4255],[19.1015,47.426],[19.101,47.4267],[19.1003,47.4272],[19.0997,47.4277],[19.099,47.4283],[19.0978,47.4286],[19.0972,47.4288],[19.0959,47.4292],[19.0951,47.4293],[19.0937,47.4293],[19.0928,47.4292],[19.0929,47.4287],[19.092,47.4286],[19.0915,47.4287],[19.0907,47.4305],[19.0894,47.4323],[19.0888,47.4334],[19.0887,47.436],[19.0878,47.4397],[19.0887,47.4399],[19.0889,47.44],[19.0933,47.4413],[19.0989,47.445],[19.1005,47.4461],[19.1045,47.4488],[19.1068,47.4504],[19.111,47.4531],[19.1139,47.4551],[19.1205,47.4595],[19.127,47.4638],[19.1271,47.4639],[19.1272,47.4638],[19.1273,47.4637],[19.1274,47.4636],[19.1276,47.4635],[19.1279,47.4632],[19.1283,47.4629],[19.1289,47.4625],[19.1309,47.4611],[19.134,47.4589],[19.136,47.4575],[19.1388,47.4554],[19.1404,47.4543],[19.1413,47.4537],[19.1423,47.453],[19.1439,47.4519],[19.1456,47.4507],[19.1472,47.4496],[19.1498,47.4478],[19.1506,47.4472],[19.1514,47.4466],[19.1523,47.446],[19.1531,47.4455],[19.1538,47.4449],[19.1541,47.4447]]]}},{"type":"Feature","properties":{"id":"0117","name":"BP 17. OEVK","regionId":"budapest","center":"BP XXI. kerület"},"geometry":{"type":"Polygon","coordinates":[[[19.0878,47.4397],[19.0887,47.436],[19.0888,47.4334],[19.0894,47.4323],[19.0907,47.4305],[19.0915,47.4287],[19.092,47.4286],[19.0929,47.4287],[19.0928,47.4292],[19.0937,47.4293],[19.0951,47.4293],[19.0959,47.4292],[19.0972,47.4288],[19.0978,47.4286],[19.099,47.4283],[19.0997,47.4277],[19.1003,47.4272],[19.101,47.4267],[19.1015,47.426],[19.1019,47.4255],[19.1036,47.4255],[19.105,47.423],[19.106,47.4217],[19.1104,47.425],[19.112,47.4236],[19.1098,47.4221],[19.1114,47.4206],[19.1137,47.4221],[19.1147,47.4211],[19.1177,47.4184],[19.1159,47.4158],[19.1169,47.4153],[19.1186,47.4135],[19.123,47.4156],[19.1197,47.4191],[19.1187,47.4187],[19.1185,47.4189],[19.1205,47.42],[19.1249,47.4226],[19.1292,47.4251],[19.1394,47.4181],[19.1425,47.4158],[19.1584,47.425],[19.1649,47.4198],[19.1724,47.4141],[19.1663,47.4119],[19.1735,47.4068],[19.1677,47.4047],[19.1745,47.3999],[19.1722,47.3985],[19.175,47.3966],[19.1757,47.3962],[19.1803,47.3991],[19.1988,47.3851],[19.1924,47.3738],[19.1794,47.3609],[19.1503,47.3564],[19.1405,47.3494],[19.1334,47.3563],[19.1042,47.3752],[19.0976,47.379],[19.1048,47.3871],[19.1018,47.3884],[19.1003,47.3891],[19.0939,47.391],[19.0851,47.4019],[19.0835,47.4048],[19.0753,47.404],[19.0735,47.4032],[19.0705,47.4026],[19.0674,47.4008],[19.0605,47.3977],[19.0645,47.3935],[19.0621,47.3916],[19.0537,47.3933],[19.0509,47.3873],[19.048,47.3888],[19.0477,47.3886],[19.0449,47.3865],[19.044,47.385],[19.0421,47.3859],[19.0415,47.3857],[19.0382,47.3883],[19.0302,47.3853],[19.0277,47.3885],[19.0257,47.3877],[19.0241,47.3872],[19.0224,47.3891],[19.0189,47.3881],[19.0177,47.389],[19.0153,47.3909],[19.0188,47.3911],[19.025,47.392],[19.0309,47.3943],[19.0356,47.398],[19.0391,47.4028],[19.0419,47.4073],[19.0447,47.4142],[19.0456,47.4172],[19.0457,47.4197],[19.0452,47.423],[19.0464,47.4269],[19.0474,47.4287],[19.0484,47.4306],[19.0502,47.4341],[19.0512,47.4389],[19.0525,47.4454],[19.054,47.449],[19.0603,47.4576],[19.0634,47.4609],[19.0662,47.4612],[19.0691,47.4615],[19.0705,47.4615],[19.0725,47.4613],[19.0741,47.4609],[19.0761,47.4596],[19.0793,47.4571],[19.0811,47.4555],[19.0822,47.4543],[19.0833,47.4529],[19.084,47.4516],[19.0848,47.4495],[19.0852,47.448],[19.0864,47.4446],[19.0878,47.4397]]]}},{"type":"Feature","properties":{"id":"0118","name":"BP 18. OEVK","regionId":"budapest","center":"BP XXII. kerület"},"geometry":{"type":"Polygon","coordinates":[[[19.0676,47.4686],[19.0676,47.4684],[19.0661,47.4654],[19.0634,47.4609],[19.0603,47.4576],[19.054,47.449],[19.0525,47.4454],[19.0512,47.4389],[19.0502,47.4341],[19.0484,47.4306],[19.0474,47.4287],[19.0464,47.4269],[19.0452,47.423],[19.0457,47.4197],[19.0456,47.4172],[19.0447,47.4142],[19.0419,47.4073],[19.0391,47.4028],[19.0356,47.398],[19.0309,47.3943],[19.025,47.392],[19.0188,47.3911],[19.0153,47.3909],[19.0128,47.3897],[19.0091,47.3887],[18.9937,47.3867],[18.9832,47.3843],[18.9805,47.384],[18.977,47.3826],[18.9732,47.3808],[18.9624,47.3726],[18.9572,47.3759],[18.9553,47.3782],[18.9545,47.3812],[18.9535,47.3829],[18.9536,47.3832],[18.9549,47.3836],[18.9521,47.389],[18.9513,47.3926],[18.9515,47.394],[18.9522,47.3956],[18.9541,47.3971],[18.9624,47.3993],[18.9614,47.4052],[18.9568,47.4143],[18.957,47.4186],[18.9697,47.4269],[18.9744,47.4295],[18.9762,47.4301],[18.9774,47.4319],[18.9791,47.4378],[18.979,47.4413],[18.9779,47.4453],[18.9785,47.4472],[18.9892,47.447],[18.9907,47.4472],[18.9989,47.4487],[19.0062,47.4501],[19.0092,47.4507],[19.0121,47.4513],[19.0171,47.4522],[19.0194,47.4532],[19.0202,47.4542],[19.0204,47.4582],[19.0203,47.4635],[19.0206,47.463],[19.0236,47.4627],[19.0241,47.4647],[19.0265,47.4645],[19.0285,47.4642],[19.0316,47.4638],[19.0337,47.4635],[19.0347,47.4634],[19.0355,47.4633],[19.036,47.4632],[19.0363,47.4632],[19.0371,47.4631],[19.0379,47.463],[19.0388,47.463],[19.0404,47.4627],[19.0406,47.4633],[19.0407,47.4639],[19.039,47.4642],[19.0392,47.4646],[19.0394,47.4653],[19.0395,47.4655],[19.0403,47.4678],[19.0407,47.4688],[19.0409,47.4693],[19.041,47.4697],[19.0412,47.4701],[19.0417,47.4715],[19.0417,47.4718],[19.0463,47.4709],[19.0542,47.4695],[19.0576,47.4688],[19.0626,47.4687],[19.0664,47.4686],[19.0676,47.4686]]]}},{"type":"Feature","properties":{"id":"0201","name":"Baranya vármegye 01. OEVK","regionId":"baranya","center":"Pécs"},"geometry":{"type":"Polygon","coordinates":[[[18.2108,46.1421],[18.214,46.1407],[18.2155,46.1413],[18.2188,46.1417],[18.2224,46.1411],[18.2232,46.1402],[18.225,46.1404],[18.2277,46.1393],[18.2294,46.1391],[18.2321,46.1394],[18.2333,46.1391],[18.2358,46.1368],[18.2366,46.1354],[18.2381,46.1352],[18.2398,46.1351],[18.242,46.136],[18.2505,46.1364],[18.2505,46.136],[18.2505,46.1357],[18.2506,46.1355],[18.2507,46.135],[18.2515,46.1333],[18.2516,46.1333],[18.2518,46.1325],[18.2523,46.1307],[18.2524,46.1305],[18.2524,46.1303],[18.2525,46.1301],[18.2542,46.1284],[18.2546,46.128],[18.255,46.1277],[18.2555,46.1274],[18.2564,46.1271],[18.257,46.1269],[18.2572,46.1268],[18.2575,46.1266],[18.259,46.1255],[18.2601,46.1239],[18.2611,46.1228],[18.2615,46.122],[18.2616,46.1217],[18.2615,46.1214],[18.2613,46.121],[18.2614,46.1198],[18.2614,46.1177],[18.2616,46.1163],[18.2617,46.1153],[18.2619,46.1136],[18.262,46.1122],[18.2624,46.1105],[18.2626,46.1101],[18.263,46.1087],[18.2634,46.1075],[18.2637,46.1066],[18.2638,46.1064],[18.2636,46.1062],[18.2648,46.1035],[18.2651,46.1028],[18.2651,46.1023],[18.2642,46.1013],[18.264,46.1012],[18.2639,46.1012],[18.2629,46.1012],[18.2627,46.1011],[18.2625,46.1011],[18.2624,46.1011],[18.2623,46.101],[18.2622,46.1009],[18.2622,46.1008],[18.2622,46.1007],[18.2623,46.1006],[18.2623,46.1006],[18.2624,46.1005],[18.2625,46.1004],[18.2626,46.1003],[18.2626,46.1002],[18.2626,46.1002],[18.2627,46.1001],[18.2626,46.1],[18.2626,46.0999],[18.2625,46.0999],[18.2624,46.0998],[18.2623,46.0998],[18.2621,46.0998],[18.2617,46.1],[18.2615,46.1],[18.2613,46.1001],[18.2612,46.1001],[18.2611,46.1001],[18.261,46.1],[18.2609,46.1],[18.2608,46.0999],[18.2608,46.0998],[18.2608,46.0997],[18.2609,46.0996],[18.2609,46.0995],[18.261,46.0995],[18.2613,46.0994],[18.2615,46.0993],[18.2616,46.0992],[18.2617,46.0992],[18.2618,46.0991],[18.2619,46.099],[18.262,46.0988],[18.2622,46.0987],[18.2624,46.0985],[18.2625,46.0984],[18.2626,46.0983],[18.2626,46.0982],[18.2626,46.0981],[18.2626,46.098],[18.2625,46.0979],[18.2625,46.0979],[18.2624,46.0978],[18.2623,46.0978],[18.2622,46.0979],[18.2621,46.0979],[18.262,46.098],[18.2619,46.0982],[18.2618,46.0984],[18.2617,46.0985],[18.2616,46.0986],[18.2615,46.0986],[18.2613,46.0987],[18.2612,46.0987],[18.261,46.0987],[18.2609,46.0986],[18.2607,46.0986],[18.2606,46.0985],[18.2603,46.0986],[18.2592,46.0985],[18.2573,46.0945],[18.2565,46.0937],[18.254,46.0918],[18.2525,46.0914],[18.2514,46.0911],[18.2506,46.09],[18.2505,46.0892],[18.2513,46.089],[18.252,46.0878],[18.2522,46.0874],[18.2524,46.0869],[18.2526,46.086],[18.253,46.0849],[18.2532,46.0835],[18.2532,46.083],[18.2532,46.0826],[18.2533,46.082],[18.2533,46.0816],[18.254,46.0805],[18.2538,46.0802],[18.2529,46.0795],[18.2528,46.0794],[18.2527,46.0792],[18.2526,46.079],[18.2526,46.0784],[18.2483,46.0762],[18.2446,46.0741],[18.2415,46.0725],[18.2418,46.0722],[18.2426,46.0713],[18.2426,46.0706],[18.2426,46.0697],[18.2423,46.069],[18.243,46.0681],[18.2446,46.0654],[18.2441,46.0649],[18.2327,46.0612],[18.2362,46.0583],[18.2391,46.0568],[18.2416,46.0559],[18.2519,46.0477],[18.2521,46.0478],[18.2524,46.0478],[18.2527,46.0478],[18.2531,46.0479],[18.2533,46.0479],[18.2538,46.0479],[18.2539,46.0479],[18.2542,46.0479],[18.2544,46.0479],[18.2546,46.048],[18.2548,46.048],[18.2551,46.0482],[18.2575,46.0494],[18.2588,46.0502],[18.2597,46.0507],[18.2606,46.0513],[18.2611,46.0517],[18.2617,46.0521],[18.262,46.0523],[18.2628,46.0526],[18.263,46.0527],[18.2633,46.0527],[18.2635,46.0528],[18.264,46.0528],[18.2645,46.0529],[18.2657,46.053],[18.2664,46.053],[18.2692,46.0532],[18.2716,46.0533],[18.2728,46.0536],[18.2735,46.0537],[18.2751,46.0542],[18.2744,46.0463],[18.2774,46.04],[18.2728,46.0377],[18.2695,46.0366],[18.2693,46.0358],[18.2676,46.0345],[18.2665,46.032],[18.2654,46.0314],[18.2635,46.0318],[18.2661,46.0289],[18.2676,46.0282],[18.2715,46.0243],[18.2719,46.0244],[18.2729,46.0233],[18.2735,46.0218],[18.2728,46.0218],[18.2733,46.021],[18.2751,46.021],[18.2754,46.02],[18.2766,46.0196],[18.2781,46.0191],[18.284,46.0197],[18.2846,46.019],[18.2873,46.0192],[18.2881,46.0164],[18.2896,46.0161],[18.2901,46.0153],[18.2926,46.0151],[18.2943,46.0128],[18.2952,46.0068],[18.2952,46.0065],[18.2931,46.0063],[18.292,45.9962],[18.283,45.9884],[18.2824,45.9875],[18.2832,45.985],[18.2843,45.9837],[18.2845,45.9819],[18.286,45.9796],[18.2858,45.9791],[18.2859,45.9783],[18.2836,45.9781],[18.283,45.9805],[18.279,45.9803],[18.2766,45.9801],[18.2768,45.979],[18.2751,45.9775],[18.2721,45.9758],[18.2644,45.9725],[18.261,45.9716],[18.26,45.9727],[18.256,45.9703],[18.2518,45.9698],[18.2515,45.9732],[18.2478,45.9725],[18.2433,45.9723],[18.2429,45.9736],[18.2369,45.9725],[18.2341,45.9797],[18.2339,45.9801],[18.2332,45.9801],[18.2333,45.9821],[18.2324,45.985],[18.2321,45.9886],[18.2307,45.9886],[18.2266,45.9884],[18.2268,45.9862],[18.211,45.9831],[18.2072,45.9824],[18.207,45.9827],[18.2042,45.9824],[18.204,45.9828],[18.2026,45.9834],[18.1991,45.9837],[18.199,45.9842],[18.1921,45.9839],[18.1921,45.9843],[18.1907,45.9841],[18.1888,45.984],[18.1888,45.9845],[18.1872,45.9844],[18.1872,45.9839],[18.181,45.9834],[18.1815,45.9866],[18.1752,45.9869],[18.1751,45.9845],[18.1733,45.9847],[18.1738,45.9886],[18.1728,45.9887],[18.1719,45.9919],[18.1714,45.9962],[18.1642,45.9967],[18.1651,46.0018],[18.1685,46.002],[18.1686,46.0025],[18.1668,46.0073],[18.1673,46.0076],[18.1666,46.0099],[18.1669,46.0105],[18.1694,46.0107],[18.1699,46.0113],[18.1695,46.0127],[18.1723,46.0128],[18.1734,46.0131],[18.1734,46.0135],[18.1762,46.014],[18.176,46.0149],[18.1773,46.0174],[18.1767,46.02],[18.178,46.0203],[18.1762,46.0288],[18.1815,46.0276],[18.1868,46.0346],[18.1845,46.0398],[18.1867,46.0401],[18.1865,46.0439],[18.1588,46.0526],[18.149,46.053],[18.1456,46.052],[18.1456,46.0548],[18.1492,46.0558],[18.1492,46.059],[18.1464,46.0587],[18.1462,46.059],[18.1457,46.0589],[18.1457,46.059],[18.1525,46.0605],[18.1559,46.0609],[18.1563,46.061],[18.1571,46.0611],[18.1577,46.0612],[18.1584,46.0612],[18.1588,46.0612],[18.1616,46.0613],[18.1656,46.0609],[18.167,46.0607],[18.1687,46.0604],[18.1726,46.0593],[18.177,46.0581],[18.18,46.0577],[18.1839,46.0579],[18.1871,46.0584],[18.1924,46.0596],[18.2068,46.0626],[18.2135,46.064],[18.2135,46.0649],[18.212,46.0646],[18.2116,46.0645],[18.2092,46.0639],[18.2083,46.0657],[18.2078,46.0672],[18.2075,46.0679],[18.2073,46.0686],[18.2071,46.0693],[18.207,46.0698],[18.207,46.0699],[18.2069,46.0699],[18.2069,46.07],[18.2069,46.0701],[18.2068,46.0706],[18.2065,46.0713],[18.2063,46.0723],[18.2055,46.0722],[18.2048,46.0721],[18.2042,46.0731],[18.2039,46.0736],[18.2035,46.0743],[18.203,46.0751],[18.2049,46.0757],[18.2057,46.0758],[18.2061,46.0758],[18.2063,46.0759],[18.2073,46.0759],[18.2081,46.0759],[18.2087,46.076],[18.2099,46.0764],[18.2092,46.0771],[18.2094,46.0774],[18.2113,46.0781],[18.2102,46.0803],[18.2088,46.0817],[18.2076,46.0839],[18.2059,46.0852],[18.2051,46.0867],[18.2027,46.0905],[18.2027,46.0912],[18.2035,46.093],[18.2031,46.094],[18.2019,46.0956],[18.2015,46.0973],[18.2021,46.0988],[18.211,46.096],[18.2139,46.0935],[18.2156,46.0934],[18.2176,46.0926],[18.2228,46.0936],[18.2118,46.097],[18.2024,46.1038],[18.1979,46.1113],[18.1961,46.1125],[18.1929,46.1178],[18.1949,46.1212],[18.1918,46.123],[18.1876,46.1213],[18.1791,46.1187],[18.1768,46.1216],[18.172,46.1244],[18.1756,46.1322],[18.1749,46.1333],[18.1782,46.135],[18.1791,46.136],[18.1827,46.1372],[18.1863,46.1375],[18.1886,46.1373],[18.19,46.1363],[18.1963,46.1373],[18.2003,46.1391],[18.2025,46.1394],[18.205,46.1404],[18.2081,46.1428],[18.2108,46.1421]]]}},{"type":"Feature","properties":{"id":"0202","name":"Baranya vármegye 02. OEVK","regionId":"baranya","center":"Pécs"},"geometry":{"type":"Polygon","coordinates":[[[18.2537,46.2402],[18.2563,46.2388],[18.2572,46.2387],[18.2585,46.2393],[18.2587,46.2388],[18.2605,46.2386],[18.2605,46.2377],[18.264,46.2373],[18.265,46.2355],[18.2648,46.2351],[18.2658,46.2345],[18.2631,46.2325],[18.2643,46.2319],[18.2681,46.2327],[18.2699,46.2314],[18.2703,46.2304],[18.2715,46.2298],[18.2744,46.2304],[18.2765,46.2302],[18.2781,46.2308],[18.28,46.2305],[18.2815,46.2315],[18.2845,46.2317],[18.2849,46.2319],[18.2846,46.2337],[18.2851,46.2345],[18.2966,46.2348],[18.2966,46.2336],[18.2981,46.2318],[18.2996,46.2265],[18.2955,46.219],[18.2949,46.2172],[18.296,46.2126],[18.3017,46.2119],[18.3014,46.2103],[18.3003,46.2098],[18.2998,46.2083],[18.3006,46.2074],[18.3,46.204],[18.3036,46.2002],[18.3054,46.1964],[18.3076,46.1955],[18.3139,46.1952],[18.3177,46.1944],[18.3189,46.1937],[18.3203,46.1919],[18.3213,46.1881],[18.3225,46.1881],[18.322,46.1868],[18.323,46.1827],[18.3214,46.1824],[18.3215,46.1801],[18.3185,46.1799],[18.3192,46.1765],[18.3141,46.1746],[18.3131,46.1721],[18.3121,46.1711],[18.3118,46.1697],[18.3131,46.1667],[18.3227,46.1614],[18.3248,46.1602],[18.3249,46.1594],[18.3261,46.1582],[18.3294,46.1521],[18.3331,46.1474],[18.3397,46.1374],[18.3405,46.1354],[18.3415,46.1343],[18.3416,46.1331],[18.3427,46.1318],[18.3424,46.1311],[18.3431,46.1296],[18.3482,46.126],[18.3487,46.126],[18.3529,46.1174],[18.3615,46.1083],[18.3641,46.1038],[18.3651,46.1038],[18.3696,46.105],[18.3712,46.1039],[18.374,46.1029],[18.3782,46.1044],[18.3784,46.1028],[18.3795,46.1031],[18.3803,46.102],[18.3816,46.1027],[18.3847,46.1031],[18.3868,46.1048],[18.3871,46.1054],[18.3862,46.1069],[18.3861,46.1081],[18.3892,46.1092],[18.3913,46.1096],[18.393,46.1105],[18.3913,46.1121],[18.3898,46.1119],[18.389,46.1134],[18.3899,46.1156],[18.3896,46.1195],[18.3903,46.1232],[18.3917,46.1274],[18.3956,46.1286],[18.3986,46.1272],[18.4011,46.1271],[18.4076,46.1258],[18.4117,46.1254],[18.4109,46.1246],[18.4114,46.1246],[18.4173,46.1159],[18.4209,46.1171],[18.4267,46.1075],[18.4325,46.1091],[18.4319,46.1069],[18.4323,46.1061],[18.4356,46.1046],[18.4377,46.1022],[18.4337,46.1006],[18.4338,46.1003],[18.4328,46.0999],[18.4334,46.0932],[18.434,46.0933],[18.4337,46.0908],[18.4331,46.0869],[18.4317,46.0835],[18.435,46.0709],[18.4355,46.0667],[18.4348,46.0663],[18.4349,46.0623],[18.4391,46.048],[18.4384,46.0472],[18.4407,46.0417],[18.4407,46.0396],[18.4419,46.0378],[18.4425,46.0353],[18.4383,46.0351],[18.4363,46.0362],[18.4269,46.036],[18.4295,46.0328],[18.4192,46.0312],[18.418,46.0316],[18.4162,46.0337],[18.4154,46.0335],[18.409,46.0308],[18.4053,46.0283],[18.3992,46.0251],[18.3981,46.0227],[18.3994,46.0187],[18.3974,46.0179],[18.3905,46.0198],[18.3885,46.0198],[18.3838,46.0225],[18.3821,46.0242],[18.3745,46.0273],[18.3744,46.0265],[18.3723,46.0264],[18.3688,46.0252],[18.3679,46.0242],[18.3653,46.023],[18.3721,46.0175],[18.3681,46.001],[18.3642,46.0007],[18.3678,45.9951],[18.3582,45.9917],[18.3587,45.9903],[18.3553,45.9842],[18.3529,45.9861],[18.3515,45.9856],[18.349,45.9865],[18.3478,45.9851],[18.3472,45.9834],[18.3465,45.9834],[18.347,45.9854],[18.3482,45.9862],[18.3476,45.9874],[18.3461,45.9883],[18.3449,45.9878],[18.342,45.9884],[18.3418,45.9888],[18.3368,45.9879],[18.3354,45.9895],[18.333,45.9892],[18.3329,45.9886],[18.3319,45.988],[18.3318,45.989],[18.3341,45.9894],[18.3336,45.9926],[18.3292,45.9954],[18.3198,46.0],[18.3111,46.0086],[18.3126,46.0151],[18.3028,46.0131],[18.3033,46.0115],[18.3019,46.0113],[18.3016,46.0092],[18.3001,46.0091],[18.2952,46.0068],[18.2943,46.0128],[18.2926,46.0151],[18.2901,46.0153],[18.2896,46.0161],[18.2881,46.0164],[18.2873,46.0192],[18.2846,46.019],[18.284,46.0197],[18.2781,46.0191],[18.2766,46.0196],[18.2754,46.02],[18.2751,46.021],[18.2733,46.021],[18.2728,46.0218],[18.2735,46.0218],[18.2729,46.0233],[18.2719,46.0244],[18.2715,46.0243],[18.2676,46.0282],[18.2661,46.0289],[18.2635,46.0318],[18.2654,46.0314],[18.2665,46.032],[18.2676,46.0345],[18.2693,46.0358],[18.2695,46.0366],[18.2728,46.0377],[18.2774,46.04],[18.2744,46.0463],[18.2751,46.0542],[18.2735,46.0537],[18.2728,46.0536],[18.2716,46.0533],[18.2692,46.0532],[18.2664,46.053],[18.2657,46.053],[18.2645,46.0529],[18.264,46.0528],[18.2635,46.0528],[18.2633,46.0527],[18.263,46.0527],[18.2628,46.0526],[18.262,46.0523],[18.2617,46.0521],[18.2611,46.0517],[18.2606,46.0513],[18.2597,46.0507],[18.2588,46.0502],[18.2575,46.0494],[18.2551,46.0482],[18.2548,46.048],[18.2546,46.048],[18.2544,46.0479],[18.2542,46.0479],[18.2539,46.0479],[18.2538,46.0479],[18.2533,46.0479],[18.2531,46.0479],[18.2527,46.0478],[18.2524,46.0478],[18.2521,46.0478],[18.2519,46.0477],[18.2416,46.0559],[18.2391,46.0568],[18.2362,46.0583],[18.2327,46.0612],[18.2441,46.0649],[18.2446,46.0654],[18.243,46.0681],[18.2423,46.069],[18.2426,46.0697],[18.2426,46.0706],[18.2426,46.0713],[18.2418,46.0722],[18.2415,46.0725],[18.2446,46.0741],[18.2483,46.0762],[18.2526,46.0784],[18.2526,46.079],[18.2527,46.0792],[18.2528,46.0794],[18.2529,46.0795],[18.2538,46.0802],[18.254,46.0805],[18.2533,46.0816],[18.2533,46.082],[18.2532,46.0826],[18.2532,46.083],[18.2532,46.0835],[18.253,46.0849],[18.2526,46.086],[18.2524,46.0869],[18.2522,46.0874],[18.252,46.0878],[18.2513,46.089],[18.2505,46.0892],[18.2506,46.09],[18.2514,46.0911],[18.2525,46.0914],[18.254,46.0918],[18.2565,46.0937],[18.2573,46.0945],[18.2592,46.0985],[18.2603,46.0986],[18.2606,46.0985],[18.2607,46.0986],[18.2609,46.0986],[18.261,46.0987],[18.2612,46.0987],[18.2613,46.0987],[18.2615,46.0986],[18.2616,46.0986],[18.2617,46.0985],[18.2618,46.0984],[18.2619,46.0982],[18.262,46.098],[18.2621,46.0979],[18.2622,46.0979],[18.2623,46.0978],[18.2624,46.0978],[18.2625,46.0979],[18.2625,46.0979],[18.2626,46.098],[18.2626,46.0981],[18.2626,46.0982],[18.2626,46.0983],[18.2625,46.0984],[18.2624,46.0985],[18.2622,46.0987],[18.262,46.0988],[18.2619,46.099],[18.2618,46.0991],[18.2617,46.0992],[18.2616,46.0992],[18.2615,46.0993],[18.2613,46.0994],[18.261,46.0995],[18.2609,46.0995],[18.2609,46.0996],[18.2608,46.0997],[18.2608,46.0998],[18.2608,46.0999],[18.2609,46.1],[18.261,46.1],[18.2611,46.1001],[18.2612,46.1001],[18.2613,46.1001],[18.2615,46.1],[18.2617,46.1],[18.2621,46.0998],[18.2623,46.0998],[18.2624,46.0998],[18.2625,46.0999],[18.2626,46.0999],[18.2626,46.1],[18.2627,46.1001],[18.2626,46.1002],[18.2626,46.1002],[18.2626,46.1003],[18.2625,46.1004],[18.2624,46.1005],[18.2623,46.1006],[18.2623,46.1006],[18.2622,46.1007],[18.2622,46.1008],[18.2622,46.1009],[18.2623,46.101],[18.2624,46.1011],[18.2625,46.1011],[18.2627,46.1011],[18.2629,46.1012],[18.2639,46.1012],[18.264,46.1012],[18.2642,46.1013],[18.2651,46.1023],[18.2651,46.1028],[18.2648,46.1035],[18.2636,46.1062],[18.2638,46.1064],[18.2637,46.1066],[18.2634,46.1075],[18.263,46.1087],[18.2626,46.1101],[18.2624,46.1105],[18.262,46.1122],[18.2619,46.1136],[18.2617,46.1153],[18.2616,46.1163],[18.2614,46.1177],[18.2614,46.1198],[18.2613,46.121],[18.2615,46.1214],[18.2616,46.1217],[18.2615,46.122],[18.2611,46.1228],[18.2601,46.1239],[18.259,46.1255],[18.2575,46.1266],[18.2572,46.1268],[18.257,46.1269],[18.2564,46.1271],[18.2555,46.1274],[18.255,46.1277],[18.2546,46.128],[18.2542,46.1284],[18.2525,46.1301],[18.2524,46.1303],[18.2524,46.1305],[18.2523,46.1307],[18.2518,46.1325],[18.2516,46.1333],[18.2515,46.1333],[18.2507,46.135],[18.2506,46.1355],[18.2505,46.1357],[18.2505,46.136],[18.2505,46.1364],[18.242,46.136],[18.2398,46.1351],[18.2381,46.1352],[18.2366,46.1354],[18.2358,46.1368],[18.2333,46.1391],[18.2321,46.1394],[18.2294,46.1391],[18.2277,46.1393],[18.225,46.1404],[18.2232,46.1402],[18.2224,46.1411],[18.2188,46.1417],[18.2155,46.1413],[18.214,46.1407],[18.2108,46.1421],[18.2081,46.1428],[18.205,46.1404],[18.2025,46.1394],[18.2003,46.1391],[18.1963,46.1373],[18.19,46.1363],[18.1886,46.1373],[18.1863,46.1375],[18.1827,46.1372],[18.1791,46.136],[18.1782,46.135],[18.1749,46.1333],[18.1756,46.1322],[18.172,46.1244],[18.1768,46.1216],[18.1791,46.1187],[18.1876,46.1213],[18.1918,46.123],[18.1949,46.1212],[18.1929,46.1178],[18.1961,46.1125],[18.1979,46.1113],[18.2024,46.1038],[18.2118,46.097],[18.2228,46.0936],[18.2176,46.0926],[18.2156,46.0934],[18.2139,46.0935],[18.211,46.096],[18.2021,46.0988],[18.2015,46.0973],[18.2019,46.0956],[18.2031,46.094],[18.2035,46.093],[18.2027,46.0912],[18.2027,46.0905],[18.2051,46.0867],[18.2059,46.0852],[18.2076,46.0839],[18.2088,46.0817],[18.2102,46.0803],[18.2113,46.0781],[18.2094,46.0774],[18.2092,46.0771],[18.2099,46.0764],[18.2087,46.076],[18.2081,46.0759],[18.2073,46.0759],[18.2063,46.0759],[18.2061,46.0758],[18.2057,46.0758],[18.2049,46.0757],[18.203,46.0751],[18.2035,46.0743],[18.2039,46.0736],[18.2042,46.0731],[18.2048,46.0721],[18.2055,46.0722],[18.2063,46.0723],[18.2065,46.0713],[18.2068,46.0706],[18.2069,46.0701],[18.2069,46.07],[18.2069,46.0699],[18.207,46.0699],[18.207,46.0698],[18.2071,46.0693],[18.2073,46.0686],[18.2075,46.0679],[18.2078,46.0672],[18.2083,46.0657],[18.2092,46.0639],[18.2116,46.0645],[18.212,46.0646],[18.2135,46.0649],[18.2135,46.064],[18.2068,46.0626],[18.1924,46.0596],[18.1871,46.0584],[18.1839,46.0579],[18.18,46.0577],[18.177,46.0581],[18.1726,46.0593],[18.1687,46.0604],[18.167,46.0607],[18.1656,46.0609],[18.1616,46.0613],[18.1588,46.0612],[18.1584,46.0612],[18.1577,46.0612],[18.1571,46.0611],[18.1563,46.061],[18.1559,46.0609],[18.1525,46.0605],[18.1457,46.059],[18.1457,46.0589],[18.1462,46.059],[18.1464,46.0587],[18.1492,46.059],[18.1492,46.0558],[18.1456,46.0548],[18.1456,46.052],[18.1353,46.0487],[18.1347,46.0488],[18.1327,46.0483],[18.1303,46.0462],[18.1259,46.0416],[18.1102,46.0439],[18.1087,46.0443],[18.1071,46.0454],[18.1081,46.0482],[18.1106,46.0481],[18.1103,46.0503],[18.1051,46.051],[18.1023,46.051],[18.1015,46.0536],[18.1003,46.0535],[18.0987,46.0589],[18.0962,46.0585],[18.0946,46.0595],[18.093,46.0595],[18.0925,46.0605],[18.0943,46.061],[18.0949,46.0633],[18.0955,46.071],[18.1007,46.0712],[18.1023,46.0783],[18.106,46.0779],[18.1072,46.084],[18.1093,46.0837],[18.1101,46.0842],[18.111,46.0905],[18.1122,46.0921],[18.1127,46.095],[18.1143,46.0986],[18.1138,46.1006],[18.1153,46.1028],[18.116,46.1052],[18.1158,46.1072],[18.1145,46.1077],[18.1136,46.1088],[18.1136,46.1097],[18.1141,46.1099],[18.114,46.1106],[18.1146,46.1115],[18.1139,46.1127],[18.114,46.1142],[18.1128,46.115],[18.1138,46.1166],[18.1157,46.1177],[18.1152,46.1193],[18.1159,46.1203],[18.1156,46.1217],[18.1173,46.1239],[18.117,46.125],[18.1174,46.1252],[18.1266,46.1272],[18.1239,46.134],[18.1242,46.1349],[18.1255,46.1359],[18.1259,46.1371],[18.1278,46.1375],[18.1284,46.1381],[18.1284,46.1419],[18.1273,46.1419],[18.1271,46.143],[18.1277,46.1431],[18.1288,46.1459],[18.1296,46.146],[18.1276,46.1486],[18.1233,46.151],[18.1236,46.1519],[18.1204,46.1586],[18.1187,46.1585],[18.1183,46.1596],[18.1184,46.1624],[18.1196,46.1648],[18.1194,46.1655],[18.1212,46.1661],[18.1218,46.1667],[18.1221,46.1677],[18.1216,46.1678],[18.123,46.17],[18.1226,46.1733],[18.1238,46.1742],[18.1226,46.1749],[18.1267,46.1819],[18.1264,46.1824],[18.1295,46.1844],[18.1325,46.1814],[18.1351,46.1817],[18.1352,46.1813],[18.1361,46.1817],[18.1362,46.1814],[18.1378,46.1815],[18.1377,46.1819],[18.1394,46.1825],[18.142,46.1824],[18.143,46.1822],[18.143,46.1819],[18.1441,46.1825],[18.1449,46.182],[18.1454,46.1825],[18.1459,46.1818],[18.1472,46.1813],[18.1473,46.1809],[18.1481,46.1807],[18.1498,46.1779],[18.1541,46.1787],[18.1561,46.1765],[18.1614,46.1762],[18.1615,46.1757],[18.1603,46.1749],[18.1606,46.1747],[18.1629,46.1765],[18.1643,46.1761],[18.1628,46.1743],[18.1636,46.1738],[18.1625,46.1724],[18.1628,46.1719],[18.1646,46.1714],[18.1667,46.1722],[18.1684,46.1715],[18.1682,46.1706],[18.1703,46.1704],[18.1715,46.1708],[18.1716,46.1704],[18.173,46.1705],[18.1746,46.17],[18.1756,46.1691],[18.1744,46.1693],[18.1773,46.1677],[18.1838,46.167],[18.1849,46.1624],[18.1881,46.1602],[18.1893,46.1585],[18.19,46.157],[18.1921,46.1613],[18.195,46.1646],[18.2003,46.1669],[18.202,46.1684],[18.2034,46.1688],[18.2032,46.1695],[18.2049,46.1705],[18.2099,46.1721],[18.2097,46.173],[18.2102,46.1736],[18.2098,46.1741],[18.2107,46.1749],[18.2105,46.1754],[18.2113,46.1752],[18.2097,46.1795],[18.2099,46.1804],[18.206,46.1854],[18.2104,46.1876],[18.2137,46.1864],[18.2133,46.1862],[18.2141,46.1854],[18.2131,46.1846],[18.2184,46.1854],[18.2188,46.1864],[18.22,46.1864],[18.2205,46.1876],[18.2229,46.1897],[18.2237,46.1894],[18.2258,46.1901],[18.2238,46.1914],[18.2214,46.1921],[18.2178,46.1947],[18.2188,46.1951],[18.2198,46.1972],[18.2197,46.2023],[18.2217,46.2039],[18.2239,46.2049],[18.228,46.2058],[18.2301,46.2056],[18.2331,46.2035],[18.2364,46.2026],[18.2347,46.2043],[18.2338,46.2044],[18.2329,46.2059],[18.2364,46.2065],[18.2378,46.2047],[18.2379,46.2042],[18.2373,46.204],[18.2384,46.2031],[18.2389,46.2038],[18.2381,46.205],[18.2392,46.2054],[18.2375,46.2087],[18.2358,46.2108],[18.2333,46.2121],[18.2308,46.216],[18.2315,46.2166],[18.2307,46.2172],[18.2306,46.2191],[18.2299,46.2195],[18.2294,46.2211],[18.2295,46.2244],[18.2245,46.2238],[18.2233,46.2233],[18.2223,46.2253],[18.2243,46.2281],[18.2263,46.2294],[18.227,46.2316],[18.2291,46.234],[18.2295,46.2349],[18.2291,46.2382],[18.2313,46.2379],[18.2348,46.2393],[18.2411,46.2376],[18.2453,46.2376],[18.2488,46.2389],[18.2514,46.2406],[18.2524,46.2401],[18.2537,46.2402]]]}},{"type":"Feature","properties":{"id":"0305","name":"Bács-Kiskun vármegye 05. OEVK","regionId":"bacs","center":"Kiskunhalas"},"geometry":{"type":"Polygon","coordinates":[[[19.0829,46.4093],[19.0839,46.4102],[19.0861,46.4143],[19.0874,46.4147],[19.089,46.414],[19.0904,46.4143],[19.0909,46.414],[19.0958,46.4155],[19.1004,46.4184],[19.0989,46.4217],[19.0968,46.4244],[19.0954,46.4279],[19.0971,46.4303],[19.1011,46.4324],[19.1003,46.4345],[19.1008,46.4366],[19.1021,46.439],[19.1037,46.441],[19.1053,46.4414],[19.1053,46.4422],[19.1127,46.4433],[19.1165,46.4443],[19.1159,46.4466],[19.1201,46.4489],[19.1241,46.4562],[19.1254,46.4568],[19.1306,46.4511],[19.1322,46.4506],[19.1363,46.4477],[19.1376,46.4484],[19.1379,46.4481],[19.1379,46.4439],[19.1385,46.443],[19.139,46.4429],[19.1394,46.4434],[19.1403,46.4468],[19.1412,46.447],[19.1419,46.4461],[19.1454,46.4441],[19.1466,46.4423],[19.1503,46.4405],[19.1512,46.457],[19.1868,46.4583],[19.1899,46.4634],[19.1898,46.4707],[19.1903,46.4718],[19.19,46.4728],[19.1906,46.474],[19.1901,46.4767],[19.1897,46.4776],[19.1903,46.4808],[19.1933,46.4894],[19.1943,46.4998],[19.1931,46.515],[19.1852,46.5164],[19.1858,46.5259],[19.1854,46.5329],[19.1824,46.5502],[19.1819,46.5602],[19.1813,46.5649],[19.1822,46.5852],[19.1944,46.607],[19.1947,46.6071],[19.211,46.6024],[19.2141,46.6023],[19.2273,46.6039],[19.2387,46.5864],[19.2547,46.5637],[19.2636,46.5689],[19.2837,46.5541],[19.2959,46.56],[19.3268,46.5372],[19.3307,46.5428],[19.3327,46.5414],[19.3403,46.5336],[19.3519,46.5247],[19.3621,46.5169],[19.3688,46.5111],[19.3862,46.507],[19.404,46.5187],[19.424,46.536],[19.4368,46.5456],[19.4438,46.5555],[19.4538,46.5682],[19.4722,46.5902],[19.4881,46.5891],[19.5432,46.587],[19.5559,46.5723],[19.5616,46.5664],[19.5812,46.5524],[19.5736,46.5452],[19.5692,46.54],[19.5676,46.5369],[19.5683,46.5359],[19.578,46.5229],[19.6019,46.5101],[19.6195,46.498],[19.6288,46.489],[19.6592,46.4576],[19.6467,46.4491],[19.6188,46.4416],[19.6207,46.44],[19.6266,46.4372],[19.6277,46.4359],[19.6313,46.4322],[19.6401,46.428],[19.6437,46.4265],[19.6455,46.4264],[19.6609,46.4199],[19.6653,46.4172],[19.6908,46.4464],[19.6961,46.4442],[19.7086,46.4347],[19.7117,46.4307],[19.7162,46.4271],[19.7232,46.4278],[19.7225,46.429],[19.7287,46.431],[19.7343,46.4188],[19.7323,46.3947],[19.7298,46.3825],[19.7223,46.3619],[19.6968,46.3589],[19.6872,46.3567],[19.6789,46.3532],[19.6628,46.349],[19.656,46.3469],[19.6627,46.3314],[19.6688,46.3271],[19.6796,46.3179],[19.689,46.3057],[19.6529,46.278],[19.6382,46.2641],[19.6544,46.2467],[19.6699,46.2315],[19.6829,46.2174],[19.6865,46.2129],[19.6954,46.1916],[19.6993,46.1883],[19.6981,46.1879],[19.6965,46.1874],[19.6863,46.1818],[19.6869,46.1809],[19.6865,46.1801],[19.6845,46.1797],[19.6825,46.1797],[19.6766,46.1818],[19.6759,46.1827],[19.6733,46.1839],[19.6722,46.1853],[19.6703,46.1866],[19.6696,46.184],[19.6649,46.187],[19.6638,46.189],[19.6615,46.1901],[19.6316,46.1692],[19.608,46.1728],[19.6064,46.1721],[19.6052,46.1732],[19.5676,46.1787],[19.5631,46.177],[19.5643,46.1756],[19.5599,46.1739],[19.5632,46.1698],[19.5586,46.168],[19.5604,46.1663],[19.5345,46.1519],[19.5338,46.1522],[19.5266,46.1477],[19.5167,46.1517],[19.5025,46.1421],[19.5094,46.1374],[19.5074,46.1345],[19.5081,46.1336],[19.5271,46.1209],[19.5225,46.1181],[19.509,46.1107],[19.4959,46.107],[19.4858,46.1035],[19.485,46.1047],[19.4818,46.1048],[19.4803,46.1018],[19.4768,46.1005],[19.4713,46.0977],[19.4708,46.0966],[19.4655,46.0955],[19.4644,46.0953],[19.4669,46.089],[19.4665,46.0816],[19.4392,46.0668],[19.423,46.0549],[19.4154,46.0457],[19.3951,46.042],[19.3802,46.0358],[19.3694,46.0478],[19.3642,46.0522],[19.3531,46.0614],[19.3406,46.0691],[19.3321,46.0742],[19.3137,46.0864],[19.3114,46.0835],[19.295,46.0856],[19.2894,46.0869],[19.2799,46.0883],[19.2579,46.09],[19.2525,46.089],[19.2358,46.0877],[19.2262,46.0969],[19.2242,46.1025],[19.2145,46.115],[19.2338,46.1207],[19.2421,46.1334],[19.2853,46.1527],[19.2855,46.1697],[19.2794,46.1795],[19.2762,46.183],[19.258,46.1985],[19.2585,46.2172],[19.2516,46.2507],[19.2418,46.2471],[19.2246,46.2418],[19.1922,46.2296],[19.1764,46.2479],[19.177,46.2481],[19.1657,46.2624],[19.1661,46.2626],[19.1252,46.2998],[19.1658,46.3191],[19.1615,46.3229],[19.1607,46.3223],[19.1577,46.3242],[19.1571,46.324],[19.1565,46.3249],[19.1546,46.3245],[19.1535,46.3253],[19.1545,46.326],[19.1528,46.3272],[19.152,46.3269],[19.1513,46.3279],[19.1538,46.3301],[19.151,46.3329],[19.1486,46.3339],[19.1469,46.3352],[19.1436,46.3392],[19.1419,46.3475],[19.1412,46.3491],[19.14,46.3503],[19.1409,46.3507],[19.1395,46.3518],[19.1402,46.3525],[19.1392,46.3534],[19.1385,46.3568],[19.1419,46.3592],[19.1382,46.3617],[19.1378,46.3615],[19.1375,46.3639],[19.1282,46.3699],[19.1246,46.3664],[19.122,46.3684],[19.1217,46.3694],[19.1199,46.3708],[19.1203,46.3711],[19.1197,46.3714],[19.1188,46.3707],[19.1183,46.371],[19.1042,46.3605],[19.0789,46.3483],[19.0739,46.3461],[19.0785,46.3501],[19.0721,46.3539],[19.0723,46.3565],[19.0702,46.3606],[19.0684,46.3623],[19.0664,46.3634],[19.062,46.3646],[19.0598,46.3649],[19.0563,46.3647],[19.0483,46.3693],[19.0474,46.3709],[19.0477,46.3736],[19.0471,46.3738],[19.0475,46.3763],[19.0482,46.3771],[19.049,46.377],[19.0487,46.3779],[19.0469,46.3795],[19.0429,46.3811],[19.0425,46.3824],[19.04,46.3837],[19.0399,46.3844],[19.0409,46.3858],[19.0421,46.3863],[19.0421,46.3872],[19.0422,46.3878],[19.0448,46.389],[19.0438,46.391],[19.0439,46.3919],[19.0455,46.392],[19.0514,46.3956],[19.0514,46.3962],[19.0497,46.3967],[19.0496,46.3975],[19.051,46.3992],[19.0507,46.3995],[19.052,46.4035],[19.0541,46.4051],[19.0582,46.4048],[19.0602,46.4059],[19.0617,46.4054],[19.0722,46.4063],[19.0763,46.4079],[19.08,46.4076],[19.082,46.4082],[19.0829,46.4093]]]}},{"type":"Feature","properties":{"id":"0203","name":"Baranya vármegye 03. OEVK","regionId":"baranya","center":"Mohács"},"geometry":{"type":"Polygon","coordinates":[[[18.3308,46.4083],[18.3347,46.4075],[18.3377,46.4087],[18.3408,46.4041],[18.3444,46.4013],[18.3472,46.3965],[18.3453,46.3959],[18.344,46.3947],[18.3436,46.3924],[18.3419,46.3905],[18.3413,46.3868],[18.3417,46.3835],[18.3409,46.3813],[18.3415,46.3792],[18.3413,46.3751],[18.3427,46.3731],[18.3431,46.3713],[18.3502,46.3671],[18.3505,46.3615],[18.3511,46.3601],[18.3548,46.3606],[18.3607,46.3598],[18.3684,46.3578],[18.3715,46.3559],[18.3759,46.3559],[18.3755,46.3532],[18.3792,46.352],[18.3841,46.3509],[18.3861,46.35],[18.3886,46.3435],[18.3902,46.3394],[18.3891,46.3361],[18.3818,46.3326],[18.3787,46.3317],[18.3788,46.3312],[18.3729,46.3281],[18.3733,46.3225],[18.3746,46.3218],[18.3754,46.3196],[18.3764,46.3112],[18.3745,46.309],[18.3724,46.3086],[18.3753,46.3029],[18.3722,46.3012],[18.3728,46.2999],[18.3753,46.2933],[18.3787,46.294],[18.3795,46.293],[18.3799,46.2931],[18.3801,46.2928],[18.3825,46.293],[18.3827,46.2924],[18.3839,46.2928],[18.3857,46.2917],[18.3862,46.292],[18.389,46.2897],[18.3912,46.2912],[18.3917,46.2908],[18.392,46.291],[18.3951,46.2884],[18.3955,46.2893],[18.3979,46.2866],[18.4144,46.2912],[18.4217,46.2769],[18.4159,46.2758],[18.4134,46.2698],[18.4112,46.2677],[18.4106,46.2662],[18.4112,46.266],[18.4102,46.265],[18.4097,46.2616],[18.4089,46.2618],[18.41,46.2597],[18.407,46.2533],[18.405,46.2508],[18.4046,46.2492],[18.4052,46.2484],[18.4049,46.2474],[18.4037,46.2464],[18.4035,46.2438],[18.3976,46.2406],[18.397,46.239],[18.3957,46.2376],[18.3899,46.2355],[18.3837,46.2348],[18.3798,46.2315],[18.374,46.2311],[18.3718,46.2304],[18.3658,46.2301],[18.3613,46.2287],[18.3604,46.227],[18.3592,46.226],[18.3599,46.2243],[18.3612,46.2235],[18.3624,46.2213],[18.3646,46.219],[18.3664,46.2184],[18.3681,46.2172],[18.376,46.2162],[18.379,46.2149],[18.3799,46.2149],[18.3833,46.2163],[18.3858,46.2176],[18.393,46.2226],[18.3938,46.2236],[18.3958,46.2244],[18.3978,46.2259],[18.4016,46.2269],[18.4057,46.2275],[18.4082,46.2286],[18.4106,46.229],[18.4123,46.231],[18.4155,46.2327],[18.4165,46.234],[18.4231,46.2356],[18.4262,46.2371],[18.4265,46.2385],[18.4332,46.2399],[18.4356,46.2411],[18.4386,46.2419],[18.4403,46.2439],[18.4424,46.244],[18.4435,46.2445],[18.4442,46.2441],[18.4447,46.2468],[18.4458,46.2472],[18.4441,46.2503],[18.4438,46.2531],[18.454,46.2533],[18.4546,46.2527],[18.4579,46.2517],[18.4598,46.2521],[18.4591,46.253],[18.4594,46.2534],[18.4647,46.2536],[18.4655,46.2532],[18.4666,46.2536],[18.4678,46.2546],[18.4641,46.2571],[18.4602,46.2611],[18.4624,46.262],[18.4639,46.2641],[18.4681,46.2659],[18.4717,46.2663],[18.4741,46.2662],[18.4756,46.2665],[18.4775,46.2675],[18.479,46.2688],[18.4789,46.2693],[18.4801,46.2697],[18.4805,46.2867],[18.4781,46.2918],[18.4753,46.3],[18.4772,46.3003],[18.4787,46.3008],[18.4811,46.297],[18.4845,46.294],[18.5029,46.2923],[18.5072,46.2908],[18.5084,46.2908],[18.5089,46.2872],[18.5189,46.2841],[18.5194,46.2791],[18.5157,46.2759],[18.5147,46.2737],[18.5182,46.2709],[18.5246,46.2694],[18.5248,46.2697],[18.5252,46.2696],[18.5254,46.269],[18.5287,46.2683],[18.5303,46.2686],[18.5311,46.2694],[18.5315,46.272],[18.5309,46.2792],[18.5314,46.278],[18.5341,46.2763],[18.5344,46.2746],[18.5359,46.2742],[18.5385,46.2747],[18.5422,46.2732],[18.5411,46.2701],[18.5391,46.2689],[18.5391,46.2683],[18.5394,46.2685],[18.539,46.267],[18.5395,46.2645],[18.5393,46.2581],[18.5404,46.2556],[18.5405,46.2532],[18.5395,46.2488],[18.5388,46.2481],[18.5385,46.2438],[18.5373,46.241],[18.5336,46.2366],[18.5316,46.2362],[18.5281,46.2338],[18.5286,46.2317],[18.5325,46.2278],[18.5333,46.228],[18.535,46.2272],[18.537,46.2271],[18.5396,46.2259],[18.5415,46.2258],[18.5445,46.224],[18.5466,46.2238],[18.5474,46.2233],[18.5478,46.222],[18.5463,46.2213],[18.5518,46.2191],[18.5548,46.2188],[18.5577,46.2196],[18.5625,46.222],[18.5633,46.2214],[18.5638,46.2218],[18.5683,46.2229],[18.5708,46.2161],[18.5676,46.2148],[18.5656,46.2146],[18.5649,46.2116],[18.5662,46.2079],[18.5716,46.2038],[18.5701,46.1989],[18.5721,46.1985],[18.5809,46.1957],[18.5831,46.1933],[18.5871,46.1908],[18.5887,46.1885],[18.5903,46.1874],[18.5929,46.1814],[18.5955,46.1825],[18.5999,46.1832],[18.6025,46.1846],[18.6049,46.1871],[18.6079,46.1891],[18.6128,46.1903],[18.6135,46.1899],[18.6168,46.1823],[18.6206,46.1789],[18.6298,46.1748],[18.6364,46.1712],[18.6417,46.1688],[18.6433,46.1659],[18.6514,46.1586],[18.6538,46.155],[18.657,46.1516],[18.665,46.1477],[18.6725,46.1423],[18.6773,46.1403],[18.6784,46.1394],[18.6804,46.1375],[18.6817,46.1346],[18.6856,46.1296],[18.686,46.1285],[18.6859,46.1258],[18.6875,46.1245],[18.6927,46.127],[18.6931,46.1283],[18.6927,46.1295],[18.6902,46.1309],[18.6894,46.1323],[18.6901,46.1335],[18.6927,46.1344],[18.6942,46.1335],[18.6946,46.134],[18.6963,46.1332],[18.7009,46.1289],[18.7072,46.1265],[18.7121,46.1244],[18.718,46.1226],[18.721,46.1182],[18.7253,46.1195],[18.7284,46.1219],[18.7299,46.1202],[18.7333,46.1182],[18.7383,46.1163],[18.741,46.1142],[18.742,46.1139],[18.7437,46.1115],[18.7468,46.1095],[18.7487,46.1099],[18.7511,46.112],[18.7522,46.1109],[18.7574,46.1097],[18.7607,46.1135],[18.7625,46.1131],[18.7644,46.1138],[18.7714,46.1144],[18.7749,46.1141],[18.7757,46.1136],[18.7769,46.1127],[18.7795,46.1087],[18.7935,46.1093],[18.8023,46.1088],[18.7976,46.1037],[18.7892,46.1009],[18.7799,46.0989],[18.77,46.0944],[18.7676,46.0918],[18.7657,46.0854],[18.7622,46.0794],[18.7607,46.0751],[18.7564,46.0674],[18.7527,46.063],[18.7382,46.0487],[18.7328,46.0451],[18.7347,46.0435],[18.7396,46.0371],[18.7423,46.0314],[18.7415,46.0298],[18.7425,46.0293],[18.7428,46.0286],[18.7471,46.0294],[18.7531,46.0288],[18.7568,46.0307],[18.7609,46.0313],[18.764,46.0311],[18.7665,46.03],[18.7675,46.029],[18.771,46.0269],[18.7747,46.0237],[18.777,46.0244],[18.7777,46.0256],[18.7788,46.0258],[18.7809,46.027],[18.7833,46.0261],[18.786,46.0276],[18.7887,46.0282],[18.7911,46.0263],[18.7943,46.0253],[18.7966,46.025],[18.7981,46.0254],[18.7997,46.0247],[18.8042,46.0236],[18.8078,46.0239],[18.8122,46.0258],[18.8179,46.0301],[18.8223,46.0319],[18.8262,46.0354],[18.8376,46.0416],[18.8446,46.0384],[18.8451,46.037],[18.8471,46.0347],[18.8433,46.0297],[18.8671,46.0208],[18.8683,46.0208],[18.8389,45.9841],[18.8352,45.9795],[18.8361,45.9801],[18.837,45.9799],[18.8392,45.9771],[18.839,45.9755],[18.8396,45.9753],[18.8405,45.9755],[18.8274,45.9592],[18.825,45.9601],[18.825,45.9566],[18.8276,45.9556],[18.8295,45.9562],[18.8364,45.955],[18.8405,45.9534],[18.841,45.9528],[18.8402,45.951],[18.8422,45.9509],[18.8437,45.9493],[18.8465,45.9491],[18.8481,45.9475],[18.8517,45.9462],[18.8543,45.9446],[18.856,45.9431],[18.8547,45.9413],[18.8521,45.9421],[18.8491,45.9414],[18.8472,45.9416],[18.8463,45.9407],[18.8456,45.9407],[18.8453,45.941],[18.8461,45.9448],[18.8443,45.9476],[18.8416,45.9463],[18.8404,45.9468],[18.838,45.9468],[18.8385,45.9447],[18.8382,45.9435],[18.8378,45.9435],[18.8371,45.9454],[18.8357,45.9459],[18.835,45.945],[18.8351,45.9437],[18.8343,45.9437],[18.8341,45.9432],[18.835,45.9409],[18.8342,45.9406],[18.8327,45.9415],[18.8298,45.9407],[18.828,45.9399],[18.8278,45.9389],[18.8288,45.9386],[18.8287,45.9383],[18.8217,45.937],[18.8211,45.9366],[18.8201,45.9365],[18.8195,45.9358],[18.8139,45.9356],[18.8102,45.934],[18.807,45.9342],[18.8026,45.9305],[18.8046,45.9287],[18.8031,45.9268],[18.8044,45.9265],[18.8144,45.9214],[18.8135,45.9206],[18.8176,45.9178],[18.8213,45.9144],[18.8178,45.9116],[18.8072,45.9032],[18.8115,45.8977],[18.8126,45.8908],[18.8105,45.8824],[18.8089,45.8795],[18.803,45.8787],[18.791,45.8782],[18.7884,45.8788],[18.7853,45.8801],[18.7783,45.8856],[18.7735,45.8878],[18.7712,45.8885],[18.7668,45.8893],[18.7602,45.8886],[18.7596,45.8901],[18.7605,45.8931],[18.7576,45.8953],[18.7569,45.8967],[18.7527,45.8972],[18.7505,45.898],[18.7496,45.8989],[18.7502,45.9003],[18.7489,45.9],[18.7434,45.9002],[18.738,45.9007],[18.7359,45.9013],[18.7222,45.905],[18.7173,45.9073],[18.7101,45.9123],[18.7073,45.9148],[18.7048,45.9181],[18.6924,45.9166],[18.6759,45.9148],[18.6696,45.9107],[18.668,45.9114],[18.6652,45.9139],[18.6627,45.9167],[18.6595,45.9169],[18.66,45.9047],[18.6606,45.9048],[18.6622,45.9009],[18.6632,45.9004],[18.6639,45.9006],[18.6635,45.9002],[18.665,45.8994],[18.662,45.8994],[18.6618,45.8987],[18.6623,45.8987],[18.6621,45.8963],[18.6611,45.8963],[18.6611,45.8953],[18.658,45.8954],[18.6559,45.895],[18.6552,45.8955],[18.6545,45.8954],[18.6526,45.8944],[18.6518,45.8944],[18.6483,45.8921],[18.6482,45.8925],[18.646,45.8923],[18.641,45.8888],[18.6417,45.8844],[18.6447,45.8825],[18.655,45.8742],[18.6538,45.8733],[18.6496,45.8727],[18.6478,45.8716],[18.6376,45.8678],[18.6314,45.8764],[18.6302,45.8742],[18.6275,45.873],[18.6268,45.8665],[18.6255,45.8589],[18.6245,45.858],[18.6233,45.8539],[18.6148,45.8529],[18.6232,45.8395],[18.6007,45.8337],[18.6036,45.828],[18.5952,45.8214],[18.5922,45.8196],[18.5849,45.8167],[18.5728,45.8137],[18.5733,45.8103],[18.5749,45.8003],[18.5593,45.8036],[18.5551,45.7943],[18.554,45.794],[18.5479,45.7937],[18.5459,45.7949],[18.5438,45.7953],[18.5388,45.7932],[18.5365,45.7933],[18.5342,45.7929],[18.5322,45.7934],[18.5211,45.7877],[18.5223,45.7848],[18.5221,45.7824],[18.518,45.7851],[18.5103,45.7847],[18.5048,45.788],[18.5051,45.7919],[18.5018,45.7941],[18.4997,45.795],[18.4974,45.7952],[18.4939,45.7942],[18.4906,45.7947],[18.489,45.7934],[18.4879,45.7889],[18.4858,45.7872],[18.4857,45.7842],[18.4842,45.7785],[18.4821,45.7754],[18.4825,45.7741],[18.4824,45.7733],[18.4819,45.7732],[18.4821,45.7655],[18.4807,45.7663],[18.4638,45.7662],[18.4562,45.7695],[18.4544,45.7676],[18.4451,45.7604],[18.449,45.758],[18.448,45.7487],[18.4496,45.7472],[18.4502,45.7457],[18.4499,45.7447],[18.448,45.7424],[18.4484,45.7421],[18.4468,45.7371],[18.4438,45.7382],[18.4368,45.7384],[18.4341,45.7389],[18.4275,45.7415],[18.4272,45.7407],[18.4235,45.7401],[18.4209,45.7409],[18.4157,45.7407],[18.4126,45.7397],[18.4115,45.7389],[18.4102,45.7387],[18.4076,45.7395],[18.4038,45.742],[18.401,45.7428],[18.4007,45.7441],[18.3979,45.7446],[18.3968,45.7493],[18.3995,45.7506],[18.3992,45.7517],[18.4002,45.755],[18.3998,45.7554],[18.3987,45.755],[18.3972,45.7531],[18.3953,45.7553],[18.3944,45.7573],[18.3936,45.7576],[18.3921,45.7575],[18.3923,45.7609],[18.3916,45.7618],[18.3893,45.7624],[18.3869,45.7644],[18.3857,45.7647],[18.3844,45.7638],[18.3827,45.7643],[18.3815,45.7635],[18.3797,45.7638],[18.3789,45.7653],[18.3718,45.7684],[18.3721,45.7689],[18.371,45.7687],[18.3703,45.7691],[18.3701,45.7698],[18.3642,45.7729],[18.3666,45.7667],[18.3651,45.7655],[18.3623,45.766],[18.3618,45.7657],[18.3582,45.7671],[18.3563,45.7667],[18.3567,45.764],[18.3563,45.7637],[18.3547,45.7643],[18.3516,45.7611],[18.3516,45.7602],[18.3496,45.7588],[18.3486,45.7566],[18.3465,45.7554],[18.346,45.7545],[18.3459,45.7517],[18.3448,45.7499],[18.3417,45.7478],[18.3392,45.747],[18.3379,45.7471],[18.3378,45.7488],[18.3368,45.7513],[18.3332,45.754],[18.3309,45.7545],[18.3279,45.7544],[18.3224,45.755],[18.3193,45.7562],[18.3162,45.7566],[18.3124,45.7563],[18.3094,45.7567],[18.3054,45.7577],[18.3042,45.7576],[18.3027,45.7587],[18.2991,45.7602],[18.3006,45.7622],[18.3029,45.7626],[18.3082,45.7648],[18.3094,45.7635],[18.3165,45.7665],[18.3192,45.7665],[18.3197,45.7668],[18.3225,45.7664],[18.3235,45.7668],[18.3259,45.7652],[18.3296,45.7677],[18.3283,45.7686],[18.3286,45.7688],[18.3255,45.7743],[18.322,45.7733],[18.3214,45.7762],[18.3241,45.7766],[18.3213,45.7804],[18.326,45.7832],[18.3209,45.7865],[18.3218,45.7871],[18.3181,45.7953],[18.319,45.797],[18.3172,45.8003],[18.313,45.8036],[18.3084,45.8054],[18.3093,45.8056],[18.3109,45.8053],[18.3113,45.8062],[18.3096,45.8097],[18.3185,45.8127],[18.3224,45.8105],[18.3266,45.8112],[18.3315,45.8151],[18.3343,45.8158],[18.3376,45.8159],[18.3387,45.8174],[18.3442,45.8171],[18.3487,45.8188],[18.3479,45.8207],[18.3484,45.8213],[18.3483,45.8238],[18.3478,45.8238],[18.3473,45.8249],[18.347,45.8249],[18.3461,45.8281],[18.3478,45.8286],[18.3472,45.8309],[18.3441,45.8324],[18.342,45.8332],[18.3413,45.8326],[18.34,45.8332],[18.3394,45.8327],[18.3387,45.834],[18.3374,45.8343],[18.3329,45.8338],[18.3333,45.8352],[18.3339,45.8355],[18.3348,45.8374],[18.3335,45.8378],[18.3331,45.8386],[18.3312,45.8388],[18.3318,45.8405],[18.3337,45.8404],[18.3341,45.8412],[18.3349,45.8413],[18.3352,45.8421],[18.3378,45.8427],[18.3377,45.8443],[18.3384,45.8443],[18.3364,45.8505],[18.3336,45.851],[18.3332,45.8545],[18.3308,45.8546],[18.3289,45.8639],[18.3265,45.8643],[18.3264,45.8701],[18.3305,45.871],[18.3352,45.8714],[18.3352,45.8833],[18.3346,45.8851],[18.3321,45.887],[18.3296,45.8848],[18.3293,45.8851],[18.3317,45.8874],[18.33,45.8877],[18.329,45.887],[18.3252,45.8896],[18.3225,45.8898],[18.3197,45.8894],[18.3155,45.8882],[18.3139,45.8884],[18.3114,45.8865],[18.3076,45.8869],[18.3111,45.8905],[18.312,45.8925],[18.3147,45.8944],[18.3164,45.897],[18.3192,45.8987],[18.3229,45.8993],[18.325,45.9027],[18.3277,45.9029],[18.3199,45.9065],[18.3187,45.9077],[18.3163,45.911],[18.3146,45.9172],[18.3102,45.9243],[18.3093,45.9279],[18.3088,45.9453],[18.3053,45.9484],[18.3041,45.9478],[18.3061,45.9462],[18.2838,45.9467],[18.2796,45.9487],[18.2759,45.9494],[18.2729,45.9494],[18.2661,45.9513],[18.2655,45.9523],[18.2647,45.9524],[18.2647,45.9605],[18.2665,45.9608],[18.2663,45.9629],[18.261,45.9716],[18.2644,45.9725],[18.2721,45.9758],[18.2751,45.9775],[18.2768,45.979],[18.2766,45.9801],[18.279,45.9803],[18.283,45.9805],[18.2836,45.9781],[18.2859,45.9783],[18.2858,45.9791],[18.286,45.9796],[18.2845,45.9819],[18.2843,45.9837],[18.2832,45.985],[18.2824,45.9875],[18.283,45.9884],[18.292,45.9962],[18.2931,46.0063],[18.2952,46.0065],[18.2952,46.0068],[18.3001,46.0091],[18.3016,46.0092],[18.3019,46.0113],[18.3033,46.0115],[18.3028,46.0131],[18.3126,46.0151],[18.3111,46.0086],[18.3198,46.0],[18.3292,45.9954],[18.3336,45.9926],[18.3341,45.9894],[18.3318,45.989],[18.3319,45.988],[18.3329,45.9886],[18.333,45.9892],[18.3354,45.9895],[18.3368,45.9879],[18.3418,45.9888],[18.342,45.9884],[18.3449,45.9878],[18.3461,45.9883],[18.3476,45.9874],[18.3482,45.9862],[18.347,45.9854],[18.3465,45.9834],[18.3472,45.9834],[18.3478,45.9851],[18.349,45.9865],[18.3515,45.9856],[18.3529,45.9861],[18.3553,45.9842],[18.3587,45.9903],[18.3582,45.9917],[18.3678,45.9951],[18.3642,46.0007],[18.3681,46.001],[18.3721,46.0175],[18.3653,46.023],[18.3679,46.0242],[18.3688,46.0252],[18.3723,46.0264],[18.3744,46.0265],[18.3745,46.0273],[18.3821,46.0242],[18.3838,46.0225],[18.3885,46.0198],[18.3905,46.0198],[18.3974,46.0179],[18.3994,46.0187],[18.3981,46.0227],[18.3992,46.0251],[18.4053,46.0283],[18.409,46.0308],[18.4154,46.0335],[18.4162,46.0337],[18.418,46.0316],[18.4192,46.0312],[18.4295,46.0328],[18.4269,46.036],[18.4363,46.0362],[18.4383,46.0351],[18.4425,46.0353],[18.4419,46.0378],[18.4407,46.0396],[18.4407,46.0417],[18.4384,46.0472],[18.4391,46.048],[18.4349,46.0623],[18.4348,46.0663],[18.4355,46.0667],[18.435,46.0709],[18.4317,46.0835],[18.4331,46.0869],[18.4337,46.0908],[18.434,46.0933],[18.4334,46.0932],[18.4328,46.0999],[18.4338,46.1003],[18.4337,46.1006],[18.4377,46.1022],[18.4356,46.1046],[18.4323,46.1061],[18.4319,46.1069],[18.4325,46.1091],[18.4267,46.1075],[18.4209,46.1171],[18.4173,46.1159],[18.4114,46.1246],[18.4109,46.1246],[18.4117,46.1254],[18.4076,46.1258],[18.4011,46.1271],[18.3986,46.1272],[18.3956,46.1286],[18.3917,46.1274],[18.3903,46.1232],[18.3896,46.1195],[18.3899,46.1156],[18.389,46.1134],[18.3898,46.1119],[18.3913,46.1121],[18.393,46.1105],[18.3913,46.1096],[18.3892,46.1092],[18.3861,46.1081],[18.3862,46.1069],[18.3871,46.1054],[18.3868,46.1048],[18.3847,46.1031],[18.3816,46.1027],[18.3803,46.102],[18.3795,46.1031],[18.3784,46.1028],[18.3782,46.1044],[18.374,46.1029],[18.3712,46.1039],[18.3696,46.105],[18.3651,46.1038],[18.3641,46.1038],[18.3615,46.1083],[18.3529,46.1174],[18.3487,46.126],[18.3482,46.126],[18.3431,46.1296],[18.3424,46.1311],[18.3427,46.1318],[18.3416,46.1331],[18.3415,46.1343],[18.3405,46.1354],[18.3397,46.1374],[18.3331,46.1474],[18.3294,46.1521],[18.3261,46.1582],[18.3249,46.1594],[18.3248,46.1602],[18.3227,46.1614],[18.3131,46.1667],[18.3118,46.1697],[18.3121,46.1711],[18.3131,46.1721],[18.3141,46.1746],[18.3192,46.1765],[18.3185,46.1799],[18.3215,46.1801],[18.3214,46.1824],[18.323,46.1827],[18.322,46.1868],[18.3225,46.1881],[18.3213,46.1881],[18.3203,46.1919],[18.3189,46.1937],[18.3177,46.1944],[18.3139,46.1952],[18.3076,46.1955],[18.3054,46.1964],[18.3036,46.2002],[18.3,46.204],[18.3006,46.2074],[18.2998,46.2083],[18.3003,46.2098],[18.3014,46.2103],[18.3017,46.2119],[18.296,46.2126],[18.2949,46.2172],[18.2955,46.219],[18.2996,46.2265],[18.2981,46.2318],[18.2966,46.2336],[18.2966,46.2348],[18.2851,46.2345],[18.2846,46.2337],[18.2849,46.2319],[18.2845,46.2317],[18.2815,46.2315],[18.28,46.2305],[18.2781,46.2308],[18.2765,46.2302],[18.2744,46.2304],[18.2715,46.2298],[18.2703,46.2304],[18.2699,46.2314],[18.2681,46.2327],[18.2643,46.2319],[18.2631,46.2325],[18.2658,46.2345],[18.2648,46.2351],[18.265,46.2355],[18.264,46.2373],[18.2605,46.2377],[18.2605,46.2386],[18.2587,46.2388],[18.2585,46.2393],[18.2572,46.2387],[18.2563,46.2388],[18.2537,46.2402],[18.2548,46.2415],[18.2547,46.244],[18.2584,46.2449],[18.2654,46.2454],[18.268,46.2459],[18.269,46.2465],[18.2736,46.2522],[18.2701,46.2533],[18.2694,46.2545],[18.2674,46.255],[18.2674,46.2557],[18.2669,46.2561],[18.2661,46.2561],[18.2657,46.257],[18.2625,46.2568],[18.2607,46.2562],[18.2596,46.2563],[18.2557,46.2579],[18.2547,46.2579],[18.2535,46.2589],[18.2518,46.2594],[18.2518,46.2613],[18.2501,46.2623],[18.2508,46.2635],[18.2489,46.2648],[18.2479,46.2667],[18.2439,46.2713],[18.2414,46.272],[18.2368,46.2723],[18.2361,46.2732],[18.2332,46.2722],[18.2329,46.2743],[18.2297,46.2746],[18.2263,46.2758],[18.2269,46.2769],[18.2263,46.2779],[18.2244,46.2783],[18.2238,46.2775],[18.2205,46.2778],[18.2199,46.2781],[18.2212,46.2805],[18.2216,46.2831],[18.2197,46.2847],[18.2195,46.2851],[18.2201,46.2855],[18.219,46.2871],[18.2172,46.2861],[18.2161,46.2876],[18.2155,46.287],[18.2158,46.2868],[18.2146,46.2857],[18.2122,46.2872],[18.2117,46.2871],[18.2114,46.2879],[18.209,46.2889],[18.2068,46.2875],[18.2059,46.2879],[18.2056,46.2889],[18.2018,46.2912],[18.1979,46.2922],[18.196,46.2916],[18.1958,46.2912],[18.1918,46.2932],[18.1936,46.295],[18.193,46.2964],[18.1939,46.2999],[18.1928,46.3004],[18.1945,46.3016],[18.1961,46.3005],[18.199,46.3011],[18.1989,46.3027],[18.2003,46.3026],[18.2013,46.3034],[18.2007,46.3057],[18.202,46.3075],[18.2113,46.3108],[18.212,46.3116],[18.2077,46.3143],[18.2055,46.3168],[18.204,46.3198],[18.2103,46.3214],[18.2117,46.3227],[18.2117,46.3236],[18.209,46.3259],[18.2063,46.3298],[18.2041,46.3305],[18.2024,46.3317],[18.1991,46.3318],[18.1997,46.333],[18.1994,46.3342],[18.2,46.3374],[18.201,46.3378],[18.2023,46.3407],[18.2023,46.347],[18.2018,46.3486],[18.2021,46.3563],[18.2009,46.3556],[18.1991,46.3555],[18.1978,46.3562],[18.1976,46.3573],[18.1954,46.3589],[18.1958,46.3594],[18.1941,46.3609],[18.1893,46.3626],[18.1885,46.3637],[18.1881,46.3683],[18.1855,46.3975],[18.2204,46.4057],[18.2292,46.4039],[18.2371,46.4024],[18.2389,46.4031],[18.2432,46.4077],[18.2495,46.404],[18.2554,46.4027],[18.261,46.4024],[18.2657,46.4013],[18.2679,46.4015],[18.2691,46.4021],[18.2724,46.4056],[18.2752,46.4065],[18.2788,46.4062],[18.2815,46.4064],[18.2865,46.408],[18.2928,46.409],[18.2946,46.4103],[18.2976,46.4113],[18.3018,46.4115],[18.3032,46.412],[18.3075,46.415],[18.3126,46.4173],[18.3139,46.4171],[18.3187,46.4145],[18.3213,46.414],[18.3226,46.4137],[18.3308,46.4083]]]}},{"type":"Feature","properties":{"id":"0204","name":"Baranya vármegye 04. OEVK","regionId":"baranya","center":"Szigetvár"},"geometry":{"type":"Polygon","coordinates":[[[18.191,46.331],[18.1935,46.3306],[18.199,46.3315],[18.1991,46.3318],[18.2024,46.3317],[18.2041,46.3305],[18.2063,46.3298],[18.209,46.3259],[18.2117,46.3236],[18.2117,46.3227],[18.2103,46.3214],[18.204,46.3198],[18.2055,46.3168],[18.2077,46.3143],[18.212,46.3116],[18.2113,46.3108],[18.202,46.3075],[18.2007,46.3057],[18.2013,46.3034],[18.2003,46.3026],[18.1989,46.3027],[18.199,46.3011],[18.1961,46.3005],[18.1945,46.3016],[18.1928,46.3004],[18.1939,46.2999],[18.193,46.2964],[18.1936,46.295],[18.1918,46.2932],[18.1958,46.2912],[18.196,46.2916],[18.1979,46.2922],[18.2018,46.2912],[18.2056,46.2889],[18.2059,46.2879],[18.2068,46.2875],[18.209,46.2889],[18.2114,46.2879],[18.2117,46.2871],[18.2122,46.2872],[18.2146,46.2857],[18.2158,46.2868],[18.2155,46.287],[18.2161,46.2876],[18.2172,46.2861],[18.219,46.2871],[18.2201,46.2855],[18.2195,46.2851],[18.2197,46.2847],[18.2216,46.2831],[18.2212,46.2805],[18.2199,46.2781],[18.2205,46.2778],[18.2238,46.2775],[18.2244,46.2783],[18.2263,46.2779],[18.2269,46.2769],[18.2263,46.2758],[18.2297,46.2746],[18.2329,46.2743],[18.2332,46.2722],[18.2361,46.2732],[18.2368,46.2723],[18.2414,46.272],[18.2439,46.2713],[18.2479,46.2667],[18.2489,46.2648],[18.2508,46.2635],[18.2501,46.2623],[18.2518,46.2613],[18.2518,46.2594],[18.2535,46.2589],[18.2547,46.2579],[18.2557,46.2579],[18.2596,46.2563],[18.2607,46.2562],[18.2625,46.2568],[18.2657,46.257],[18.2661,46.2561],[18.2669,46.2561],[18.2674,46.2557],[18.2674,46.255],[18.2694,46.2545],[18.2701,46.2533],[18.2736,46.2522],[18.269,46.2465],[18.268,46.2459],[18.2654,46.2454],[18.2584,46.2449],[18.2547,46.244],[18.2548,46.2415],[18.2537,46.2402],[18.2524,46.2401],[18.2514,46.2406],[18.2488,46.2389],[18.2453,46.2376],[18.2411,46.2376],[18.2348,46.2393],[18.2313,46.2379],[18.2291,46.2382],[18.2295,46.2349],[18.2291,46.234],[18.227,46.2316],[18.2263,46.2294],[18.2243,46.2281],[18.2223,46.2253],[18.2233,46.2233],[18.2245,46.2238],[18.2295,46.2244],[18.2294,46.2211],[18.2299,46.2195],[18.2306,46.2191],[18.2307,46.2172],[18.2315,46.2166],[18.2308,46.216],[18.2333,46.2121],[18.2358,46.2108],[18.2375,46.2087],[18.2392,46.2054],[18.2381,46.205],[18.2389,46.2038],[18.2384,46.2031],[18.2373,46.204],[18.2379,46.2042],[18.2378,46.2047],[18.2364,46.2065],[18.2329,46.2059],[18.2338,46.2044],[18.2347,46.2043],[18.2364,46.2026],[18.2331,46.2035],[18.2301,46.2056],[18.228,46.2058],[18.2239,46.2049],[18.2217,46.2039],[18.2197,46.2023],[18.2198,46.1972],[18.2188,46.1951],[18.2178,46.1947],[18.2214,46.1921],[18.2238,46.1914],[18.2258,46.1901],[18.2237,46.1894],[18.2229,46.1897],[18.2205,46.1876],[18.22,46.1864],[18.2188,46.1864],[18.2184,46.1854],[18.2131,46.1846],[18.2141,46.1854],[18.2133,46.1862],[18.2137,46.1864],[18.2104,46.1876],[18.206,46.1854],[18.2099,46.1804],[18.2097,46.1795],[18.2113,46.1752],[18.2105,46.1754],[18.2107,46.1749],[18.2098,46.1741],[18.2102,46.1736],[18.2097,46.173],[18.2099,46.1721],[18.2049,46.1705],[18.2032,46.1695],[18.2034,46.1688],[18.202,46.1684],[18.2003,46.1669],[18.195,46.1646],[18.1921,46.1613],[18.19,46.157],[18.1893,46.1585],[18.1881,46.1602],[18.1849,46.1624],[18.1838,46.167],[18.1773,46.1677],[18.1744,46.1693],[18.1756,46.1691],[18.1746,46.17],[18.173,46.1705],[18.1716,46.1704],[18.1715,46.1708],[18.1703,46.1704],[18.1682,46.1706],[18.1684,46.1715],[18.1667,46.1722],[18.1646,46.1714],[18.1628,46.1719],[18.1625,46.1724],[18.1636,46.1738],[18.1628,46.1743],[18.1643,46.1761],[18.1629,46.1765],[18.1606,46.1747],[18.1603,46.1749],[18.1615,46.1757],[18.1614,46.1762],[18.1561,46.1765],[18.1541,46.1787],[18.1498,46.1779],[18.1481,46.1807],[18.1473,46.1809],[18.1472,46.1813],[18.1459,46.1818],[18.1454,46.1825],[18.1449,46.182],[18.1441,46.1825],[18.143,46.1819],[18.143,46.1822],[18.142,46.1824],[18.1394,46.1825],[18.1377,46.1819],[18.1378,46.1815],[18.1362,46.1814],[18.1361,46.1817],[18.1352,46.1813],[18.1351,46.1817],[18.1325,46.1814],[18.1295,46.1844],[18.1264,46.1824],[18.1267,46.1819],[18.1226,46.1749],[18.1238,46.1742],[18.1226,46.1733],[18.123,46.17],[18.1216,46.1678],[18.1221,46.1677],[18.1218,46.1667],[18.1212,46.1661],[18.1194,46.1655],[18.1196,46.1648],[18.1184,46.1624],[18.1183,46.1596],[18.1187,46.1585],[18.1204,46.1586],[18.1236,46.1519],[18.1233,46.151],[18.1276,46.1486],[18.1296,46.146],[18.1288,46.1459],[18.1277,46.1431],[18.1271,46.143],[18.1273,46.1419],[18.1284,46.1419],[18.1284,46.1381],[18.1278,46.1375],[18.1259,46.1371],[18.1255,46.1359],[18.1242,46.1349],[18.1239,46.134],[18.1266,46.1272],[18.1174,46.1252],[18.117,46.125],[18.1173,46.1239],[18.1156,46.1217],[18.1159,46.1203],[18.1152,46.1193],[18.1157,46.1177],[18.1138,46.1166],[18.1128,46.115],[18.114,46.1142],[18.1139,46.1127],[18.1146,46.1115],[18.114,46.1106],[18.1141,46.1099],[18.1136,46.1097],[18.1136,46.1088],[18.1145,46.1077],[18.1158,46.1072],[18.116,46.1052],[18.1153,46.1028],[18.1138,46.1006],[18.1143,46.0986],[18.1127,46.095],[18.1122,46.0921],[18.111,46.0905],[18.1101,46.0842],[18.1093,46.0837],[18.1072,46.084],[18.106,46.0779],[18.1023,46.0783],[18.1007,46.0712],[18.0955,46.071],[18.0949,46.0633],[18.0943,46.061],[18.0925,46.0605],[18.093,46.0595],[18.0946,46.0595],[18.0962,46.0585],[18.0987,46.0589],[18.1003,46.0535],[18.1015,46.0536],[18.1023,46.051],[18.1051,46.051],[18.1103,46.0503],[18.1106,46.0481],[18.1081,46.0482],[18.1071,46.0454],[18.1087,46.0443],[18.1102,46.0439],[18.1259,46.0416],[18.1303,46.0462],[18.1327,46.0483],[18.1347,46.0488],[18.1353,46.0487],[18.1456,46.052],[18.149,46.053],[18.1588,46.0526],[18.1865,46.0439],[18.1867,46.0401],[18.1845,46.0398],[18.1868,46.0346],[18.1815,46.0276],[18.1762,46.0288],[18.178,46.0203],[18.1767,46.02],[18.1773,46.0174],[18.176,46.0149],[18.1762,46.014],[18.1734,46.0135],[18.1734,46.0131],[18.1723,46.0128],[18.1695,46.0127],[18.1699,46.0113],[18.1694,46.0107],[18.1669,46.0105],[18.1666,46.0099],[18.1673,46.0076],[18.1668,46.0073],[18.1686,46.0025],[18.1685,46.002],[18.1651,46.0018],[18.1642,45.9967],[18.1714,45.9962],[18.1719,45.9919],[18.1728,45.9887],[18.1738,45.9886],[18.1733,45.9847],[18.1751,45.9845],[18.1752,45.9869],[18.1815,45.9866],[18.181,45.9834],[18.1872,45.9839],[18.1872,45.9844],[18.1888,45.9845],[18.1888,45.984],[18.1907,45.9841],[18.1921,45.9843],[18.1921,45.9839],[18.199,45.9842],[18.1991,45.9837],[18.2026,45.9834],[18.204,45.9828],[18.2042,45.9824],[18.207,45.9827],[18.2072,45.9824],[18.211,45.9831],[18.2268,45.9862],[18.2266,45.9884],[18.2307,45.9886],[18.2321,45.9886],[18.2324,45.985],[18.2333,45.9821],[18.2332,45.9801],[18.2339,45.9801],[18.2341,45.9797],[18.2369,45.9725],[18.2429,45.9736],[18.2433,45.9723],[18.2478,45.9725],[18.2515,45.9732],[18.2518,45.9698],[18.256,45.9703],[18.26,45.9727],[18.261,45.9716],[18.2663,45.9629],[18.2665,45.9608],[18.2647,45.9605],[18.2647,45.9524],[18.2655,45.9523],[18.2661,45.9513],[18.2729,45.9494],[18.2759,45.9494],[18.2796,45.9487],[18.2838,45.9467],[18.3061,45.9462],[18.3041,45.9478],[18.3053,45.9484],[18.3088,45.9453],[18.3093,45.9279],[18.3102,45.9243],[18.3146,45.9172],[18.3163,45.911],[18.3187,45.9077],[18.3199,45.9065],[18.3277,45.9029],[18.325,45.9027],[18.3229,45.8993],[18.3192,45.8987],[18.3164,45.897],[18.3147,45.8944],[18.312,45.8925],[18.3111,45.8905],[18.3076,45.8869],[18.3114,45.8865],[18.3139,45.8884],[18.3155,45.8882],[18.3197,45.8894],[18.3225,45.8898],[18.3252,45.8896],[18.329,45.887],[18.33,45.8877],[18.3317,45.8874],[18.3293,45.8851],[18.3296,45.8848],[18.3321,45.887],[18.3346,45.8851],[18.3352,45.8833],[18.3352,45.8714],[18.3305,45.871],[18.3264,45.8701],[18.3265,45.8643],[18.3289,45.8639],[18.3308,45.8546],[18.3332,45.8545],[18.3336,45.851],[18.3364,45.8505],[18.3384,45.8443],[18.3377,45.8443],[18.3378,45.8427],[18.3352,45.8421],[18.3349,45.8413],[18.3341,45.8412],[18.3337,45.8404],[18.3318,45.8405],[18.3312,45.8388],[18.3331,45.8386],[18.3335,45.8378],[18.3348,45.8374],[18.3339,45.8355],[18.3333,45.8352],[18.3329,45.8338],[18.3374,45.8343],[18.3387,45.834],[18.3394,45.8327],[18.34,45.8332],[18.3413,45.8326],[18.342,45.8332],[18.3441,45.8324],[18.3472,45.8309],[18.3478,45.8286],[18.3461,45.8281],[18.347,45.8249],[18.3473,45.8249],[18.3478,45.8238],[18.3483,45.8238],[18.3484,45.8213],[18.3479,45.8207],[18.3487,45.8188],[18.3442,45.8171],[18.3387,45.8174],[18.3376,45.8159],[18.3343,45.8158],[18.3315,45.8151],[18.3266,45.8112],[18.3224,45.8105],[18.3185,45.8127],[18.3096,45.8097],[18.3113,45.8062],[18.3109,45.8053],[18.3093,45.8056],[18.3084,45.8054],[18.313,45.8036],[18.3172,45.8003],[18.319,45.797],[18.3181,45.7953],[18.3218,45.7871],[18.3209,45.7865],[18.326,45.7832],[18.3213,45.7804],[18.3241,45.7766],[18.3214,45.7762],[18.322,45.7733],[18.3255,45.7743],[18.3286,45.7688],[18.3283,45.7686],[18.3296,45.7677],[18.3259,45.7652],[18.3235,45.7668],[18.3225,45.7664],[18.3197,45.7668],[18.3192,45.7665],[18.3165,45.7665],[18.3094,45.7635],[18.3082,45.7648],[18.3029,45.7626],[18.3006,45.7622],[18.2991,45.7602],[18.2966,45.7608],[18.292,45.7608],[18.2869,45.7589],[18.2832,45.7572],[18.2759,45.7555],[18.2749,45.7562],[18.2607,45.761],[18.2504,45.762],[18.2448,45.7609],[18.2425,45.7616],[18.2396,45.7656],[18.2367,45.7683],[18.2352,45.7713],[18.2346,45.7742],[18.2332,45.7764],[18.2302,45.7788],[18.2257,45.78],[18.2172,45.7804],[18.2118,45.7812],[18.205,45.7813],[18.2026,45.7822],[18.1979,45.7855],[18.1919,45.7874],[18.1892,45.7874],[18.1868,45.7868],[18.1835,45.7852],[18.1732,45.777],[18.1715,45.7762],[18.1694,45.7759],[18.1658,45.7767],[18.1612,45.7792],[18.1592,45.7809],[18.1563,45.7844],[18.1526,45.7864],[18.1475,45.788],[18.1419,45.7885],[18.1345,45.7874],[18.13,45.788],[18.126,45.7892],[18.124,45.7892],[18.1221,45.7887],[18.1201,45.7874],[18.1178,45.7851],[18.1168,45.7833],[18.1133,45.7776],[18.1094,45.773],[18.1062,45.7704],[18.0982,45.7666],[18.0864,45.7645],[18.0823,45.7644],[18.0794,45.7648],[18.0586,45.7718],[18.053,45.7733],[18.0479,45.774],[18.0376,45.7747],[18.0337,45.7755],[18.03,45.7768],[18.0267,45.7773],[18.0205,45.7798],[18.0148,45.7829],[18.0132,45.7841],[18.0102,45.7877],[18.004,45.7924],[18.0011,45.7939],[17.9963,45.7952],[17.9929,45.7954],[17.9896,45.7952],[17.9853,45.7937],[17.9766,45.7897],[17.972,45.7889],[17.9667,45.7892],[17.9543,45.7927],[17.9491,45.7923],[17.9451,45.7914],[17.9409,45.7899],[17.9344,45.7869],[17.9288,45.786],[17.9255,45.7862],[17.9217,45.787],[17.91,45.7914],[17.9062,45.7922],[17.9039,45.7919],[17.9002,45.7913],[17.8965,45.79],[17.8755,45.7789],[17.871,45.7751],[17.8685,45.7679],[17.8664,45.7669],[17.8633,45.767],[17.8588,45.7683],[17.8557,45.7705],[17.8545,45.7732],[17.8525,45.7758],[17.8535,45.78],[17.8519,45.7831],[17.8495,45.7841],[17.8432,45.7848],[17.8406,45.7855],[17.8382,45.7869],[17.8338,45.7906],[17.8322,45.7933],[17.8319,45.8004],[17.8308,45.8043],[17.8294,45.8071],[17.8263,45.8095],[17.8233,45.8102],[17.8202,45.8099],[17.8172,45.8082],[17.816,45.8057],[17.815,45.8048],[17.8123,45.804],[17.8087,45.8039],[17.8006,45.8058],[17.7961,45.8079],[17.7907,45.8112],[17.7882,45.8143],[17.7855,45.8162],[17.784,45.8166],[17.7803,45.8172],[17.774,45.8173],[17.7706,45.8167],[17.7677,45.8158],[17.7657,45.8144],[17.7636,45.8121],[17.7613,45.8117],[17.7588,45.812],[17.7568,45.8133],[17.754,45.8174],[17.749,45.8223],[17.7464,45.8265],[17.7454,45.8274],[17.7439,45.8282],[17.7403,45.8293],[17.7361,45.83],[17.7299,45.8306],[17.7213,45.8302],[17.7142,45.8322],[17.7092,45.8315],[17.7068,45.8317],[17.7047,45.8329],[17.7019,45.836],[17.7005,45.8369],[17.6982,45.8375],[17.6883,45.8388],[17.6746,45.8349],[17.6705,45.835],[17.6656,45.8365],[17.6606,45.8393],[17.6559,45.8433],[17.6518,45.848],[17.6547,45.8498],[17.6588,45.8487],[17.6648,45.8497],[17.6649,45.8493],[17.6657,45.8496],[17.6679,45.8522],[17.6665,45.8539],[17.6683,45.8563],[17.6681,45.858],[17.6696,45.8664],[17.6702,45.8666],[17.6736,45.8658],[17.6757,45.8675],[17.6798,45.8693],[17.6827,45.8703],[17.684,45.8698],[17.6868,45.8705],[17.6889,45.8734],[17.6948,45.8667],[17.6927,45.8615],[17.693,45.8597],[17.6928,45.858],[17.6972,45.8606],[17.6982,45.8625],[17.7011,45.8653],[17.7031,45.8682],[17.7059,45.8657],[17.7092,45.8649],[17.7158,45.8643],[17.7163,45.8647],[17.7156,45.8657],[17.7158,45.8667],[17.7216,45.8658],[17.7219,45.8666],[17.7252,45.8649],[17.7259,45.8651],[17.7278,45.8645],[17.7287,45.866],[17.7307,45.8668],[17.7288,45.869],[17.7272,45.8696],[17.7263,45.8712],[17.7274,45.8725],[17.7303,45.873],[17.7325,45.874],[17.7341,45.8758],[17.734,45.8772],[17.7346,45.8781],[17.7336,45.8794],[17.731,45.8809],[17.7297,45.8815],[17.728,45.8816],[17.7269,45.8834],[17.7274,45.8857],[17.7266,45.8907],[17.7258,45.8924],[17.7283,45.8955],[17.7299,45.8962],[17.7331,45.8961],[17.7337,45.8974],[17.7302,45.901],[17.7201,45.9051],[17.7236,45.9086],[17.7243,45.9156],[17.7142,45.9204],[17.6982,45.9238],[17.6943,45.9249],[17.6871,45.9239],[17.6833,45.9242],[17.6816,45.9254],[17.6812,45.9278],[17.6759,45.9358],[17.6808,45.9361],[17.6847,45.9371],[17.6869,45.9379],[17.6885,45.9392],[17.6883,45.9397],[17.6871,45.9394],[17.6847,45.9432],[17.6773,45.9428],[17.6768,45.9436],[17.6704,45.9421],[17.6702,45.9416],[17.6689,45.9413],[17.6682,45.9428],[17.6693,45.9431],[17.6681,45.9459],[17.6621,45.9446],[17.6591,45.9515],[17.6533,45.9503],[17.6594,45.9365],[17.6465,45.9355],[17.6465,45.9343],[17.6449,45.9344],[17.6442,45.9369],[17.6446,45.9413],[17.6435,45.9448],[17.6433,45.95],[17.6423,45.9538],[17.6407,45.9578],[17.6383,45.9601],[17.633,45.9697],[17.6304,45.9793],[17.6295,45.9883],[17.6251,45.9873],[17.6248,45.9879],[17.6287,45.9888],[17.6385,45.99],[17.6386,45.9897],[17.6531,45.9909],[17.6524,46.0],[17.6531,46.0033],[17.6529,46.005],[17.6565,46.0071],[17.6529,46.0107],[17.6483,46.0132],[17.6408,46.0155],[17.6383,46.0186],[17.6369,46.0222],[17.6376,46.0241],[17.6369,46.0253],[17.6337,46.0268],[17.6337,46.0282],[17.6326,46.0304],[17.6339,46.0329],[17.6317,46.0372],[17.6321,46.0379],[17.6317,46.0411],[17.6293,46.0417],[17.6282,46.0433],[17.6288,46.044],[17.6283,46.0447],[17.6291,46.0448],[17.6292,46.0454],[17.6324,46.046],[17.6311,46.0487],[17.6344,46.0487],[17.6381,46.0492],[17.6559,46.0534],[17.6551,46.0605],[17.6643,46.062],[17.6698,46.0624],[17.6701,46.0637],[17.6692,46.0695],[17.6693,46.0724],[17.6764,46.0733],[17.6752,46.0776],[17.6777,46.0779],[17.6777,46.0799],[17.6773,46.0852],[17.6762,46.0887],[17.6805,46.0913],[17.6713,46.0947],[17.6648,46.1015],[17.6873,46.1093],[17.6854,46.11],[17.6799,46.1188],[17.6832,46.1195],[17.6837,46.1221],[17.6818,46.1256],[17.6811,46.1336],[17.6877,46.1524],[17.6862,46.157],[17.6866,46.1593],[17.6879,46.1587],[17.6905,46.1602],[17.692,46.1617],[17.6929,46.1633],[17.6919,46.1644],[17.6918,46.1637],[17.6911,46.164],[17.692,46.1659],[17.6946,46.1687],[17.6953,46.1703],[17.6968,46.1705],[17.6972,46.1709],[17.6976,46.1744],[17.6963,46.1782],[17.6978,46.1781],[17.6986,46.1771],[17.6989,46.1734],[17.7002,46.1735],[17.7008,46.1748],[17.7014,46.1747],[17.7021,46.1758],[17.7048,46.181],[17.7055,46.1843],[17.7047,46.1853],[17.7053,46.1857],[17.7064,46.1856],[17.7063,46.1873],[17.7049,46.1875],[17.7041,46.1888],[17.7027,46.1949],[17.7097,46.1948],[17.7073,46.1966],[17.709,46.1964],[17.7117,46.1989],[17.7122,46.1985],[17.7127,46.1988],[17.7165,46.1972],[17.7174,46.1984],[17.7207,46.201],[17.7227,46.2003],[17.7227,46.2025],[17.7245,46.203],[17.7247,46.2039],[17.7274,46.2082],[17.7268,46.2113],[17.7219,46.2194],[17.7212,46.22],[17.7195,46.2206],[17.716,46.2201],[17.7153,46.2206],[17.715,46.2229],[17.7188,46.2272],[17.7273,46.232],[17.728,46.2334],[17.7315,46.2326],[17.7349,46.23],[17.7443,46.2143],[17.7468,46.2091],[17.7497,46.2056],[17.7516,46.205],[17.7516,46.2046],[17.7539,46.2042],[17.7558,46.2044],[17.7574,46.2041],[17.7576,46.2014],[17.761,46.2016],[17.7659,46.2009],[17.7706,46.2008],[17.7725,46.201],[17.774,46.202],[17.7762,46.2026],[17.7757,46.2055],[17.7785,46.2111],[17.7829,46.2129],[17.7845,46.2161],[17.7836,46.2218],[17.791,46.2247],[17.7937,46.2265],[17.7951,46.2253],[17.797,46.221],[17.7984,46.22],[17.8025,46.2189],[17.8075,46.2221],[17.8119,46.2219],[17.814,46.22],[17.8139,46.2154],[17.8148,46.2138],[17.8148,46.2107],[17.8214,46.2124],[17.8233,46.2116],[17.8245,46.2105],[17.831,46.2107],[17.8326,46.2101],[17.8345,46.2075],[17.8364,46.207],[17.8407,46.2082],[17.8427,46.211],[17.8454,46.2112],[17.8449,46.2135],[17.8466,46.2163],[17.848,46.2164],[17.8502,46.2144],[17.8521,46.214],[17.8533,46.2145],[17.8555,46.2177],[17.8568,46.2187],[17.8603,46.2201],[17.8618,46.2192],[17.8654,46.218],[17.8678,46.2162],[17.8706,46.215],[17.871,46.2161],[17.8759,46.2192],[17.8763,46.2229],[17.8772,46.2239],[17.878,46.224],[17.8816,46.2234],[17.8841,46.2248],[17.8853,46.2242],[17.8884,46.2214],[17.8922,46.2204],[17.8985,46.2209],[17.9019,46.223],[17.9036,46.2271],[17.905,46.2283],[17.9061,46.2285],[17.9088,46.2278],[17.9121,46.2277],[17.9142,46.2257],[17.919,46.2244],[17.9221,46.226],[17.9233,46.2285],[17.9269,46.2306],[17.9285,46.2323],[17.9284,46.2331],[17.9296,46.2355],[17.934,46.2406],[17.9336,46.2425],[17.9327,46.2429],[17.9309,46.2456],[17.9304,46.2474],[17.9307,46.2505],[17.9271,46.2559],[17.9279,46.2582],[17.9321,46.262],[17.9328,46.2633],[17.9335,46.2651],[17.9333,46.267],[17.9338,46.269],[17.9372,46.2751],[17.9367,46.2761],[17.9345,46.278],[17.9336,46.2834],[17.9344,46.2861],[17.9375,46.2895],[17.9394,46.2927],[17.9396,46.2932],[17.9421,46.2947],[17.9483,46.3036],[17.9501,46.3022],[17.9517,46.302],[17.9535,46.3008],[17.9586,46.3026],[17.9595,46.3044],[17.9739,46.3076],[17.9757,46.3079],[17.9766,46.3074],[17.9781,46.3072],[17.9806,46.3079],[18.0016,46.3089],[18.0022,46.308],[18.0009,46.3032],[18.0015,46.3016],[18.0022,46.3018],[18.005,46.3012],[18.007,46.2972],[18.01,46.3],[18.0116,46.2997],[18.0127,46.2986],[18.0146,46.2973],[18.0173,46.2974],[18.0203,46.2986],[18.024,46.301],[18.0253,46.3009],[18.0267,46.2991],[18.0277,46.2986],[18.0311,46.2979],[18.0331,46.2954],[18.0342,46.2947],[18.0381,46.2941],[18.0434,46.2928],[18.0481,46.2927],[18.0492,46.2937],[18.0529,46.2958],[18.0582,46.2921],[18.0595,46.2948],[18.0651,46.2927],[18.0676,46.2936],[18.0715,46.2935],[18.0756,46.2916],[18.0765,46.2928],[18.0762,46.2954],[18.0788,46.2988],[18.0821,46.2993],[18.0846,46.3012],[18.0856,46.3007],[18.0859,46.3012],[18.0868,46.3014],[18.0871,46.3007],[18.0901,46.3005],[18.0905,46.2996],[18.1009,46.3022],[18.1088,46.295],[18.1105,46.2929],[18.114,46.2837],[18.1154,46.2844],[18.119,46.2826],[18.1224,46.2812],[18.1319,46.2915],[18.1288,46.293],[18.1259,46.29],[18.1255,46.2902],[18.1244,46.289],[18.1209,46.2899],[18.115,46.2924],[18.1142,46.2938],[18.118,46.2997],[18.1127,46.3081],[18.1102,46.3113],[18.1123,46.3163],[18.1142,46.3178],[18.1138,46.3184],[18.1161,46.3191],[18.1166,46.3196],[18.1176,46.3196],[18.1174,46.3191],[18.12,46.3183],[18.1222,46.318],[18.1246,46.319],[18.1251,46.3201],[18.1245,46.3203],[18.1261,46.3222],[18.1307,46.3224],[18.1313,46.3218],[18.1328,46.3224],[18.1331,46.3218],[18.1343,46.3218],[18.1358,46.321],[18.1385,46.3211],[18.1392,46.3168],[18.146,46.3162],[18.1468,46.3173],[18.151,46.3169],[18.1523,46.3171],[18.1542,46.3193],[18.152,46.3241],[18.1533,46.3262],[18.1565,46.3197],[18.1634,46.3194],[18.1656,46.3204],[18.1669,46.3227],[18.1667,46.3232],[18.1681,46.3237],[18.1693,46.3247],[18.1716,46.3252],[18.1724,46.3269],[18.1745,46.3276],[18.1753,46.3285],[18.1765,46.3289],[18.1793,46.3315],[18.18,46.3326],[18.1845,46.3331],[18.191,46.331]]]}},{"type":"Feature","properties":{"id":"0301","name":"Bács-Kiskun vármegye 01. OEVK","regionId":"bacs","center":"Kecskemét"},"geometry":{"type":"Polygon","coordinates":[[[19.269,47.1341],[19.2819,47.1281],[19.2982,47.1258],[19.3119,47.1204],[19.3234,47.1125],[19.3344,47.1026],[19.3381,47.0994],[19.3478,47.0932],[19.3288,47.0757],[19.314,47.0668],[19.2953,47.0359],[19.2991,47.0318],[19.3192,47.0127],[19.3251,47.0224],[19.333,47.0269],[19.3581,47.0329],[19.3742,47.0327],[19.3783,47.0341],[19.3858,47.0381],[19.3964,47.0441],[19.4292,47.0636],[19.44,47.0592],[19.4616,47.0534],[19.4744,47.055],[19.483,47.067],[19.4859,47.0723],[19.4911,47.0883],[19.4931,47.0964],[19.4985,47.1051],[19.4996,47.1077],[19.506,47.1189],[19.5071,47.1187],[19.5327,47.1113],[19.5614,47.1073],[19.5697,47.1085],[19.5779,47.1127],[19.5872,47.1209],[19.6037,47.1032],[19.6206,47.0824],[19.6239,47.0748],[19.6269,47.0679],[19.6277,47.0639],[19.6288,47.0624],[19.6304,47.0581],[19.6368,47.038],[19.6616,47.0171],[19.6638,47.0145],[19.6671,47.0116],[19.674,47.0075],[19.6762,47.0047],[19.6823,46.9992],[19.6745,46.9947],[19.6689,46.992],[19.6624,46.9893],[19.6544,46.9859],[19.6494,46.9827],[19.6451,46.9805],[19.6262,46.9853],[19.6074,46.991],[19.6088,46.9904],[19.6118,46.9893],[19.6126,46.9888],[19.6194,46.9816],[19.6354,46.9697],[19.6386,46.9668],[19.6439,46.9607],[19.6467,46.957],[19.6477,46.9558],[19.6484,46.9544],[19.6517,46.9476],[19.6522,46.947],[19.6554,46.944],[19.6588,46.9406],[19.6608,46.9383],[19.6618,46.9371],[19.6624,46.9363],[19.6638,46.93],[19.664,46.9297],[19.668,46.9328],[19.6682,46.9328],[19.6743,46.9376],[19.6767,46.9384],[19.676,46.9406],[19.6782,46.942],[19.6829,46.9445],[19.6837,46.9417],[19.6839,46.9407],[19.6841,46.9403],[19.6842,46.94],[19.6844,46.9396],[19.6847,46.9392],[19.6851,46.9388],[19.6856,46.9382],[19.6858,46.9378],[19.686,46.9375],[19.6862,46.9372],[19.6864,46.9369],[19.6869,46.9362],[19.687,46.9358],[19.687,46.9355],[19.6868,46.9345],[19.6868,46.9338],[19.6868,46.9337],[19.6868,46.9333],[19.6869,46.9327],[19.6871,46.932],[19.6872,46.9314],[19.6873,46.9306],[19.6877,46.9294],[19.6878,46.9289],[19.688,46.928],[19.6881,46.9275],[19.6881,46.9272],[19.6881,46.9268],[19.6882,46.9253],[19.6884,46.9246],[19.6884,46.9245],[19.6884,46.9237],[19.6883,46.9233],[19.6882,46.923],[19.6881,46.9224],[19.6881,46.9215],[19.6882,46.9207],[19.6869,46.9205],[19.6858,46.9202],[19.6841,46.9196],[19.6839,46.9196],[19.6823,46.9186],[19.686,46.9162],[19.6869,46.9156],[19.6873,46.9154],[19.6886,46.915],[19.6892,46.9142],[19.6897,46.9131],[19.6913,46.9113],[19.6921,46.9103],[19.6911,46.9097],[19.6899,46.909],[19.6883,46.9081],[19.6881,46.9079],[19.688,46.9076],[19.6879,46.9067],[19.6877,46.9065],[19.6882,46.9057],[19.6878,46.9055],[19.6874,46.9053],[19.6863,46.9044],[19.6857,46.9037],[19.6854,46.904],[19.685,46.9046],[19.6839,46.9062],[19.6837,46.9066],[19.6836,46.9067],[19.6834,46.9068],[19.6823,46.9074],[19.6813,46.9079],[19.6795,46.9089],[19.6774,46.9098],[19.6763,46.9102],[19.6748,46.9108],[19.6737,46.9111],[19.6727,46.9114],[19.6723,46.9115],[19.6711,46.9119],[19.6704,46.9122],[19.6698,46.9123],[19.667,46.9132],[19.6655,46.9137],[19.6628,46.9145],[19.659,46.9158],[19.6585,46.9154],[19.6582,46.9152],[19.6573,46.9146],[19.655,46.913],[19.6544,46.9125],[19.6541,46.9121],[19.6536,46.9114],[19.6524,46.9097],[19.6505,46.907],[19.6499,46.9061],[19.6498,46.906],[19.6497,46.9057],[19.6497,46.9056],[19.6496,46.9053],[19.6496,46.9052],[19.6496,46.9051],[19.6493,46.9049],[19.6476,46.9035],[19.6458,46.9019],[19.645,46.9013],[19.6441,46.9004],[19.6433,46.8997],[19.6418,46.8976],[19.6411,46.8963],[19.6409,46.8959],[19.6406,46.8951],[19.6405,46.8948],[19.6404,46.8945],[19.6403,46.8942],[19.6401,46.8935],[19.6399,46.8923],[19.6397,46.891],[19.6397,46.889],[19.6398,46.8888],[19.6389,46.8887],[19.6349,46.8886],[19.633,46.8885],[19.6323,46.8885],[19.6319,46.8885],[19.6315,46.8884],[19.631,46.8883],[19.6306,46.8882],[19.6281,46.8876],[19.6268,46.8876],[19.6256,46.8877],[19.6243,46.8879],[19.6225,46.8882],[19.6217,46.8882],[19.6204,46.8881],[19.6184,46.8881],[19.6153,46.8879],[19.6131,46.8879],[19.6118,46.8878],[19.6091,46.8878],[19.6063,46.8879],[19.6044,46.8879],[19.6043,46.8881],[19.604,46.8882],[19.6035,46.8882],[19.6032,46.8881],[19.6031,46.888],[19.6015,46.8881],[19.6002,46.8881],[19.5972,46.8882],[19.5903,46.8884],[19.5837,46.8886],[19.5805,46.8887],[19.5764,46.8888],[19.5721,46.8889],[19.5713,46.8888],[19.571,46.8887],[19.5697,46.8885],[19.5684,46.8879],[19.5441,46.8756],[19.5309,46.8696],[19.5256,46.8643],[19.5225,46.8611],[19.5187,46.8591],[19.5139,46.8574],[19.5113,46.8569],[19.4965,46.858],[19.4844,46.8596],[19.4721,46.862],[19.4603,46.8659],[19.4557,46.8668],[19.4483,46.8669],[19.4354,46.8663],[19.4,46.8623],[19.3975,46.8659],[19.3924,46.8699],[19.3878,46.8774],[19.375,46.8891],[19.3403,46.8836],[19.3245,46.8838],[19.3174,46.8832],[19.2873,46.872],[19.2894,46.8655],[19.2932,46.8573],[19.2813,46.8508],[19.2734,46.8475],[19.2503,46.8422],[19.2447,46.8412],[19.2444,46.8424],[19.2421,46.8422],[19.2372,46.8415],[19.2374,46.8405],[19.2219,46.8403],[19.2118,46.8354],[19.2047,46.8346],[19.1886,46.8304],[19.18,46.8277],[19.1749,46.8241],[19.1722,46.821],[19.1648,46.8156],[19.1584,46.812],[19.1568,46.8127],[19.1564,46.812],[19.1572,46.8107],[19.1548,46.8096],[19.1489,46.8116],[19.1473,46.8129],[19.1476,46.8154],[19.1455,46.8192],[19.1457,46.82],[19.1438,46.8201],[19.1419,46.8188],[19.1409,46.8188],[19.1329,46.823],[19.1322,46.8249],[19.1326,46.8264],[19.1352,46.83],[19.1348,46.8315],[19.1336,46.8321],[19.1299,46.8328],[19.1288,46.8336],[19.1317,46.839],[19.1305,46.8448],[19.1309,46.845],[19.1324,46.8445],[19.1336,46.8449],[19.1366,46.849],[19.1431,46.8519],[19.1439,46.8529],[19.143,46.8542],[19.1389,46.8558],[19.1373,46.857],[19.1364,46.8563],[19.1337,46.8609],[19.1348,46.8629],[19.135,46.8648],[19.1311,46.8691],[19.1322,46.8741],[19.137,46.8785],[19.1382,46.8788],[19.1386,46.8796],[19.1381,46.8803],[19.1364,46.8809],[19.1339,46.8823],[19.1329,46.8837],[19.1323,46.8864],[19.134,46.89],[19.1322,46.8978],[19.1337,46.9035],[19.1352,46.907],[19.1347,46.9075],[19.1325,46.9078],[19.1329,46.9079],[19.1316,46.9097],[19.1308,46.9128],[19.1317,46.9174],[19.1326,46.9181],[19.1342,46.9184],[19.1348,46.9194],[19.1329,46.9207],[19.1235,46.923],[19.1194,46.9253],[19.1197,46.925],[19.1187,46.9231],[19.1138,46.9233],[19.108,46.9247],[19.0885,46.9269],[19.0576,46.9288],[19.0489,46.9299],[19.0341,46.933],[19.0134,46.9352],[18.9929,46.936],[18.9897,46.9366],[18.9875,46.9361],[18.9809,46.9363],[18.977,46.9357],[18.9759,46.9361],[18.9712,46.9353],[18.9704,46.9358],[18.9699,46.9362],[18.9655,46.9367],[18.9628,46.9489],[18.9595,46.9583],[18.9577,46.9612],[18.9538,46.9651],[18.9514,46.969],[18.9495,46.9807],[18.9487,46.9916],[18.9507,46.9962],[18.9535,47.0],[18.9571,47.0029],[18.9626,47.0079],[18.9647,47.0104],[18.9658,47.013],[18.9675,47.02],[18.9667,47.0267],[18.9659,47.029],[18.9706,47.0313],[18.9704,47.0318],[18.974,47.0363],[18.9754,47.0396],[18.9767,47.0405],[18.9768,47.0411],[18.9748,47.0443],[18.973,47.0459],[18.9669,47.0499],[18.9601,47.0537],[18.9578,47.0558],[18.9568,47.0582],[18.9564,47.064],[18.9606,47.0636],[18.9659,47.0623],[18.9787,47.0605],[18.9904,47.0582],[18.9934,47.0571],[19.0119,47.0548],[19.0202,47.0542],[19.0209,47.0523],[19.0204,47.0511],[19.022,47.0509],[19.0238,47.0488],[19.0389,47.0439],[19.0459,47.0429],[19.0541,47.0413],[19.0599,47.039],[19.0642,47.0384],[19.0675,47.0354],[19.0693,47.0344],[19.0712,47.0371],[19.0778,47.0393],[19.0875,47.0434],[19.0933,47.0448],[19.0949,47.0452],[19.0966,47.0501],[19.0986,47.0539],[19.0982,47.0627],[19.1033,47.0664],[19.1062,47.0673],[19.112,47.0676],[19.1319,47.0716],[19.1346,47.0729],[19.139,47.0771],[19.143,47.0824],[19.1585,47.0905],[19.164,47.0956],[19.2025,47.0975],[19.2088,47.0889],[19.2368,47.1308],[19.2549,47.1337],[19.2629,47.1336],[19.269,47.1341]]]}},{"type":"Feature","properties":{"id":"0302","name":"Bács-Kiskun vármegye 02. OEVK","regionId":"bacs","center":"Kecskemét"},"geometry":{"type":"Polygon","coordinates":[[[20.1335,46.9631],[20.1326,46.9609],[20.1309,46.9594],[20.1287,46.9585],[20.1187,46.958],[20.1123,46.9569],[20.107,46.955],[20.1049,46.9534],[20.1037,46.9519],[20.1034,46.9493],[20.1043,46.9441],[20.1071,46.9379],[20.1088,46.9366],[20.1098,46.9364],[20.1124,46.9372],[20.1167,46.9405],[20.1203,46.9421],[20.1258,46.9433],[20.1297,46.9435],[20.134,46.943],[20.1404,46.9417],[20.1468,46.9399],[20.1484,46.9391],[20.1513,46.9368],[20.1578,46.9289],[20.1596,46.9241],[20.1596,46.919],[20.1588,46.9171],[20.1569,46.915],[20.1539,46.9127],[20.151,46.9115],[20.1423,46.9091],[20.1292,46.9075],[20.124,46.9062],[20.1231,46.9054],[20.1228,46.9043],[20.1236,46.8998],[20.1233,46.8975],[20.1221,46.8954],[20.1175,46.8919],[20.0999,46.882],[20.0928,46.8768],[20.0881,46.875],[20.0856,46.8745],[20.0826,46.8745],[20.0793,46.8757],[20.0762,46.8783],[20.0722,46.8836],[20.0711,46.8844],[20.0678,46.8841],[20.063,46.8828],[20.0389,46.8985],[20.031,46.9061],[20.0192,46.9134],[20.0014,46.9256],[19.9878,46.9216],[19.9831,46.9183],[19.9776,46.9127],[19.9721,46.9105],[19.9672,46.9073],[19.9623,46.9008],[19.9603,46.8956],[19.9526,46.898],[19.9245,46.8766],[19.9064,46.8872],[19.8887,46.8961],[19.8797,46.8996],[19.8622,46.8962],[19.8571,46.8949],[19.8515,46.8941],[19.8381,46.8856],[19.8264,46.8762],[19.8145,46.8592],[19.8118,46.8522],[19.8096,46.8502],[19.8303,46.8341],[19.8203,46.8289],[19.8019,46.822],[19.7929,46.8149],[19.7868,46.8064],[19.7765,46.7904],[19.7632,46.7725],[19.7542,46.7789],[19.7462,46.7832],[19.7267,46.799],[19.7174,46.8039],[19.718,46.8009],[19.7178,46.7983],[19.7156,46.7947],[19.7105,46.79],[19.7061,46.7872],[19.7031,46.7847],[19.696,46.7817],[19.6928,46.78],[19.6824,46.7699],[19.6783,46.771],[19.6697,46.7742],[19.6507,46.7817],[19.6432,46.7838],[19.6301,46.7898],[19.6246,46.7912],[19.6179,46.7929],[19.609,46.7962],[19.594,46.7882],[19.5466,46.76],[19.5361,46.7762],[19.5321,46.7805],[19.5182,46.7934],[19.5227,46.8003],[19.5243,46.8045],[19.5244,46.8178],[19.5237,46.8366],[19.5184,46.8525],[19.5182,46.853],[19.5113,46.8569],[19.5139,46.8574],[19.5187,46.8591],[19.5225,46.8611],[19.5256,46.8643],[19.5309,46.8696],[19.5441,46.8756],[19.5684,46.8879],[19.5697,46.8885],[19.571,46.8887],[19.5713,46.8888],[19.5721,46.8889],[19.5764,46.8888],[19.5805,46.8887],[19.5837,46.8886],[19.5903,46.8884],[19.5972,46.8882],[19.6002,46.8881],[19.6015,46.8881],[19.6031,46.888],[19.6032,46.8881],[19.6035,46.8882],[19.604,46.8882],[19.6043,46.8881],[19.6044,46.8879],[19.6063,46.8879],[19.6091,46.8878],[19.6118,46.8878],[19.6131,46.8879],[19.6153,46.8879],[19.6184,46.8881],[19.6204,46.8881],[19.6217,46.8882],[19.6225,46.8882],[19.6243,46.8879],[19.6256,46.8877],[19.6268,46.8876],[19.6281,46.8876],[19.6306,46.8882],[19.631,46.8883],[19.6315,46.8884],[19.6319,46.8885],[19.6323,46.8885],[19.633,46.8885],[19.6349,46.8886],[19.6389,46.8887],[19.6398,46.8888],[19.6397,46.889],[19.6397,46.891],[19.6399,46.8923],[19.6401,46.8935],[19.6403,46.8942],[19.6404,46.8945],[19.6405,46.8948],[19.6406,46.8951],[19.6409,46.8959],[19.6411,46.8963],[19.6418,46.8976],[19.6433,46.8997],[19.6441,46.9004],[19.645,46.9013],[19.6458,46.9019],[19.6476,46.9035],[19.6493,46.9049],[19.6496,46.9051],[19.6496,46.9052],[19.6496,46.9053],[19.6497,46.9056],[19.6497,46.9057],[19.6498,46.906],[19.6499,46.9061],[19.6505,46.907],[19.6524,46.9097],[19.6536,46.9114],[19.6541,46.9121],[19.6544,46.9125],[19.655,46.913],[19.6573,46.9146],[19.6582,46.9152],[19.6585,46.9154],[19.659,46.9158],[19.6628,46.9145],[19.6655,46.9137],[19.667,46.9132],[19.6698,46.9123],[19.6704,46.9122],[19.6711,46.9119],[19.6723,46.9115],[19.6727,46.9114],[19.6737,46.9111],[19.6748,46.9108],[19.6763,46.9102],[19.6774,46.9098],[19.6795,46.9089],[19.6813,46.9079],[19.6823,46.9074],[19.6834,46.9068],[19.6836,46.9067],[19.6837,46.9066],[19.6839,46.9062],[19.685,46.9046],[19.6854,46.904],[19.6857,46.9037],[19.6863,46.9044],[19.6874,46.9053],[19.6878,46.9055],[19.6882,46.9057],[19.6877,46.9065],[19.6879,46.9067],[19.688,46.9076],[19.6881,46.9079],[19.6883,46.9081],[19.6899,46.909],[19.6911,46.9097],[19.6921,46.9103],[19.6913,46.9113],[19.6897,46.9131],[19.6892,46.9142],[19.6886,46.915],[19.6873,46.9154],[19.6869,46.9156],[19.686,46.9162],[19.6823,46.9186],[19.6839,46.9196],[19.6841,46.9196],[19.6858,46.9202],[19.6869,46.9205],[19.6882,46.9207],[19.6881,46.9215],[19.6881,46.9224],[19.6882,46.923],[19.6883,46.9233],[19.6884,46.9237],[19.6884,46.9245],[19.6884,46.9246],[19.6882,46.9253],[19.6881,46.9268],[19.6881,46.9272],[19.6881,46.9275],[19.688,46.928],[19.6878,46.9289],[19.6877,46.9294],[19.6873,46.9306],[19.6872,46.9314],[19.6871,46.932],[19.6869,46.9327],[19.6868,46.9333],[19.6868,46.9337],[19.6868,46.9338],[19.6868,46.9345],[19.687,46.9355],[19.687,46.9358],[19.6869,46.9362],[19.6864,46.9369],[19.6862,46.9372],[19.686,46.9375],[19.6858,46.9378],[19.6856,46.9382],[19.6851,46.9388],[19.6847,46.9392],[19.6844,46.9396],[19.6842,46.94],[19.6841,46.9403],[19.6839,46.9407],[19.6837,46.9417],[19.6829,46.9445],[19.6782,46.942],[19.676,46.9406],[19.6767,46.9384],[19.6743,46.9376],[19.6682,46.9328],[19.668,46.9328],[19.664,46.9297],[19.6638,46.93],[19.6624,46.9363],[19.6618,46.9371],[19.6608,46.9383],[19.6588,46.9406],[19.6554,46.944],[19.6522,46.947],[19.6517,46.9476],[19.6484,46.9544],[19.6477,46.9558],[19.6467,46.957],[19.6439,46.9607],[19.6386,46.9668],[19.6354,46.9697],[19.6194,46.9816],[19.6126,46.9888],[19.6118,46.9893],[19.6088,46.9904],[19.6074,46.991],[19.6262,46.9853],[19.6451,46.9805],[19.6494,46.9827],[19.6544,46.9859],[19.6624,46.9893],[19.6689,46.992],[19.6745,46.9947],[19.6823,46.9992],[19.699,46.9884],[19.7099,46.9836],[19.7254,46.9779],[19.7291,46.9761],[19.7413,46.9698],[19.7494,46.9649],[19.7667,46.9552],[19.7798,46.9487],[19.8019,46.9553],[19.8277,46.9449],[19.8292,46.9442],[19.8401,46.9444],[19.8439,46.9477],[19.8588,46.9691],[19.8611,46.9708],[19.8614,46.9732],[19.8742,46.9925],[19.8766,46.9979],[19.8787,46.997],[19.8902,46.9901],[19.9081,46.9815],[19.9159,46.9793],[19.9241,46.9759],[19.9342,46.9724],[19.9471,46.9725],[19.9548,46.9718],[19.9585,46.9701],[19.9836,46.9628],[19.9827,46.983],[19.9861,46.9861],[19.9876,46.9886],[19.9924,46.9919],[19.9955,46.9952],[19.9998,46.9983],[20.0189,47.0044],[20.0265,47.0073],[20.0326,47.0079],[20.0462,47.0107],[20.0515,47.0112],[20.0605,47.0132],[20.0699,47.0194],[20.071,47.0192],[20.0804,47.0142],[20.0885,47.0091],[20.0946,47.0074],[20.1162,46.999],[20.1249,46.9946],[20.1293,46.9921],[20.1391,46.9837],[20.1345,46.9817],[20.1304,46.9792],[20.1278,46.9765],[20.1269,46.9745],[20.1271,46.972],[20.1277,46.9709],[20.1326,46.967],[20.1336,46.9654],[20.1335,46.9631]]]}},{"type":"Feature","properties":{"id":"1408","name":"Pest vármegye 08. OEVK","regionId":"pest","center":"Szigetszentmiklós"},"geometry":{"type":"Polygon","coordinates":[[[19.0976,47.379],[19.0931,47.3723],[19.0857,47.3633],[19.0849,47.3638],[19.084,47.3634],[19.0832,47.3618],[19.0809,47.3608],[19.0769,47.3579],[19.0726,47.3559],[19.0682,47.3527],[19.0671,47.3504],[19.0652,47.3483],[19.0615,47.3467],[19.0618,47.3461],[19.0512,47.3407],[19.0493,47.3387],[19.0481,47.3356],[19.0477,47.3313],[19.0463,47.3268],[19.0443,47.3239],[19.0383,47.3173],[19.0733,47.3004],[19.1077,47.2831],[19.1053,47.28],[19.1026,47.278],[19.0925,47.2737],[19.086,47.2739],[19.066,47.2696],[19.0525,47.2663],[19.0512,47.265],[19.0472,47.2626],[19.0455,47.262],[19.0446,47.2621],[19.0397,47.2571],[19.0387,47.2567],[19.0264,47.262],[19.0236,47.2624],[19.0191,47.2536],[19.0116,47.2455],[18.9917,47.2523],[18.9804,47.2545],[18.9771,47.2498],[18.9762,47.2472],[18.975,47.2389],[18.9741,47.2377],[18.9678,47.2276],[18.968,47.225],[18.9673,47.2227],[18.9657,47.2183],[18.9577,47.2059],[18.956,47.206],[18.9522,47.1995],[18.9519,47.1923],[18.9416,47.1947],[18.9345,47.2024],[18.9219,47.2178],[18.9166,47.2211],[18.9131,47.2226],[18.9058,47.2249],[18.9074,47.2276],[18.91,47.2349],[18.912,47.2463],[18.917,47.2551],[18.9196,47.2624],[18.9202,47.2645],[18.9205,47.2698],[18.9192,47.2741],[18.9058,47.2745],[18.9059,47.2753],[18.9,47.2755],[18.8996,47.2743],[18.8804,47.2782],[18.88,47.2773],[18.8792,47.2779],[18.8782,47.2808],[18.8764,47.2813],[18.8766,47.2827],[18.8737,47.2864],[18.875,47.2903],[18.8812,47.3013],[18.8677,47.3055],[18.8649,47.3059],[18.8602,47.3043],[18.8578,47.3051],[18.8611,47.3065],[18.8641,47.3115],[18.8678,47.3146],[18.8766,47.3184],[18.8916,47.322],[18.8912,47.3294],[18.8918,47.3316],[18.8925,47.332],[18.8984,47.3403],[18.903,47.3491],[18.9122,47.3373],[18.9156,47.3338],[18.9283,47.3394],[18.9515,47.3414],[18.9495,47.3468],[18.9495,47.3539],[18.9504,47.3574],[18.954,47.3642],[18.9583,47.3695],[18.9624,47.3726],[18.9732,47.3808],[18.977,47.3826],[18.9805,47.384],[18.9832,47.3843],[18.9937,47.3867],[19.0091,47.3887],[19.0128,47.3897],[19.0153,47.3909],[19.0177,47.389],[19.0189,47.3881],[19.0224,47.3891],[19.0241,47.3872],[19.0257,47.3877],[19.0277,47.3885],[19.0302,47.3853],[19.0382,47.3883],[19.0415,47.3857],[19.0421,47.3859],[19.044,47.385],[19.0449,47.3865],[19.0477,47.3886],[19.048,47.3888],[19.0509,47.3873],[19.0537,47.3933],[19.0621,47.3916],[19.0645,47.3935],[19.0605,47.3977],[19.0674,47.4008],[19.0705,47.4026],[19.0735,47.4032],[19.0753,47.404],[19.0835,47.4048],[19.0851,47.4019],[19.0939,47.391],[19.1003,47.3891],[19.1018,47.3884],[19.1048,47.3871],[19.0976,47.379]]]}},{"type":"Feature","properties":{"id":"0303","name":"Bács-Kiskun vármegye 03. OEVK","regionId":"bacs","center":"Kalocsa"},"geometry":{"type":"Polygon","coordinates":[[[19.0062,46.7049],[19.0051,46.71],[19.0019,46.7177],[18.9937,46.7276],[18.9865,46.7346],[18.9836,46.7403],[18.9823,46.7489],[18.9785,46.7542],[18.9771,46.7588],[18.9779,46.765],[18.9709,46.7642],[18.9666,46.774],[18.9602,46.7832],[18.9592,46.7841],[18.9574,46.7844],[18.9564,46.7852],[18.9549,46.7913],[18.9533,46.7947],[18.9496,46.7987],[18.9535,46.8006],[18.9353,46.8088],[18.9283,46.8145],[18.9264,46.8176],[18.9239,46.8241],[18.925,46.8316],[18.9244,46.8396],[18.9241,46.8541],[18.9251,46.8572],[18.9262,46.865],[18.9317,46.8757],[18.9343,46.8785],[18.9463,46.8898],[18.952,46.895],[18.9583,46.906],[18.9591,46.9076],[18.9606,46.9178],[18.9619,46.9214],[18.9624,46.925],[18.9649,46.9309],[18.9657,46.9351],[18.9655,46.9367],[18.9699,46.9362],[18.9704,46.9358],[18.9712,46.9353],[18.9759,46.9361],[18.977,46.9357],[18.9809,46.9363],[18.9875,46.9361],[18.9897,46.9366],[18.9929,46.936],[19.0134,46.9352],[19.0341,46.933],[19.0489,46.9299],[19.0576,46.9288],[19.0885,46.9269],[19.108,46.9247],[19.1138,46.9233],[19.1187,46.9231],[19.1197,46.925],[19.1194,46.9253],[19.1235,46.923],[19.1329,46.9207],[19.1348,46.9194],[19.1342,46.9184],[19.1326,46.9181],[19.1317,46.9174],[19.1308,46.9128],[19.1316,46.9097],[19.1329,46.9079],[19.1325,46.9078],[19.1347,46.9075],[19.1352,46.907],[19.1337,46.9035],[19.1322,46.8978],[19.134,46.89],[19.1323,46.8864],[19.1329,46.8837],[19.1339,46.8823],[19.1364,46.8809],[19.1381,46.8803],[19.1386,46.8796],[19.1382,46.8788],[19.137,46.8785],[19.1322,46.8741],[19.1311,46.8691],[19.135,46.8648],[19.1348,46.8629],[19.1337,46.8609],[19.1364,46.8563],[19.1373,46.857],[19.1389,46.8558],[19.143,46.8542],[19.1439,46.8529],[19.1431,46.8519],[19.1366,46.849],[19.1336,46.8449],[19.1324,46.8445],[19.1309,46.845],[19.1305,46.8448],[19.1317,46.839],[19.1288,46.8336],[19.1299,46.8328],[19.1336,46.8321],[19.1348,46.8315],[19.1352,46.83],[19.1326,46.8264],[19.1322,46.8249],[19.1329,46.823],[19.1409,46.8188],[19.1419,46.8188],[19.1438,46.8201],[19.1457,46.82],[19.1455,46.8192],[19.1476,46.8154],[19.1473,46.8129],[19.1489,46.8116],[19.1548,46.8096],[19.1553,46.8096],[19.1566,46.8079],[19.1549,46.8072],[19.1571,46.8067],[19.1608,46.805],[19.1608,46.8031],[19.1598,46.8015],[19.1588,46.8011],[19.156,46.8014],[19.157,46.8004],[19.1608,46.7984],[19.1618,46.7981],[19.1633,46.7986],[19.1661,46.7977],[19.1665,46.797],[19.1661,46.7953],[19.1697,46.7923],[19.1707,46.7895],[19.169,46.7874],[19.1667,46.7861],[19.169,46.7847],[19.1664,46.7847],[19.1668,46.7827],[19.1649,46.7788],[19.1649,46.7779],[19.1655,46.7763],[19.1675,46.776],[19.1703,46.7764],[19.1715,46.776],[19.1707,46.7731],[19.1707,46.7711],[19.172,46.7683],[19.1721,46.767],[19.1735,46.7674],[19.1806,46.7665],[19.2159,46.7789],[19.2273,46.7764],[19.2348,46.7754],[19.2488,46.7803],[19.2577,46.7803],[19.2658,46.7817],[19.2774,46.7811],[19.286,46.7816],[19.2928,46.7814],[19.2996,46.7641],[19.3062,46.7563],[19.3181,46.7546],[19.3187,46.7536],[19.3356,46.7522],[19.3623,46.7499],[19.3811,46.7472],[19.388,46.7504],[19.4177,46.7353],[19.4471,46.716],[19.4444,46.7126],[19.4549,46.7077],[19.4759,46.6982],[19.4708,46.686],[19.4695,46.6815],[19.4672,46.6769],[19.4673,46.6756],[19.4664,46.6751],[19.466,46.6742],[19.4544,46.646],[19.452,46.6438],[19.4457,46.6397],[19.4364,46.6346],[19.4292,46.6319],[19.4158,46.628],[19.4079,46.625],[19.4249,46.6173],[19.4201,46.6124],[19.4185,46.6134],[19.4152,46.6113],[19.444,46.6009],[19.4557,46.5961],[19.4607,46.5945],[19.4689,46.5908],[19.4722,46.5902],[19.4538,46.5682],[19.4438,46.5555],[19.4368,46.5456],[19.424,46.536],[19.404,46.5187],[19.3862,46.507],[19.3688,46.5111],[19.3621,46.5169],[19.3519,46.5247],[19.3403,46.5336],[19.3327,46.5414],[19.3307,46.5428],[19.3268,46.5372],[19.2959,46.56],[19.2837,46.5541],[19.2636,46.5689],[19.2547,46.5637],[19.2387,46.5864],[19.2273,46.6039],[19.2141,46.6023],[19.211,46.6024],[19.1947,46.6071],[19.1944,46.607],[19.1822,46.5852],[19.1813,46.5649],[19.1819,46.5602],[19.1824,46.5502],[19.1854,46.5329],[19.1858,46.5259],[19.1852,46.5164],[19.1931,46.515],[19.1943,46.4998],[19.1933,46.4894],[19.1903,46.4808],[19.1897,46.4776],[19.1901,46.4767],[19.1906,46.474],[19.19,46.4728],[19.1903,46.4718],[19.1898,46.4707],[19.1899,46.4634],[19.1868,46.4583],[19.1512,46.457],[19.1503,46.4405],[19.1466,46.4423],[19.1454,46.4441],[19.1419,46.4461],[19.1412,46.447],[19.1403,46.4468],[19.1394,46.4434],[19.139,46.4429],[19.1385,46.443],[19.1379,46.4439],[19.1379,46.4481],[19.1376,46.4484],[19.1363,46.4477],[19.1322,46.4506],[19.1306,46.4511],[19.1254,46.4568],[19.1241,46.4562],[19.1201,46.4489],[19.1159,46.4466],[19.1165,46.4443],[19.1127,46.4433],[19.1053,46.4422],[19.1053,46.4414],[19.1037,46.441],[19.1021,46.439],[19.1008,46.4366],[19.1003,46.4345],[19.1011,46.4324],[19.0971,46.4303],[19.0954,46.4279],[19.0968,46.4244],[19.0989,46.4217],[19.1004,46.4184],[19.0958,46.4155],[19.0909,46.414],[19.0904,46.4143],[19.089,46.414],[19.0874,46.4147],[19.0861,46.4143],[19.0839,46.4102],[19.0829,46.4093],[19.0822,46.4111],[19.0797,46.4133],[19.0755,46.4162],[19.0736,46.4186],[19.0735,46.4215],[19.0725,46.4243],[19.0689,46.4296],[19.0706,46.4311],[19.063,46.4327],[19.0577,46.4316],[19.0571,46.4319],[19.053,46.4308],[19.0497,46.4305],[19.0476,46.4296],[19.046,46.4278],[19.0451,46.4274],[19.0428,46.4245],[19.0387,46.4217],[19.0374,46.4177],[19.0314,46.4182],[19.0282,46.4192],[19.0257,46.4194],[19.0243,46.4188],[19.0226,46.4173],[19.0212,46.4182],[19.0204,46.4222],[19.0185,46.4236],[19.017,46.4237],[19.0149,46.4231],[19.0152,46.4227],[19.0146,46.4226],[19.0137,46.4227],[19.0126,46.4232],[19.0078,46.4197],[19.0017,46.4173],[18.9996,46.4161],[18.9978,46.4128],[18.9987,46.41],[18.9988,46.4094],[18.9981,46.4089],[18.9958,46.4087],[18.996,46.4091],[18.9952,46.4099],[18.9932,46.4104],[18.9921,46.4103],[18.9901,46.4092],[18.9891,46.4075],[18.9813,46.406],[18.98,46.405],[18.9797,46.4042],[18.9804,46.4027],[18.9798,46.4014],[18.9745,46.3985],[18.9701,46.3985],[18.9723,46.4018],[18.9726,46.4031],[18.9708,46.4066],[18.9681,46.4073],[18.9643,46.4053],[18.9613,46.4047],[18.9598,46.4051],[18.9602,46.4062],[18.9597,46.4074],[18.9545,46.408],[18.9545,46.4095],[18.962,46.4103],[18.9583,46.4132],[18.9665,46.4142],[18.9627,46.4172],[18.9596,46.4169],[18.9594,46.4187],[18.9603,46.4203],[18.9622,46.4239],[18.945,46.4282],[18.9456,46.4328],[18.9337,46.4358],[18.9329,46.4341],[18.9181,46.4353],[18.9208,46.4383],[18.9161,46.4428],[18.9199,46.4496],[18.9234,46.4602],[18.9239,46.464],[18.9221,46.4747],[18.9172,46.491],[18.9116,46.4967],[18.8989,46.5135],[18.896,46.5188],[18.8953,46.5228],[18.8955,46.5317],[18.8965,46.5336],[18.8956,46.5388],[18.8971,46.548],[18.8969,46.5501],[18.8954,46.5595],[18.893,46.564],[18.8901,46.5671],[18.8893,46.5693],[18.8841,46.5752],[18.873,46.587],[18.8666,46.5924],[18.8638,46.5959],[18.8595,46.6031],[18.8591,46.6063],[18.8597,46.6104],[18.8623,46.6158],[18.8688,46.6205],[18.8751,46.6285],[18.8773,46.6305],[18.8812,46.6355],[18.8826,46.6364],[18.8887,46.638],[18.8919,46.6383],[18.9113,46.6374],[18.9173,46.6375],[18.917,46.639],[18.9209,46.6391],[18.9228,46.6397],[18.9242,46.6405],[18.924,46.6415],[18.9302,46.6428],[18.9423,46.6491],[18.9473,46.6502],[18.9553,46.6533],[18.9558,46.6485],[18.9618,46.6509],[18.9678,46.6543],[18.9736,46.6588],[18.9828,46.6685],[18.9863,46.6742],[18.9917,46.6812],[18.996,46.6854],[18.9988,46.6876],[19.0033,46.6916],[19.0052,46.6954],[19.006,46.699],[19.0062,46.7049]]]}},{"type":"Feature","properties":{"id":"0304","name":"Bács-Kiskun vármegye 04. OEVK","regionId":"bacs","center":"Kiskunfélegyháza"},"geometry":{"type":"Polygon","coordinates":[[[20.0389,46.8985],[20.063,46.8828],[20.0678,46.8841],[20.0711,46.8844],[20.0722,46.8836],[20.0762,46.8783],[20.0793,46.8757],[20.0826,46.8745],[20.0856,46.8745],[20.0941,46.8607],[20.0979,46.8591],[20.1005,46.8587],[20.1027,46.8577],[20.1027,46.8572],[20.1073,46.8552],[20.1116,46.849],[20.1124,46.8492],[20.1157,46.8448],[20.1151,46.8448],[20.1147,46.8426],[20.1078,46.841],[20.1033,46.8388],[20.0935,46.8401],[20.0756,46.8406],[20.0708,46.8421],[20.0675,46.8419],[20.0432,46.8369],[20.0435,46.8349],[20.0429,46.8322],[20.0416,46.8305],[20.0361,46.8289],[20.0243,46.8285],[20.0189,46.8268],[20.0136,46.824],[20.0033,46.8223],[20.0019,46.8214],[20.001,46.8174],[20.0029,46.8132],[20.0055,46.8106],[20.0117,46.8065],[20.0145,46.805],[20.0203,46.8028],[20.0245,46.7994],[20.0285,46.7969],[20.0296,46.7964],[20.0322,46.7963],[20.0352,46.7968],[20.0379,46.7987],[20.0395,46.8013],[20.0406,46.8046],[20.0406,46.8073],[20.0377,46.8114],[20.0325,46.8156],[20.0312,46.8177],[20.0312,46.8198],[20.0327,46.8217],[20.0356,46.8233],[20.0399,46.8242],[20.0435,46.8241],[20.0439,46.8241],[20.0447,46.8215],[20.0471,46.819],[20.05,46.8173],[20.0575,46.815],[20.061,46.8124],[20.0615,46.8066],[20.0612,46.8064],[20.0246,46.7805],[19.9995,46.7527],[19.981,46.7383],[19.9752,46.732],[19.9692,46.7267],[19.9826,46.718],[19.9886,46.7138],[19.9944,46.7107],[19.9988,46.7073],[20.0057,46.7034],[20.0087,46.7],[20.0112,46.6949],[20.0081,46.6797],[19.9982,46.6673],[19.9922,46.6607],[19.9853,46.6545],[19.9807,46.6369],[19.9907,46.632],[19.9941,46.6228],[19.9942,46.6204],[19.9921,46.6095],[19.9895,46.6032],[19.9945,46.5915],[19.9764,46.5793],[19.9627,46.5683],[19.9435,46.5482],[19.9303,46.557],[19.9114,46.5676],[19.8921,46.5783],[19.8547,46.5655],[19.8397,46.56],[19.8157,46.5498],[19.78,46.5319],[19.7913,46.5224],[19.8093,46.5059],[19.8186,46.5069],[19.8378,46.5082],[19.8479,46.511],[19.8734,46.4939],[19.8861,46.4881],[19.8952,46.4803],[19.9012,46.4677],[19.9007,46.4658],[19.8995,46.46],[19.8904,46.4514],[19.8822,46.4444],[19.8866,46.4386],[19.8983,46.4247],[19.8984,46.4193],[19.8944,46.4086],[19.8849,46.4008],[19.8811,46.386],[19.8746,46.3815],[19.8667,46.3767],[19.8572,46.373],[19.8329,46.3832],[19.8274,46.3845],[19.8191,46.3889],[19.8068,46.3809],[19.7937,46.374],[19.7671,46.3616],[19.7559,46.3553],[19.7514,46.3531],[19.7432,46.35],[19.7223,46.3619],[19.7298,46.3825],[19.7323,46.3947],[19.7343,46.4188],[19.7287,46.431],[19.7225,46.429],[19.7232,46.4278],[19.7162,46.4271],[19.7117,46.4307],[19.7086,46.4347],[19.6961,46.4442],[19.6908,46.4464],[19.6653,46.4172],[19.6609,46.4199],[19.6455,46.4264],[19.6437,46.4265],[19.6401,46.428],[19.6313,46.4322],[19.6277,46.4359],[19.6266,46.4372],[19.6207,46.44],[19.6188,46.4416],[19.6467,46.4491],[19.6592,46.4576],[19.6288,46.489],[19.6195,46.498],[19.6019,46.5101],[19.578,46.5229],[19.5683,46.5359],[19.5676,46.5369],[19.5692,46.54],[19.5736,46.5452],[19.5812,46.5524],[19.5616,46.5664],[19.5559,46.5723],[19.5432,46.587],[19.4881,46.5891],[19.4722,46.5902],[19.4689,46.5908],[19.4607,46.5945],[19.4557,46.5961],[19.444,46.6009],[19.4152,46.6113],[19.4185,46.6134],[19.4201,46.6124],[19.4249,46.6173],[19.4079,46.625],[19.4158,46.628],[19.4292,46.6319],[19.4364,46.6346],[19.4457,46.6397],[19.452,46.6438],[19.4544,46.646],[19.466,46.6742],[19.4664,46.6751],[19.4673,46.6756],[19.4672,46.6769],[19.4695,46.6815],[19.4708,46.686],[19.4759,46.6982],[19.4549,46.7077],[19.4444,46.7126],[19.4471,46.716],[19.4177,46.7353],[19.388,46.7504],[19.3811,46.7472],[19.3623,46.7499],[19.3356,46.7522],[19.3187,46.7536],[19.3181,46.7546],[19.3062,46.7563],[19.2996,46.7641],[19.2928,46.7814],[19.286,46.7816],[19.2774,46.7811],[19.2658,46.7817],[19.2577,46.7803],[19.2488,46.7803],[19.2348,46.7754],[19.2273,46.7764],[19.2159,46.7789],[19.1806,46.7665],[19.1735,46.7674],[19.1721,46.767],[19.172,46.7683],[19.1707,46.7711],[19.1707,46.7731],[19.1715,46.776],[19.1703,46.7764],[19.1675,46.776],[19.1655,46.7763],[19.1649,46.7779],[19.1649,46.7788],[19.1668,46.7827],[19.1664,46.7847],[19.169,46.7847],[19.1667,46.7861],[19.169,46.7874],[19.1707,46.7895],[19.1697,46.7923],[19.1661,46.7953],[19.1665,46.797],[19.1661,46.7977],[19.1633,46.7986],[19.1618,46.7981],[19.1608,46.7984],[19.157,46.8004],[19.156,46.8014],[19.1588,46.8011],[19.1598,46.8015],[19.1608,46.8031],[19.1608,46.805],[19.1571,46.8067],[19.1549,46.8072],[19.1566,46.8079],[19.1553,46.8096],[19.1548,46.8096],[19.1572,46.8107],[19.1564,46.812],[19.1568,46.8127],[19.1584,46.812],[19.1648,46.8156],[19.1722,46.821],[19.1749,46.8241],[19.18,46.8277],[19.1886,46.8304],[19.2047,46.8346],[19.2118,46.8354],[19.2219,46.8403],[19.2374,46.8405],[19.2372,46.8415],[19.2421,46.8422],[19.2444,46.8424],[19.2447,46.8412],[19.2503,46.8422],[19.2734,46.8475],[19.2813,46.8508],[19.2932,46.8573],[19.2894,46.8655],[19.2873,46.872],[19.3174,46.8832],[19.3245,46.8838],[19.3403,46.8836],[19.375,46.8891],[19.3878,46.8774],[19.3924,46.8699],[19.3975,46.8659],[19.4,46.8623],[19.4354,46.8663],[19.4483,46.8669],[19.4557,46.8668],[19.4603,46.8659],[19.4721,46.862],[19.4844,46.8596],[19.4965,46.858],[19.5113,46.8569],[19.5182,46.853],[19.5184,46.8525],[19.5237,46.8366],[19.5244,46.8178],[19.5243,46.8045],[19.5227,46.8003],[19.5182,46.7934],[19.5321,46.7805],[19.5361,46.7762],[19.5466,46.76],[19.594,46.7882],[19.609,46.7962],[19.6179,46.7929],[19.6246,46.7912],[19.6301,46.7898],[19.6432,46.7838],[19.6507,46.7817],[19.6697,46.7742],[19.6783,46.771],[19.6824,46.7699],[19.6928,46.78],[19.696,46.7817],[19.7031,46.7847],[19.7061,46.7872],[19.7105,46.79],[19.7156,46.7947],[19.7178,46.7983],[19.718,46.8009],[19.7174,46.8039],[19.7267,46.799],[19.7462,46.7832],[19.7542,46.7789],[19.7632,46.7725],[19.7765,46.7904],[19.7868,46.8064],[19.7929,46.8149],[19.8019,46.822],[19.8203,46.8289],[19.8303,46.8341],[19.8096,46.8502],[19.8118,46.8522],[19.8145,46.8592],[19.8264,46.8762],[19.8381,46.8856],[19.8515,46.8941],[19.8571,46.8949],[19.8622,46.8962],[19.8797,46.8996],[19.8887,46.8961],[19.9064,46.8872],[19.9245,46.8766],[19.9526,46.898],[19.9603,46.8956],[19.9623,46.9008],[19.9672,46.9073],[19.9721,46.9105],[19.9776,46.9127],[19.9831,46.9183],[19.9878,46.9216],[20.0014,46.9256],[20.0192,46.9134],[20.031,46.9061],[20.0389,46.8985]]]}},{"type":"Feature","properties":{"id":"0306","name":"Bács-Kiskun vármegye 06. OEVK","regionId":"bacs","center":"Baja"},"geometry":{"type":"Polygon","coordinates":[[[18.8023,46.1088],[18.8153,46.1082],[18.819,46.1088],[18.8193,46.1091],[18.8164,46.1102],[18.8109,46.1144],[18.8204,46.1269],[18.8246,46.1333],[18.8263,46.1331],[18.8268,46.1337],[18.8287,46.1384],[18.8318,46.1437],[18.8356,46.1427],[18.8379,46.1429],[18.8398,46.1453],[18.8403,46.1469],[18.8407,46.1529],[18.8392,46.1611],[18.8396,46.1635],[18.8413,46.1661],[18.8389,46.1672],[18.8428,46.1773],[18.8437,46.1816],[18.8436,46.1833],[18.8497,46.1838],[18.8517,46.1843],[18.8511,46.1867],[18.8512,46.1892],[18.8525,46.1916],[18.8545,46.1926],[18.8568,46.1929],[18.866,46.1923],[18.8705,46.1929],[18.8705,46.1977],[18.8688,46.1986],[18.8664,46.2011],[18.8655,46.2048],[18.8658,46.2074],[18.867,46.21],[18.8692,46.2119],[18.8711,46.2127],[18.8718,46.2221],[18.8681,46.2224],[18.8661,46.2215],[18.8609,46.2178],[18.8495,46.2083],[18.8382,46.2033],[18.8347,46.2014],[18.8322,46.2008],[18.8299,46.2011],[18.825,46.2033],[18.8221,46.2054],[18.8217,46.2061],[18.8218,46.2073],[18.8229,46.2092],[18.8297,46.2177],[18.8309,46.2186],[18.8332,46.2201],[18.8419,46.223],[18.845,46.2256],[18.8509,46.234],[18.8539,46.236],[18.8551,46.2361],[18.8615,46.2349],[18.8646,46.2332],[18.8668,46.2319],[18.8739,46.2367],[18.8763,46.2408],[18.8766,46.2454],[18.8739,46.2486],[18.8674,46.2547],[18.8651,46.2578],[18.8621,46.2653],[18.8639,46.2675],[18.8686,46.2701],[18.8748,46.2706],[18.877,46.2696],[18.8801,46.2666],[18.8841,46.264],[18.886,46.2621],[18.8893,46.2603],[18.8917,46.2595],[18.8978,46.2588],[18.905,46.2586],[18.9096,46.26],[18.9111,46.2609],[18.9109,46.2684],[18.9124,46.2738],[18.9136,46.2812],[18.9175,46.2902],[18.9177,46.2934],[18.9186,46.2933],[18.9214,46.3009],[18.9218,46.3081],[18.9208,46.3125],[18.919,46.3151],[18.9152,46.3189],[18.9079,46.3243],[18.9048,46.3274],[18.8991,46.3339],[18.8978,46.3381],[18.8974,46.3424],[18.8954,46.3459],[18.8953,46.3509],[18.8934,46.3608],[18.8933,46.3691],[18.8911,46.38],[18.8876,46.387],[18.885,46.3956],[18.8853,46.4029],[18.8887,46.411],[18.9,46.4212],[18.9023,46.4254],[18.9161,46.4428],[18.9208,46.4383],[18.9181,46.4353],[18.9329,46.4341],[18.9337,46.4358],[18.9456,46.4328],[18.945,46.4282],[18.9622,46.4239],[18.9603,46.4203],[18.9594,46.4187],[18.9596,46.4169],[18.9627,46.4172],[18.9665,46.4142],[18.9583,46.4132],[18.962,46.4103],[18.9545,46.4095],[18.9545,46.408],[18.9597,46.4074],[18.9602,46.4062],[18.9598,46.4051],[18.9613,46.4047],[18.9643,46.4053],[18.9681,46.4073],[18.9708,46.4066],[18.9726,46.4031],[18.9723,46.4018],[18.9701,46.3985],[18.9745,46.3985],[18.9798,46.4014],[18.9804,46.4027],[18.9797,46.4042],[18.98,46.405],[18.9813,46.406],[18.9891,46.4075],[18.9901,46.4092],[18.9921,46.4103],[18.9932,46.4104],[18.9952,46.4099],[18.996,46.4091],[18.9958,46.4087],[18.9981,46.4089],[18.9988,46.4094],[18.9987,46.41],[18.9978,46.4128],[18.9996,46.4161],[19.0017,46.4173],[19.0078,46.4197],[19.0126,46.4232],[19.0137,46.4227],[19.0146,46.4226],[19.0152,46.4227],[19.0149,46.4231],[19.017,46.4237],[19.0185,46.4236],[19.0204,46.4222],[19.0212,46.4182],[19.0226,46.4173],[19.0243,46.4188],[19.0257,46.4194],[19.0282,46.4192],[19.0314,46.4182],[19.0374,46.4177],[19.0387,46.4217],[19.0428,46.4245],[19.0451,46.4274],[19.046,46.4278],[19.0476,46.4296],[19.0497,46.4305],[19.053,46.4308],[19.0571,46.4319],[19.0577,46.4316],[19.063,46.4327],[19.0706,46.4311],[19.0689,46.4296],[19.0725,46.4243],[19.0735,46.4215],[19.0736,46.4186],[19.0755,46.4162],[19.0797,46.4133],[19.0822,46.4111],[19.0829,46.4093],[19.082,46.4082],[19.08,46.4076],[19.0763,46.4079],[19.0722,46.4063],[19.0617,46.4054],[19.0602,46.4059],[19.0582,46.4048],[19.0541,46.4051],[19.052,46.4035],[19.0507,46.3995],[19.051,46.3992],[19.0496,46.3975],[19.0497,46.3967],[19.0514,46.3962],[19.0514,46.3956],[19.0455,46.392],[19.0439,46.3919],[19.0438,46.391],[19.0448,46.389],[19.0422,46.3878],[19.0421,46.3872],[19.0421,46.3863],[19.0409,46.3858],[19.0399,46.3844],[19.04,46.3837],[19.0425,46.3824],[19.0429,46.3811],[19.0469,46.3795],[19.0487,46.3779],[19.049,46.377],[19.0482,46.3771],[19.0475,46.3763],[19.0471,46.3738],[19.0477,46.3736],[19.0474,46.3709],[19.0483,46.3693],[19.0563,46.3647],[19.0598,46.3649],[19.062,46.3646],[19.0664,46.3634],[19.0684,46.3623],[19.0702,46.3606],[19.0723,46.3565],[19.0721,46.3539],[19.0785,46.3501],[19.0739,46.3461],[19.0789,46.3483],[19.1042,46.3605],[19.1183,46.371],[19.1188,46.3707],[19.1197,46.3714],[19.1203,46.3711],[19.1199,46.3708],[19.1217,46.3694],[19.122,46.3684],[19.1246,46.3664],[19.1282,46.3699],[19.1375,46.3639],[19.1378,46.3615],[19.1382,46.3617],[19.1419,46.3592],[19.1385,46.3568],[19.1392,46.3534],[19.1402,46.3525],[19.1395,46.3518],[19.1409,46.3507],[19.14,46.3503],[19.1412,46.3491],[19.1419,46.3475],[19.1436,46.3392],[19.1469,46.3352],[19.1486,46.3339],[19.151,46.3329],[19.1538,46.3301],[19.1513,46.3279],[19.152,46.3269],[19.1528,46.3272],[19.1545,46.326],[19.1535,46.3253],[19.1546,46.3245],[19.1565,46.3249],[19.1571,46.324],[19.1577,46.3242],[19.1607,46.3223],[19.1615,46.3229],[19.1658,46.3191],[19.1252,46.2998],[19.1661,46.2626],[19.1657,46.2624],[19.177,46.2481],[19.1764,46.2479],[19.1922,46.2296],[19.2246,46.2418],[19.2418,46.2471],[19.2516,46.2507],[19.2585,46.2172],[19.258,46.1985],[19.2762,46.183],[19.2794,46.1795],[19.2855,46.1697],[19.2853,46.1527],[19.2421,46.1334],[19.2338,46.1207],[19.2145,46.115],[19.2242,46.1025],[19.2262,46.0969],[19.2358,46.0877],[19.2525,46.089],[19.2579,46.09],[19.2799,46.0883],[19.2894,46.0869],[19.295,46.0856],[19.3114,46.0835],[19.3137,46.0864],[19.3321,46.0742],[19.3406,46.0691],[19.3531,46.0614],[19.3642,46.0522],[19.2816,46.0145],[19.3027,45.9916],[19.2965,45.9878],[19.2853,45.9968],[19.2367,45.9951],[19.2327,45.9993],[19.2066,45.9989],[19.1996,45.9982],[19.2049,45.9927],[19.1657,45.9942],[19.1656,45.996],[19.1477,45.9961],[19.1457,46.0013],[19.1472,46.008],[19.1444,46.0125],[19.1391,46.0277],[19.1338,46.0371],[19.1136,46.038],[19.1046,46.04],[19.1009,46.0353],[19.0898,46.0235],[19.073,46.0066],[19.0657,46.0],[19.0795,45.9635],[19.0716,45.9632],[19.0634,45.9638],[19.0578,45.9646],[19.055,45.9655],[19.0327,45.9647],[19.0188,45.9631],[19.0144,45.962],[19.0094,45.9601],[19.0058,45.9587],[18.9979,45.9462],[19.0056,45.9293],[19.0088,45.9233],[18.9947,45.9239],[18.989,45.9304],[18.988,45.9322],[18.9696,45.9281],[18.962,45.9259],[18.9589,45.9266],[18.9449,45.9279],[18.935,45.9307],[18.906,45.9353],[18.9033,45.9336],[18.8959,45.9266],[18.8913,45.9238],[18.8899,45.9214],[18.8883,45.9218],[18.8865,45.9214],[18.8883,45.9207],[18.8855,45.9204],[18.8827,45.9183],[18.8791,45.9164],[18.876,45.9158],[18.8712,45.9162],[18.868,45.9177],[18.8646,45.9205],[18.8651,45.9169],[18.8682,45.9112],[18.8276,45.9048],[18.825,45.9103],[18.8216,45.9146],[18.8213,45.9144],[18.8176,45.9178],[18.8135,45.9206],[18.8144,45.9214],[18.8044,45.9265],[18.8031,45.9268],[18.8046,45.9287],[18.8026,45.9305],[18.807,45.9342],[18.8102,45.934],[18.8139,45.9356],[18.8195,45.9358],[18.8201,45.9365],[18.8211,45.9366],[18.8217,45.937],[18.8287,45.9383],[18.8288,45.9386],[18.8278,45.9389],[18.828,45.9399],[18.8298,45.9407],[18.8327,45.9415],[18.8342,45.9406],[18.835,45.9409],[18.8341,45.9432],[18.8343,45.9437],[18.8351,45.9437],[18.835,45.945],[18.8357,45.9459],[18.8371,45.9454],[18.8378,45.9435],[18.8382,45.9435],[18.8385,45.9447],[18.838,45.9468],[18.8404,45.9468],[18.8416,45.9463],[18.8443,45.9476],[18.8461,45.9448],[18.8453,45.941],[18.8456,45.9407],[18.8463,45.9407],[18.8472,45.9416],[18.8491,45.9414],[18.8521,45.9421],[18.8547,45.9413],[18.856,45.9431],[18.8543,45.9446],[18.8517,45.9462],[18.8481,45.9475],[18.8465,45.9491],[18.8437,45.9493],[18.8422,45.9509],[18.8402,45.951],[18.841,45.9528],[18.8405,45.9534],[18.8364,45.955],[18.8295,45.9562],[18.8276,45.9556],[18.825,45.9566],[18.825,45.9601],[18.8274,45.9592],[18.8405,45.9755],[18.8396,45.9753],[18.839,45.9755],[18.8392,45.9771],[18.837,45.9799],[18.8361,45.9801],[18.8352,45.9795],[18.8389,45.9841],[18.8683,46.0208],[18.8671,46.0208],[18.8433,46.0297],[18.8471,46.0347],[18.8451,46.037],[18.8446,46.0384],[18.8376,46.0416],[18.8262,46.0354],[18.8223,46.0319],[18.8179,46.0301],[18.8122,46.0258],[18.8078,46.0239],[18.8042,46.0236],[18.7997,46.0247],[18.7981,46.0254],[18.7966,46.025],[18.7943,46.0253],[18.7911,46.0263],[18.7887,46.0282],[18.786,46.0276],[18.7833,46.0261],[18.7809,46.027],[18.7788,46.0258],[18.7777,46.0256],[18.777,46.0244],[18.7747,46.0237],[18.771,46.0269],[18.7675,46.029],[18.7665,46.03],[18.764,46.0311],[18.7609,46.0313],[18.7568,46.0307],[18.7531,46.0288],[18.7471,46.0294],[18.7428,46.0286],[18.7425,46.0293],[18.7415,46.0298],[18.7423,46.0314],[18.7396,46.0371],[18.7347,46.0435],[18.7328,46.0451],[18.7382,46.0487],[18.7527,46.063],[18.7564,46.0674],[18.7607,46.0751],[18.7622,46.0794],[18.7657,46.0854],[18.7676,46.0918],[18.77,46.0944],[18.7799,46.0989],[18.7892,46.1009],[18.7976,46.1037],[18.8023,46.1088]]]}},{"type":"Feature","properties":{"id":"0401","name":"Békés vármegye 01. OEVK","regionId":"bekes","center":"Békéscsaba"},"geometry":{"type":"Polygon","coordinates":[[[20.7326,46.7446],[20.7438,46.7421],[20.7578,46.7683],[20.7582,46.7692],[20.7571,46.7706],[20.7644,46.7842],[20.7821,46.776],[20.7873,46.7877],[20.7881,46.7918],[20.7924,46.8155],[20.8082,46.8051],[20.8386,46.7789],[20.8572,46.7727],[20.8774,46.7714],[20.8845,46.7683],[20.8863,46.7657],[20.8884,46.7641],[20.8891,46.7617],[20.8942,46.7641],[20.9054,46.7532],[20.9044,46.7527],[20.9207,46.7361],[20.9181,46.7349],[20.9241,46.7296],[20.9185,46.7268],[20.9361,46.7165],[20.9511,46.7212],[20.958,46.7228],[20.9673,46.7286],[20.9733,46.7302],[20.998,46.7156],[21.0605,46.7457],[21.0666,46.7404],[21.0707,46.7424],[21.071,46.7413],[21.0696,46.7378],[21.071,46.7366],[21.0711,46.7355],[21.0764,46.7356],[21.0759,46.7443],[21.0808,46.7443],[21.0809,46.7437],[21.0856,46.7476],[21.0873,46.7194],[21.0917,46.7164],[21.1167,46.7153],[21.1214,46.7157],[21.1235,46.7167],[21.1245,46.7177],[21.1281,46.7198],[21.1287,46.7221],[21.1344,46.7289],[21.1348,46.7302],[21.1343,46.7326],[21.1361,46.734],[21.1377,46.7326],[21.1401,46.7331],[21.1425,46.7322],[21.1436,46.7313],[21.1506,46.7337],[21.1509,46.7341],[21.1526,46.7343],[21.1527,46.7339],[21.185,46.7312],[21.1938,46.7163],[21.2057,46.7196],[21.2118,46.7165],[21.2193,46.7145],[21.222,46.7121],[21.2318,46.7013],[21.2355,46.6993],[21.2355,46.6986],[21.2346,46.6986],[21.2336,46.6975],[21.228,46.6765],[21.2338,46.6739],[21.2329,46.6704],[21.2356,46.6684],[21.2355,46.6676],[21.2321,46.6675],[21.2312,46.6689],[21.2299,46.6696],[21.2286,46.6693],[21.2275,46.6679],[21.2262,46.6674],[21.2247,46.6676],[21.222,46.6689],[21.2205,46.6689],[21.2179,46.6679],[21.2175,46.6673],[21.2087,46.6641],[21.2048,46.6633],[21.2018,46.6658],[21.2028,46.6675],[21.2004,46.6688],[21.1995,46.6707],[21.1975,46.6698],[21.1962,46.6697],[21.194,46.6705],[21.1916,46.6725],[21.1897,46.6718],[21.1874,46.6716],[21.1859,46.6722],[21.1842,46.672],[21.1802,46.6725],[21.1785,46.6667],[21.1738,46.663],[21.1667,46.6559],[21.161,46.6521],[21.1566,46.6469],[21.1554,46.6465],[21.1384,46.6455],[21.1389,46.6423],[21.1398,46.6104],[21.1383,46.6034],[21.1344,46.5985],[21.1329,46.5957],[21.1404,46.5893],[21.1452,46.5835],[21.1453,46.5828],[21.1463,46.5821],[21.1455,46.5784],[21.1409,46.578],[21.1403,46.5773],[21.1407,46.5763],[21.1407,46.5734],[21.1395,46.5721],[21.1385,46.5722],[21.1379,46.5716],[21.1381,46.5706],[21.1371,46.5692],[21.1362,46.5665],[21.1363,46.5633],[21.1546,46.5618],[21.1722,46.5584],[21.1764,46.5582],[21.1796,46.5591],[21.1816,46.561],[21.1837,46.5615],[21.1864,46.563],[21.1889,46.5638],[21.1985,46.5642],[21.2051,46.5661],[21.208,46.5663],[21.2094,46.5654],[21.2116,46.5626],[21.2125,46.559],[21.2142,46.5555],[21.2255,46.5448],[21.2232,46.5412],[21.2184,46.5384],[21.217,46.5361],[21.2176,46.5357],[21.2173,46.5328],[21.215,46.5276],[21.2111,46.5236],[21.2101,46.5219],[21.2102,46.5201],[21.2056,46.514],[21.2034,46.5124],[21.2031,46.507],[21.2008,46.5041],[21.1998,46.5013],[21.1992,46.4958],[21.1995,46.4936],[21.198,46.4896],[21.1915,46.4844],[21.189,46.4804],[21.1876,46.4791],[21.1732,46.4841],[21.1695,46.4847],[21.1539,46.485],[21.1528,46.4858],[21.1594,46.4959],[21.1532,46.4978],[21.1481,46.5004],[21.1446,46.501],[21.1418,46.5029],[21.1371,46.505],[21.1312,46.5094],[21.1425,46.513],[21.1361,46.5234],[21.1335,46.5225],[21.127,46.5228],[21.1298,46.5355],[21.1262,46.5347],[21.1198,46.5445],[21.1113,46.5476],[21.1027,46.5388],[21.1003,46.5396],[21.0958,46.5409],[21.0778,46.5434],[21.064,46.5459],[21.0476,46.546],[21.0401,46.5473],[21.0387,46.5445],[21.011,46.5503],[21.006,46.552],[20.9901,46.5607],[20.9803,46.5604],[20.9752,46.5602],[20.9687,46.5601],[20.9299,46.5572],[20.9174,46.5745],[20.9105,46.5744],[20.8551,46.5738],[20.8359,46.5725],[20.8304,46.5725],[20.8205,46.5766],[20.7951,46.5756],[20.7968,46.5783],[20.7978,46.5825],[20.798,46.6074],[20.7238,46.6266],[20.7216,46.6316],[20.7191,46.6394],[20.7181,46.646],[20.7183,46.6489],[20.7202,46.6553],[20.718,46.659],[20.7148,46.6624],[20.7131,46.6632],[20.7083,46.6672],[20.7444,46.6822],[20.7542,46.6848],[20.7745,46.6888],[20.7569,46.7167],[20.7503,46.7248],[20.7326,46.7446]]]}},{"type":"Feature","properties":{"id":"0402","name":"Békés vármegye 02. OEVK","regionId":"bekes","center":"Békés"},"geometry":{"type":"Polygon","coordinates":[[[20.7078,47.035],[20.71,47.0339],[20.7115,47.0337],[20.7167,47.0342],[20.7203,47.0312],[20.7229,47.0304],[20.7257,47.0341],[20.7278,47.0435],[20.746,47.051],[20.7563,47.053],[20.7599,47.0459],[20.7601,47.0429],[20.7595,47.0378],[20.7598,47.0357],[20.8062,47.0367],[20.8113,47.0377],[20.8029,47.046],[20.8123,47.0474],[20.8119,47.048],[20.8259,47.0521],[20.8353,47.0576],[20.8382,47.061],[20.8405,47.0596],[20.8415,47.0647],[20.844,47.0694],[20.8485,47.0667],[20.8489,47.067],[20.8568,47.0646],[20.8565,47.0612],[20.8613,47.0628],[20.8616,47.0634],[20.86,47.0654],[20.8615,47.0669],[20.8476,47.0739],[20.8445,47.0762],[20.8433,47.079],[20.8452,47.0823],[20.8511,47.0894],[20.8521,47.0925],[20.8503,47.093],[20.8441,47.0931],[20.8465,47.0965],[20.8477,47.0999],[20.8478,47.1036],[20.8452,47.1087],[20.8455,47.1096],[20.8448,47.1123],[20.8449,47.1166],[20.8516,47.118],[20.8544,47.1181],[20.8669,47.1201],[20.8682,47.1207],[20.8669,47.1216],[20.8646,47.1215],[20.8616,47.1235],[20.8603,47.1265],[20.8609,47.1318],[20.8605,47.1336],[20.8565,47.1374],[20.8559,47.1389],[20.8477,47.1482],[20.894,47.1743],[20.9097,47.173],[20.9108,47.1757],[20.9179,47.1812],[20.9198,47.1819],[20.9257,47.1826],[20.9265,47.1835],[20.9266,47.1851],[20.9325,47.1876],[20.9434,47.1861],[20.9454,47.1865],[20.946,47.1874],[20.9463,47.1896],[20.9533,47.2032],[20.9551,47.2087],[20.9631,47.2188],[20.9676,47.2254],[20.9776,47.2306],[20.9878,47.2257],[20.9921,47.2323],[21.0029,47.2318],[21.0096,47.2319],[21.0143,47.2247],[21.02,47.2254],[21.0516,47.1904],[21.0618,47.1924],[21.0657,47.1937],[21.0607,47.2089],[21.0681,47.2073],[21.1025,47.1866],[21.1139,47.1799],[21.1218,47.1765],[21.1254,47.1748],[21.1185,47.161],[21.1204,47.1527],[21.123,47.1518],[21.1194,47.148],[21.1181,47.1391],[21.0638,47.1261],[21.0493,47.1272],[21.0489,47.1259],[21.0326,47.1254],[21.0434,47.1164],[21.0445,47.116],[21.047,47.116],[21.0476,47.1085],[21.0484,47.1066],[21.0508,47.1042],[21.0555,47.1017],[21.0635,47.0964],[21.0599,47.0867],[21.0517,47.0709],[21.0358,47.0643],[21.0435,47.0586],[21.0556,47.0536],[21.0544,47.0502],[21.0531,47.0486],[21.0492,47.047],[21.0463,47.0462],[21.0341,47.0451],[21.0321,47.0445],[21.0285,47.0424],[21.0242,47.0423],[21.0177,47.0443],[21.0117,47.0455],[21.0128,47.0405],[21.0108,47.0403],[21.0178,47.0269],[21.0185,47.0149],[21.0221,47.0191],[21.0267,47.0206],[21.0286,47.0207],[21.0404,47.0182],[21.0483,47.0196],[21.049,47.027],[21.0559,47.0255],[21.0678,47.0212],[21.0761,47.0189],[21.0839,47.0186],[21.0892,47.0178],[21.0941,47.0162],[21.0977,47.0138],[21.1036,47.0138],[21.1075,47.0118],[21.1105,47.0108],[21.1245,47.007],[21.1217,46.9896],[21.1211,46.9884],[21.1235,46.9847],[21.1235,46.9832],[21.1213,46.9831],[21.1197,46.9825],[21.1145,46.9782],[21.112,46.977],[21.111,46.9767],[21.1083,46.9771],[21.1005,46.9753],[21.0981,46.974],[21.0958,46.9723],[21.0962,46.9714],[21.0992,46.9697],[21.0984,46.968],[21.103,46.9677],[21.1026,46.9696],[21.1028,46.9706],[21.1038,46.9711],[21.1046,46.9708],[21.1051,46.9684],[21.104,46.9662],[21.104,46.9641],[21.1047,46.9626],[21.1075,46.9599],[21.1105,46.9601],[21.1121,46.9605],[21.1147,46.9598],[21.1179,46.9598],[21.1209,46.9588],[21.1241,46.9647],[21.1356,46.9572],[21.141,46.947],[21.1423,46.9429],[21.145,46.9308],[21.1454,46.9204],[21.1851,46.9299],[21.1909,46.9269],[21.2016,46.9227],[21.2021,46.9205],[21.1986,46.9183],[21.2,46.9145],[21.1848,46.9127],[21.1857,46.9087],[21.1678,46.9066],[21.1658,46.9143],[21.1598,46.9135],[21.1537,46.9146],[21.1559,46.9087],[21.1503,46.9075],[21.1518,46.9041],[21.1551,46.8988],[21.1564,46.8985],[21.1567,46.8978],[21.1557,46.8969],[21.1561,46.8964],[21.1586,46.8966],[21.1608,46.8962],[21.1616,46.8953],[21.1619,46.8935],[21.1641,46.8915],[21.1634,46.8895],[21.1609,46.8887],[21.1595,46.8891],[21.1589,46.8877],[21.1609,46.8877],[21.1619,46.8842],[21.1364,46.8769],[21.1371,46.8762],[21.1356,46.875],[21.1351,46.8731],[21.1361,46.8716],[21.1378,46.8704],[21.1049,46.8456],[21.1074,46.8457],[21.1087,46.8457],[21.1127,46.8439],[21.1191,46.842],[21.1652,46.8336],[21.1653,46.8339],[21.1654,46.833],[21.1683,46.8326],[21.1685,46.8333],[21.1868,46.83],[21.1901,46.8297],[21.1896,46.828],[21.1851,46.8267],[21.1849,46.8262],[21.1873,46.8221],[21.1883,46.8188],[21.1881,46.8162],[21.1897,46.8143],[21.1892,46.814],[21.1943,46.8038],[21.2196,46.7705],[21.2184,46.769],[21.2179,46.7672],[21.2165,46.7668],[21.2162,46.765],[21.2105,46.7574],[21.207,46.7294],[21.185,46.7312],[21.1527,46.7339],[21.1526,46.7343],[21.1509,46.7341],[21.1506,46.7337],[21.1436,46.7313],[21.1425,46.7322],[21.1401,46.7331],[21.1377,46.7326],[21.1361,46.734],[21.1343,46.7326],[21.1348,46.7302],[21.1344,46.7289],[21.1287,46.7221],[21.1281,46.7198],[21.1245,46.7177],[21.1235,46.7167],[21.1214,46.7157],[21.1167,46.7153],[21.0917,46.7164],[21.0873,46.7194],[21.0856,46.7476],[21.0809,46.7437],[21.0808,46.7443],[21.0759,46.7443],[21.0764,46.7356],[21.0711,46.7355],[21.071,46.7366],[21.0696,46.7378],[21.071,46.7413],[21.0707,46.7424],[21.0666,46.7404],[21.0605,46.7457],[20.998,46.7156],[20.9733,46.7302],[20.9673,46.7286],[20.958,46.7228],[20.9511,46.7212],[20.9361,46.7165],[20.9185,46.7268],[20.9241,46.7296],[20.9181,46.7349],[20.9207,46.7361],[20.9044,46.7527],[20.9054,46.7532],[20.8942,46.7641],[20.8891,46.7617],[20.8884,46.7641],[20.8863,46.7657],[20.8845,46.7683],[20.8774,46.7714],[20.8572,46.7727],[20.8386,46.7789],[20.8082,46.8051],[20.7924,46.8155],[20.7881,46.7918],[20.7873,46.7877],[20.7821,46.776],[20.7644,46.7842],[20.7571,46.7706],[20.7582,46.7692],[20.7578,46.7683],[20.7438,46.7421],[20.7326,46.7446],[20.7248,46.7464],[20.6997,46.7473],[20.6854,46.7487],[20.6139,46.7568],[20.5959,46.7596],[20.5782,46.768],[20.5628,46.776],[20.542,46.7735],[20.5218,46.773],[20.5034,46.7733],[20.493,46.787],[20.4849,46.7923],[20.4803,46.7955],[20.4712,46.7994],[20.4679,46.8016],[20.4635,46.8054],[20.4565,46.8097],[20.4534,46.812],[20.4499,46.8109],[20.4427,46.8073],[20.439,46.8069],[20.4353,46.8052],[20.4304,46.8042],[20.4243,46.8035],[20.422,46.8144],[20.4183,46.8202],[20.4184,46.8233],[20.4173,46.8279],[20.4167,46.8345],[20.4104,46.8505],[20.4076,46.8592],[20.4107,46.8616],[20.4168,46.8647],[20.4177,46.8657],[20.427,46.8706],[20.4329,46.8743],[20.4369,46.8788],[20.4436,46.8894],[20.453,46.8955],[20.4516,46.8967],[20.452,46.8981],[20.4541,46.8995],[20.4578,46.9008],[20.46,46.9028],[20.4732,46.8973],[20.4742,46.8968],[20.4751,46.895],[20.4761,46.8941],[20.4865,46.8914],[20.4908,46.8908],[20.4944,46.8909],[20.4978,46.8903],[20.5375,46.9001],[20.5389,46.9009],[20.5389,46.9014],[20.5396,46.9012],[20.5402,46.9021],[20.545,46.9052],[20.546,46.9067],[20.5466,46.9104],[20.5457,46.9136],[20.5462,46.9146],[20.5533,46.917],[20.5548,46.9167],[20.5602,46.9133],[20.5825,46.9119],[20.5875,46.9124],[20.5896,46.913],[20.5987,46.9182],[20.6015,46.9179],[20.6047,46.9167],[20.6061,46.9168],[20.6069,46.9172],[20.6414,46.9002],[20.6626,46.9098],[20.6726,46.9138],[20.6805,46.913],[20.6843,46.9118],[20.6932,46.9107],[20.7042,46.9212],[20.7093,46.924],[20.7206,46.9315],[20.72,46.9332],[20.7202,46.9348],[20.7212,46.9364],[20.7251,46.9388],[20.7269,46.9406],[20.7276,46.9455],[20.7274,46.9464],[20.726,46.9473],[20.7255,46.9486],[20.7275,46.9533],[20.7269,46.9546],[20.7256,46.9556],[20.7224,46.9559],[20.7167,46.9552],[20.7111,46.9554],[20.7061,46.9571],[20.7045,46.9586],[20.7042,46.9595],[20.7045,46.9603],[20.7055,46.9609],[20.7097,46.9622],[20.7122,46.9625],[20.7169,46.9602],[20.724,46.9581],[20.7255,46.9586],[20.7263,46.9593],[20.7268,46.9611],[20.7254,46.9645],[20.7226,46.9681],[20.7165,46.9706],[20.7139,46.9732],[20.7137,46.9747],[20.7142,46.9752],[20.7204,46.9753],[20.7094,46.978],[20.711,46.9841],[20.7122,46.986],[20.7133,46.9961],[20.7184,47.0001],[20.7164,47.0005],[20.7158,47.0013],[20.7165,47.0054],[20.7121,47.0097],[20.7107,47.012],[20.7023,47.0123],[20.702,47.0155],[20.7078,47.035]]]}},{"type":"Feature","properties":{"id":"0501","name":"Borsod-Abaúj-Zemplén vármegye 01. OEVK","regionId":"borsod","center":"Miskolc"},"geometry":{"type":"Polygon","coordinates":[[[20.8942,48.1791],[20.8978,48.1716],[20.8988,48.1675],[20.9003,48.1546],[20.8992,48.1494],[20.8973,48.1444],[20.8976,48.1385],[20.8978,48.1351],[20.895,48.1274],[20.8949,48.1213],[20.8943,48.12],[20.8922,48.1178],[20.8897,48.1126],[20.8881,48.1091],[20.8886,48.1073],[20.8912,48.1041],[20.8927,48.1035],[20.8938,48.1022],[20.8965,48.1004],[20.9033,48.1021],[20.9052,48.1018],[20.9071,48.1026],[20.9112,48.1018],[20.9174,48.1024],[20.9198,48.0979],[20.9201,48.098],[20.919,48.1001],[20.9293,48.101],[20.9305,48.0999],[20.9359,48.1009],[20.9387,48.0988],[20.9386,48.0984],[20.9429,48.0939],[20.9422,48.0926],[20.9378,48.0917],[20.9363,48.0905],[20.936,48.0895],[20.9375,48.0892],[20.9378,48.0883],[20.9393,48.0894],[20.941,48.0892],[20.9428,48.0875],[20.9458,48.086],[20.9469,48.085],[20.9461,48.0836],[20.9471,48.0812],[20.95,48.0782],[20.9505,48.0784],[20.954,48.0764],[20.9537,48.0761],[20.9545,48.0728],[20.9547,48.0704],[20.9536,48.0676],[20.9521,48.0658],[20.9482,48.065],[20.9377,48.0645],[20.9324,48.0637],[20.9291,48.0628],[20.9246,48.0648],[20.9189,48.0639],[20.9159,48.0637],[20.9159,48.0616],[20.9145,48.0575],[20.913,48.0555],[20.9054,48.0519],[20.8999,48.0502],[20.8995,48.0493],[20.898,48.0484],[20.8907,48.0462],[20.8888,48.048],[20.8854,48.0478],[20.8838,48.0485],[20.883,48.0498],[20.8826,48.0528],[20.8805,48.0538],[20.8806,48.0543],[20.8793,48.0553],[20.8772,48.0563],[20.8724,48.0566],[20.867,48.0587],[20.8674,48.0616],[20.863,48.0628],[20.86,48.0646],[20.8519,48.0662],[20.8503,48.0661],[20.8475,48.0645],[20.8475,48.0636],[20.8482,48.0633],[20.8474,48.0626],[20.8484,48.0625],[20.8489,48.062],[20.8486,48.0608],[20.8496,48.0601],[20.8507,48.0565],[20.8522,48.0536],[20.851,48.0524],[20.8527,48.052],[20.8519,48.0507],[20.8519,48.0487],[20.8465,48.0489],[20.844,48.05],[20.8395,48.049],[20.8359,48.0501],[20.8342,48.0514],[20.8301,48.0496],[20.8239,48.0407],[20.8188,48.0407],[20.8112,48.0376],[20.8071,48.0365],[20.8018,48.0338],[20.8,48.0335],[20.797,48.0336],[20.7922,48.0305],[20.7907,48.0287],[20.79,48.0267],[20.7881,48.0275],[20.7869,48.0303],[20.7823,48.0352],[20.7742,48.0364],[20.7741,48.0365],[20.7737,48.0379],[20.7712,48.0401],[20.7696,48.0408],[20.769,48.0414],[20.7691,48.0425],[20.7686,48.0436],[20.7682,48.0442],[20.7681,48.0451],[20.7681,48.0461],[20.7697,48.047],[20.7707,48.0478],[20.7708,48.0488],[20.77,48.0505],[20.7694,48.0506],[20.7682,48.0502],[20.7664,48.0498],[20.7646,48.0497],[20.7623,48.0499],[20.7602,48.0502],[20.761,48.0517],[20.7629,48.0533],[20.7658,48.0557],[20.7713,48.062],[20.7734,48.0637],[20.7744,48.0645],[20.775,48.0651],[20.7784,48.0652],[20.7777,48.0658],[20.7768,48.0664],[20.7753,48.0685],[20.7741,48.0694],[20.7727,48.0705],[20.7714,48.0715],[20.7701,48.0725],[20.7685,48.073],[20.7668,48.0735],[20.7661,48.0739],[20.7648,48.0752],[20.7644,48.0754],[20.7652,48.0759],[20.7664,48.0764],[20.7678,48.0767],[20.7692,48.0768],[20.7718,48.0766],[20.7722,48.0778],[20.7722,48.0784],[20.7719,48.0796],[20.7715,48.0808],[20.7714,48.0811],[20.7714,48.0814],[20.7713,48.0819],[20.7712,48.0821],[20.7709,48.0824],[20.77,48.0832],[20.7697,48.0836],[20.7696,48.0838],[20.7695,48.0843],[20.7693,48.0854],[20.7685,48.0877],[20.7679,48.0885],[20.7675,48.0889],[20.7672,48.0892],[20.7677,48.0901],[20.768,48.0904],[20.768,48.0905],[20.768,48.0906],[20.768,48.0907],[20.768,48.0908],[20.7679,48.0909],[20.7677,48.0912],[20.7674,48.0921],[20.7672,48.0924],[20.7662,48.093],[20.766,48.0931],[20.7654,48.0939],[20.7652,48.0941],[20.7651,48.0941],[20.7657,48.0946],[20.767,48.0956],[20.7677,48.0959],[20.7708,48.0972],[20.7729,48.098],[20.7736,48.0984],[20.7745,48.0987],[20.7759,48.0989],[20.7772,48.0992],[20.7779,48.0995],[20.7787,48.0995],[20.779,48.0995],[20.7793,48.0994],[20.7797,48.0995],[20.7797,48.0997],[20.7795,48.0998],[20.7791,48.1004],[20.7792,48.1004],[20.7803,48.0999],[20.7812,48.0997],[20.7826,48.1002],[20.7835,48.0998],[20.785,48.0993],[20.7853,48.0984],[20.7855,48.0978],[20.7857,48.0976],[20.786,48.0978],[20.7869,48.0992],[20.7875,48.1],[20.7877,48.1003],[20.7882,48.101],[20.7886,48.1015],[20.789,48.1022],[20.7878,48.1023],[20.7865,48.1021],[20.7855,48.102],[20.7855,48.1025],[20.7854,48.1034],[20.7876,48.1033],[20.7891,48.1035],[20.7891,48.1037],[20.7887,48.1044],[20.7884,48.1053],[20.7882,48.106],[20.7879,48.1067],[20.7876,48.1071],[20.788,48.1071],[20.7889,48.1069],[20.7893,48.107],[20.7892,48.1071],[20.7892,48.1072],[20.789,48.1074],[20.7888,48.1078],[20.7884,48.1087],[20.7883,48.109],[20.7883,48.1091],[20.7883,48.1094],[20.7882,48.1101],[20.7882,48.1106],[20.7886,48.1114],[20.7888,48.1122],[20.789,48.1128],[20.7894,48.1139],[20.7896,48.1145],[20.79,48.1153],[20.79,48.1157],[20.7899,48.1163],[20.7893,48.1176],[20.7879,48.1203],[20.7869,48.1221],[20.7839,48.128],[20.7831,48.1294],[20.7795,48.1363],[20.7792,48.1363],[20.7787,48.1374],[20.768,48.1341],[20.7658,48.1341],[20.7651,48.1333],[20.7634,48.1328],[20.7591,48.1333],[20.7569,48.1331],[20.7564,48.1333],[20.7554,48.1343],[20.7545,48.1355],[20.753,48.1376],[20.7517,48.1387],[20.7505,48.1405],[20.7468,48.1427],[20.7437,48.1465],[20.7418,48.1479],[20.7404,48.1484],[20.7383,48.1495],[20.7369,48.1533],[20.7357,48.155],[20.7348,48.157],[20.7358,48.1577],[20.7384,48.1596],[20.7394,48.163],[20.7414,48.1643],[20.7426,48.1652],[20.742,48.1681],[20.7427,48.169],[20.7435,48.1691],[20.7437,48.1724],[20.7461,48.1747],[20.7474,48.1754],[20.7506,48.1753],[20.7509,48.1754],[20.7591,48.1816],[20.763,48.1829],[20.768,48.1835],[20.7769,48.1864],[20.7869,48.1928],[20.7886,48.1926],[20.7902,48.1938],[20.7909,48.1939],[20.791,48.1926],[20.7894,48.1928],[20.7895,48.1924],[20.7887,48.1921],[20.7895,48.1916],[20.7928,48.1921],[20.7938,48.1931],[20.7951,48.1933],[20.7962,48.1924],[20.7967,48.1926],[20.7967,48.1939],[20.7975,48.194],[20.7975,48.1931],[20.7986,48.1928],[20.7987,48.1937],[20.7978,48.1943],[20.7998,48.1947],[20.8001,48.1925],[20.801,48.1923],[20.8016,48.1928],[20.8028,48.1929],[20.8053,48.1898],[20.806,48.1895],[20.8071,48.1899],[20.8078,48.189],[20.8055,48.187],[20.8068,48.1856],[20.8074,48.1868],[20.8087,48.187],[20.8103,48.1848],[20.8089,48.1844],[20.8075,48.1848],[20.806,48.1847],[20.8051,48.1853],[20.8041,48.1852],[20.8034,48.1861],[20.8025,48.1848],[20.804,48.1833],[20.805,48.1831],[20.807,48.1832],[20.8072,48.1843],[20.8079,48.1845],[20.8087,48.1841],[20.8091,48.1833],[20.8108,48.1844],[20.8104,48.185],[20.8115,48.1846],[20.8108,48.1834],[20.8111,48.1827],[20.8096,48.1823],[20.81,48.1819],[20.8085,48.1815],[20.8078,48.1797],[20.8067,48.1793],[20.8057,48.1804],[20.8051,48.1796],[20.8046,48.1807],[20.8034,48.1801],[20.8024,48.1784],[20.8016,48.1743],[20.8046,48.1689],[20.8191,48.164],[20.8313,48.158],[20.837,48.1496],[20.8372,48.1485],[20.8396,48.1456],[20.8413,48.1446],[20.8462,48.1468],[20.8516,48.1515],[20.8521,48.1512],[20.8539,48.1519],[20.8547,48.154],[20.8539,48.1558],[20.8596,48.1564],[20.8613,48.1573],[20.8663,48.1621],[20.8797,48.1698],[20.8815,48.1719],[20.8942,48.1791]]]}},{"type":"Feature","properties":{"id":"0403","name":"Békés vármegye 03. OEVK","regionId":"bekes","center":"Gyula"},"geometry":{"type":"Polygon","coordinates":[[[21.1254,47.1748],[21.1687,47.1704],[21.2105,47.1648],[21.2304,47.1502],[21.2344,47.151],[21.2406,47.153],[21.243,47.1522],[21.2548,47.147],[21.261,47.1472],[21.2686,47.1467],[21.2731,47.1469],[21.2731,47.1472],[21.2939,47.1479],[21.3009,47.1507],[21.2942,47.1311],[21.2955,47.1298],[21.2969,47.1298],[21.2997,47.1291],[21.3015,47.126],[21.3009,47.1244],[21.3013,47.1209],[21.301,47.1175],[21.3,47.1171],[21.3044,47.1141],[21.3076,47.1107],[21.2919,47.1036],[21.2942,47.0988],[21.2953,47.0946],[21.2958,47.0912],[21.2956,47.0866],[21.2884,47.0816],[21.2323,47.0598],[21.232,47.0594],[21.233,47.0542],[21.2343,47.0517],[21.237,47.0492],[21.2393,47.0444],[21.2407,47.0372],[21.2395,47.0346],[21.2353,47.0306],[21.2337,47.026],[21.2332,47.0231],[21.2385,47.0169],[21.2472,47.0097],[21.2478,47.0067],[21.2491,47.0069],[21.2535,47.0096],[21.255,47.0094],[21.2642,47.0067],[21.2692,47.0046],[21.2749,47.0039],[21.2917,46.999],[21.3202,46.9912],[21.355,46.9806],[21.3552,46.9798],[21.355,46.9794],[21.3554,46.9797],[21.3688,46.979],[21.3895,46.9777],[21.3916,46.9779],[21.3952,46.9769],[21.4024,46.9762],[21.4052,46.9762],[21.4078,46.9769],[21.4132,46.9762],[21.4148,46.9765],[21.4179,46.9757],[21.4193,46.9747],[21.4212,46.9746],[21.4255,46.9689],[21.4387,46.9708],[21.4393,46.9658],[21.4428,46.9586],[21.4306,46.9573],[21.4317,46.9514],[21.4256,46.9508],[21.4257,46.9473],[21.4237,46.9429],[21.4439,46.9563],[21.4721,46.9492],[21.4769,46.9422],[21.4795,46.9414],[21.4818,46.9437],[21.4829,46.9415],[21.4848,46.9412],[21.4862,46.9414],[21.4888,46.943],[21.4891,46.945],[21.4907,46.9465],[21.4943,46.9476],[21.4947,46.9493],[21.4971,46.9518],[21.4992,46.9495],[21.4998,46.9496],[21.5013,46.9516],[21.5028,46.9502],[21.5037,46.9501],[21.5141,46.9545],[21.5151,46.9517],[21.5172,46.9512],[21.5179,46.952],[21.518,46.9531],[21.5189,46.9534],[21.5207,46.9532],[21.5214,46.9537],[21.52,46.9551],[21.5203,46.9559],[21.5218,46.9567],[21.5232,46.9569],[21.5241,46.9568],[21.5243,46.9548],[21.5256,46.9528],[21.5292,46.9525],[21.5296,46.9522],[21.5292,46.9512],[21.5296,46.9509],[21.5343,46.9517],[21.5353,46.9522],[21.5354,46.9535],[21.5346,46.9548],[21.5353,46.9573],[21.5383,46.9598],[21.5389,46.961],[21.5401,46.9611],[21.5426,46.9594],[21.5432,46.9595],[21.5433,46.9608],[21.5453,46.9607],[21.5483,46.9591],[21.5539,46.96],[21.5547,46.9598],[21.5565,46.9607],[21.5631,46.9615],[21.5536,46.9783],[21.5573,46.9884],[21.5647,46.9928],[21.5672,46.9992],[21.5674,47.0007],[21.5692,47.0028],[21.5705,47.0017],[21.5726,47.0016],[21.572,47.0013],[21.5755,46.9989],[21.594,46.9971],[21.5993,46.9979],[21.6035,46.9981],[21.6119,47.0035],[21.615,47.0045],[21.6185,47.0051],[21.6189,47.006],[21.6208,47.0062],[21.6211,47.0073],[21.624,47.0078],[21.6239,47.0086],[21.6229,47.0096],[21.62,47.0106],[21.6203,47.0121],[21.6193,47.0136],[21.6231,47.0141],[21.6245,47.0131],[21.6254,47.0132],[21.6265,47.0145],[21.6286,47.0157],[21.6284,47.0161],[21.6266,47.0161],[21.6263,47.0166],[21.6273,47.0185],[21.6275,47.0205],[21.6329,47.0227],[21.6347,47.0239],[21.6398,47.025],[21.6414,47.0216],[21.6417,47.0176],[21.6525,47.019],[21.6582,47.0216],[21.6593,47.0226],[21.6609,47.0214],[21.6608,47.0206],[21.6616,47.0203],[21.6779,47.0184],[21.6784,47.0122],[21.6813,47.0059],[21.6827,47.004],[21.688,47.0031],[21.689,47.0018],[21.6875,46.9994],[21.6853,46.9994],[21.6831,46.9985],[21.6793,46.998],[21.676,46.9925],[21.6776,46.9891],[21.6762,46.9861],[21.673,46.9833],[21.6728,46.9817],[21.6704,46.9801],[21.6705,46.9783],[21.6705,46.9766],[21.6686,46.9729],[21.6679,46.9702],[21.6764,46.9692],[21.6819,46.9669],[21.6816,46.9649],[21.6788,46.9604],[21.6757,46.9591],[21.6732,46.9537],[21.6635,46.9548],[21.6601,46.9559],[21.658,46.956],[21.6583,46.955],[21.6564,46.9525],[21.6555,46.9521],[21.6559,46.9499],[21.6512,46.9477],[21.6501,46.9455],[21.6503,46.944],[21.6491,46.943],[21.6408,46.9389],[21.6383,46.933],[21.6062,46.9325],[21.604,46.9322],[21.5987,46.9275],[21.5974,46.918],[21.5994,46.9161],[21.599,46.9092],[21.6002,46.9092],[21.6002,46.9065],[21.601,46.9053],[21.6027,46.904],[21.6071,46.9043],[21.6074,46.9021],[21.61,46.8953],[21.6114,46.8928],[21.612,46.8928],[21.6142,46.8865],[21.6061,46.886],[21.6035,46.885],[21.6011,46.8789],[21.6033,46.8687],[21.602,46.8666],[21.6012,46.8658],[21.5977,46.8647],[21.5977,46.8627],[21.5968,46.8613],[21.5952,46.8605],[21.5877,46.8605],[21.5844,46.8599],[21.5812,46.8584],[21.5809,46.8575],[21.5762,46.8571],[21.57,46.8555],[21.5691,46.8539],[21.5603,46.854],[21.557,46.8537],[21.5525,46.8509],[21.5481,46.8488],[21.5458,46.8486],[21.5443,46.8479],[21.5379,46.8474],[21.5378,46.8441],[21.5345,46.8395],[21.532,46.8391],[21.5286,46.8396],[21.5254,46.8394],[21.523,46.839],[21.5225,46.8382],[21.5202,46.8373],[21.5192,46.8359],[21.5203,46.8333],[21.5192,46.8298],[21.5205,46.8274],[21.5189,46.8236],[21.519,46.8209],[21.5212,46.8199],[21.5211,46.817],[21.5223,46.8151],[21.5223,46.8132],[21.521,46.8119],[21.522,46.8107],[21.5222,46.8085],[21.5194,46.8054],[21.5193,46.8038],[21.5184,46.802],[21.5187,46.7999],[21.5138,46.7956],[21.5152,46.7939],[21.5117,46.79],[21.51,46.7846],[21.5092,46.7834],[21.508,46.7825],[21.4935,46.775],[21.4902,46.7758],[21.4841,46.7649],[21.4833,46.7646],[21.4852,46.7601],[21.4848,46.7585],[21.4932,46.7575],[21.5117,46.7451],[21.5267,46.7392],[21.528,46.7373],[21.5282,46.7342],[21.5303,46.7273],[21.5304,46.724],[21.5293,46.7208],[21.5245,46.7169],[21.5195,46.7138],[21.5172,46.713],[21.5158,46.7122],[21.5111,46.7117],[21.5118,46.7104],[21.5118,46.7082],[21.5124,46.7078],[21.5075,46.7048],[21.5093,46.7013],[21.5073,46.7002],[21.5076,46.6981],[21.5058,46.6973],[21.5025,46.697],[21.5002,46.6955],[21.4985,46.6941],[21.4955,46.6877],[21.4942,46.6867],[21.4935,46.6868],[21.4922,46.686],[21.4908,46.6857],[21.4893,46.6862],[21.4886,46.6873],[21.4837,46.6917],[21.4824,46.6921],[21.4805,46.6919],[21.4792,46.6922],[21.4779,46.693],[21.4775,46.6942],[21.4744,46.6943],[21.473,46.6956],[21.4701,46.6946],[21.4697,46.6954],[21.4512,46.6885],[21.4344,46.6956],[21.43,46.6938],[21.4301,46.6928],[21.4276,46.6891],[21.4286,46.6877],[21.4286,46.6858],[21.4316,46.6822],[21.4303,46.68],[21.4313,46.6778],[21.4351,46.6749],[21.4382,46.6701],[21.4413,46.6686],[21.442,46.6669],[21.4428,46.6664],[21.4466,46.6659],[21.45,46.6668],[21.4531,46.6666],[21.4557,46.667],[21.4547,46.6607],[21.4516,46.6594],[21.4492,46.658],[21.4415,46.6514],[21.4325,46.6481],[21.4217,46.6465],[21.4164,46.6425],[21.4152,46.6378],[21.414,46.6356],[21.4118,46.6256],[21.41,46.6218],[21.3812,46.6284],[21.3784,46.6332],[21.3656,46.6378],[21.3532,46.6302],[21.3525,46.6306],[21.3485,46.631],[21.3478,46.6313],[21.3389,46.6301],[21.3348,46.629],[21.33,46.6316],[21.3248,46.6281],[21.3141,46.6176],[21.3137,46.6154],[21.3069,46.6018],[21.3068,46.5989],[21.3032,46.5949],[21.3011,46.5908],[21.307,46.5864],[21.3084,46.5875],[21.314,46.5841],[21.3161,46.5856],[21.3208,46.5828],[21.3144,46.5751],[21.3076,46.5679],[21.3049,46.5661],[21.3034,46.5643],[21.305,46.5606],[21.2975,46.5534],[21.2936,46.5522],[21.2917,46.5472],[21.2896,46.5443],[21.2803,46.545],[21.2742,46.5407],[21.2762,46.535],[21.2604,46.502],[21.2626,46.4974],[21.2699,46.4868],[21.2728,46.4834],[21.2743,46.4765],[21.2841,46.4772],[21.2918,46.4762],[21.2963,46.4762],[21.3024,46.4686],[21.2583,46.4695],[21.2546,46.4687],[21.2082,46.4656],[21.1848,46.4719],[21.1876,46.4791],[21.189,46.4804],[21.1915,46.4844],[21.198,46.4896],[21.1995,46.4936],[21.1992,46.4958],[21.1998,46.5013],[21.2008,46.5041],[21.2031,46.507],[21.2034,46.5124],[21.2056,46.514],[21.2102,46.5201],[21.2101,46.5219],[21.2111,46.5236],[21.215,46.5276],[21.2173,46.5328],[21.2176,46.5357],[21.217,46.5361],[21.2184,46.5384],[21.2232,46.5412],[21.2255,46.5448],[21.2142,46.5555],[21.2125,46.559],[21.2116,46.5626],[21.2094,46.5654],[21.208,46.5663],[21.2051,46.5661],[21.1985,46.5642],[21.1889,46.5638],[21.1864,46.563],[21.1837,46.5615],[21.1816,46.561],[21.1796,46.5591],[21.1764,46.5582],[21.1722,46.5584],[21.1546,46.5618],[21.1363,46.5633],[21.1362,46.5665],[21.1371,46.5692],[21.1381,46.5706],[21.1379,46.5716],[21.1385,46.5722],[21.1395,46.5721],[21.1407,46.5734],[21.1407,46.5763],[21.1403,46.5773],[21.1409,46.578],[21.1455,46.5784],[21.1463,46.5821],[21.1453,46.5828],[21.1452,46.5835],[21.1404,46.5893],[21.1329,46.5957],[21.1344,46.5985],[21.1383,46.6034],[21.1398,46.6104],[21.1389,46.6423],[21.1384,46.6455],[21.1554,46.6465],[21.1566,46.6469],[21.161,46.6521],[21.1667,46.6559],[21.1738,46.663],[21.1785,46.6667],[21.1802,46.6725],[21.1842,46.672],[21.1859,46.6722],[21.1874,46.6716],[21.1897,46.6718],[21.1916,46.6725],[21.194,46.6705],[21.1962,46.6697],[21.1975,46.6698],[21.1995,46.6707],[21.2004,46.6688],[21.2028,46.6675],[21.2018,46.6658],[21.2048,46.6633],[21.2087,46.6641],[21.2175,46.6673],[21.2179,46.6679],[21.2205,46.6689],[21.222,46.6689],[21.2247,46.6676],[21.2262,46.6674],[21.2275,46.6679],[21.2286,46.6693],[21.2299,46.6696],[21.2312,46.6689],[21.2321,46.6675],[21.2355,46.6676],[21.2356,46.6684],[21.2329,46.6704],[21.2338,46.6739],[21.228,46.6765],[21.2336,46.6975],[21.2346,46.6986],[21.2355,46.6986],[21.2355,46.6993],[21.2318,46.7013],[21.222,46.7121],[21.2193,46.7145],[21.2118,46.7165],[21.2057,46.7196],[21.1938,46.7163],[21.185,46.7312],[21.207,46.7294],[21.2105,46.7574],[21.2162,46.765],[21.2165,46.7668],[21.2179,46.7672],[21.2184,46.769],[21.2196,46.7705],[21.1943,46.8038],[21.1892,46.814],[21.1897,46.8143],[21.1881,46.8162],[21.1883,46.8188],[21.1873,46.8221],[21.1849,46.8262],[21.1851,46.8267],[21.1896,46.828],[21.1901,46.8297],[21.1868,46.83],[21.1685,46.8333],[21.1683,46.8326],[21.1654,46.833],[21.1653,46.8339],[21.1652,46.8336],[21.1191,46.842],[21.1127,46.8439],[21.1087,46.8457],[21.1074,46.8457],[21.1049,46.8456],[21.1378,46.8704],[21.1361,46.8716],[21.1351,46.8731],[21.1356,46.875],[21.1371,46.8762],[21.1364,46.8769],[21.1619,46.8842],[21.1609,46.8877],[21.1589,46.8877],[21.1595,46.8891],[21.1609,46.8887],[21.1634,46.8895],[21.1641,46.8915],[21.1619,46.8935],[21.1616,46.8953],[21.1608,46.8962],[21.1586,46.8966],[21.1561,46.8964],[21.1557,46.8969],[21.1567,46.8978],[21.1564,46.8985],[21.1551,46.8988],[21.1518,46.9041],[21.1503,46.9075],[21.1559,46.9087],[21.1537,46.9146],[21.1598,46.9135],[21.1658,46.9143],[21.1678,46.9066],[21.1857,46.9087],[21.1848,46.9127],[21.2,46.9145],[21.1986,46.9183],[21.2021,46.9205],[21.2016,46.9227],[21.1909,46.9269],[21.1851,46.9299],[21.1454,46.9204],[21.145,46.9308],[21.1423,46.9429],[21.141,46.947],[21.1356,46.9572],[21.1241,46.9647],[21.1209,46.9588],[21.1179,46.9598],[21.1147,46.9598],[21.1121,46.9605],[21.1105,46.9601],[21.1075,46.9599],[21.1047,46.9626],[21.104,46.9641],[21.104,46.9662],[21.1051,46.9684],[21.1046,46.9708],[21.1038,46.9711],[21.1028,46.9706],[21.1026,46.9696],[21.103,46.9677],[21.0984,46.968],[21.0992,46.9697],[21.0962,46.9714],[21.0958,46.9723],[21.0981,46.974],[21.1005,46.9753],[21.1083,46.9771],[21.111,46.9767],[21.112,46.977],[21.1145,46.9782],[21.1197,46.9825],[21.1213,46.9831],[21.1235,46.9832],[21.1235,46.9847],[21.1211,46.9884],[21.1217,46.9896],[21.1245,47.007],[21.1105,47.0108],[21.1075,47.0118],[21.1036,47.0138],[21.0977,47.0138],[21.0941,47.0162],[21.0892,47.0178],[21.0839,47.0186],[21.0761,47.0189],[21.0678,47.0212],[21.0559,47.0255],[21.049,47.027],[21.0483,47.0196],[21.0404,47.0182],[21.0286,47.0207],[21.0267,47.0206],[21.0221,47.0191],[21.0185,47.0149],[21.0178,47.0269],[21.0108,47.0403],[21.0128,47.0405],[21.0117,47.0455],[21.0177,47.0443],[21.0242,47.0423],[21.0285,47.0424],[21.0321,47.0445],[21.0341,47.0451],[21.0463,47.0462],[21.0492,47.047],[21.0531,47.0486],[21.0544,47.0502],[21.0556,47.0536],[21.0435,47.0586],[21.0358,47.0643],[21.0517,47.0709],[21.0599,47.0867],[21.0635,47.0964],[21.0555,47.1017],[21.0508,47.1042],[21.0484,47.1066],[21.0476,47.1085],[21.047,47.116],[21.0445,47.116],[21.0434,47.1164],[21.0326,47.1254],[21.0489,47.1259],[21.0493,47.1272],[21.0638,47.1261],[21.1181,47.1391],[21.1194,47.148],[21.123,47.1518],[21.1204,47.1527],[21.1185,47.161],[21.1254,47.1748]]]}},{"type":"Feature","properties":{"id":"0404","name":"Békés vármegye 04. OEVK","regionId":"bekes","center":"Orosháza"},"geometry":{"type":"Polygon","coordinates":[[[20.579,46.5682],[20.5753,46.6138],[20.5743,46.619],[20.5767,46.6317],[20.5691,46.6328],[20.5754,46.6647],[20.5762,46.6647],[20.5753,46.679],[20.5926,46.6799],[20.5894,46.6831],[20.5843,46.6963],[20.5844,46.7136],[20.5816,46.7192],[20.5846,46.7309],[20.5959,46.7596],[20.6139,46.7568],[20.6854,46.7487],[20.6997,46.7473],[20.7248,46.7464],[20.7326,46.7446],[20.7503,46.7248],[20.7569,46.7167],[20.7745,46.6888],[20.7542,46.6848],[20.7444,46.6822],[20.7083,46.6672],[20.7131,46.6632],[20.7148,46.6624],[20.718,46.659],[20.7202,46.6553],[20.7183,46.6489],[20.7181,46.646],[20.7191,46.6394],[20.7216,46.6316],[20.7238,46.6266],[20.798,46.6074],[20.7978,46.5825],[20.7968,46.5783],[20.7951,46.5756],[20.8205,46.5766],[20.8304,46.5725],[20.8359,46.5725],[20.8551,46.5738],[20.9105,46.5744],[20.9174,46.5745],[20.9299,46.5572],[20.9687,46.5601],[20.9752,46.5602],[20.9803,46.5604],[20.9901,46.5607],[21.006,46.552],[21.011,46.5503],[21.0387,46.5445],[21.0401,46.5473],[21.0476,46.546],[21.064,46.5459],[21.0778,46.5434],[21.0958,46.5409],[21.1003,46.5396],[21.1027,46.5388],[21.1113,46.5476],[21.1198,46.5445],[21.1262,46.5347],[21.1298,46.5355],[21.127,46.5228],[21.1335,46.5225],[21.1361,46.5234],[21.1425,46.513],[21.1312,46.5094],[21.1371,46.505],[21.1418,46.5029],[21.1446,46.501],[21.1481,46.5004],[21.1532,46.4978],[21.1594,46.4959],[21.1528,46.4858],[21.1539,46.485],[21.1695,46.4847],[21.1732,46.4841],[21.1876,46.4791],[21.1848,46.4719],[21.2082,46.4656],[21.2546,46.4687],[21.2583,46.4695],[21.3024,46.4686],[21.3178,46.4507],[21.3158,46.4505],[21.3132,46.4495],[21.3118,46.4402],[21.3034,46.4321],[21.2961,46.4232],[21.2935,46.4175],[21.2898,46.4152],[21.2895,46.4135],[21.2962,46.4067],[21.2831,46.4032],[21.2754,46.4067],[21.2589,46.4086],[21.2478,46.4105],[21.2399,46.4103],[21.2254,46.4136],[21.2225,46.4121],[21.2192,46.4111],[21.2164,46.4018],[21.2064,46.4032],[21.1966,46.3708],[21.1974,46.3697],[21.1995,46.3479],[21.1904,46.3391],[21.1762,46.3356],[21.1787,46.3305],[21.1759,46.3296],[21.1775,46.3234],[21.1761,46.3209],[21.1731,46.3184],[21.1805,46.3041],[21.1756,46.3028],[21.1744,46.3003],[21.17,46.298],[21.1675,46.2978],[21.154,46.2985],[21.1516,46.2975],[21.1476,46.2992],[21.1454,46.3046],[21.1225,46.3009],[21.1155,46.3016],[21.1118,46.2899],[21.109,46.2777],[21.1032,46.2626],[21.1029,46.2623],[21.1018,46.2626],[21.101,46.2638],[21.1003,46.264],[21.0974,46.2625],[21.0944,46.2624],[21.0933,46.2606],[21.0916,46.2594],[21.0909,46.2582],[21.0894,46.2582],[21.087,46.2591],[21.0877,46.257],[21.0864,46.255],[21.0848,46.2546],[21.0837,46.2552],[21.0833,46.2563],[21.0826,46.2564],[21.0815,46.2558],[21.0798,46.252],[21.0711,46.2539],[21.066,46.2427],[21.0599,46.2447],[21.0411,46.2478],[21.0367,46.2479],[21.025,46.2665],[21.0159,46.2632],[21.0018,46.2609],[20.9903,46.2595],[20.9708,46.2609],[20.9611,46.2622],[20.9525,46.2648],[20.9509,46.2678],[20.9467,46.2791],[20.9251,46.2763],[20.9222,46.2618],[20.8906,46.2714],[20.8734,46.2874],[20.833,46.2804],[20.7994,46.2752],[20.7892,46.2731],[20.7834,46.2736],[20.7756,46.2759],[20.7638,46.2798],[20.7487,46.2902],[20.7632,46.3412],[20.7616,46.3446],[20.7543,46.3602],[20.7489,46.3678],[20.744,46.3711],[20.7431,46.3723],[20.7388,46.3841],[20.6937,46.3807],[20.684,46.3546],[20.6827,46.3511],[20.6237,46.3545],[20.622,46.3513],[20.6132,46.3543],[20.6044,46.3566],[20.596,46.3599],[20.5958,46.3596],[20.588,46.3629],[20.586,46.3593],[20.5718,46.3654],[20.5756,46.368],[20.579,46.3712],[20.5782,46.371],[20.5489,46.3913],[20.5541,46.3994],[20.5603,46.4052],[20.5712,46.409],[20.5829,46.4082],[20.5825,46.4425],[20.5823,46.4525],[20.6051,46.4543],[20.6042,46.4566],[20.6065,46.4571],[20.602,46.4687],[20.5989,46.4682],[20.5968,46.4736],[20.5958,46.4736],[20.5946,46.4766],[20.5998,46.4786],[20.6011,46.4797],[20.5992,46.4831],[20.5988,46.4873],[20.602,46.4936],[20.6012,46.4966],[20.6026,46.4983],[20.6022,46.502],[20.6043,46.5039],[20.6045,46.5074],[20.6063,46.5125],[20.6071,46.5131],[20.6094,46.5136],[20.6114,46.5156],[20.6116,46.5179],[20.6133,46.5194],[20.6137,46.5246],[20.6146,46.5264],[20.6157,46.5272],[20.615,46.5291],[20.6134,46.5287],[20.6106,46.536],[20.6152,46.5373],[20.6084,46.5383],[20.6046,46.5404],[20.5793,46.564],[20.579,46.5682]]]}},{"type":"Feature","properties":{"id":"0502","name":"Borsod-Abaúj-Zemplén vármegye 02. OEVK","regionId":"borsod","center":"Miskolc"},"geometry":{"type":"Polygon","coordinates":[[[20.7509,48.1754],[20.7506,48.1753],[20.7474,48.1754],[20.7461,48.1747],[20.7437,48.1724],[20.7435,48.1691],[20.7427,48.169],[20.742,48.1681],[20.7426,48.1652],[20.7414,48.1643],[20.7394,48.163],[20.7384,48.1596],[20.7358,48.1577],[20.7348,48.157],[20.7357,48.155],[20.7369,48.1533],[20.7383,48.1495],[20.7404,48.1484],[20.7418,48.1479],[20.7437,48.1465],[20.7468,48.1427],[20.7505,48.1405],[20.7517,48.1387],[20.753,48.1376],[20.7545,48.1355],[20.7554,48.1343],[20.7564,48.1333],[20.7569,48.1331],[20.7591,48.1333],[20.7634,48.1328],[20.7651,48.1333],[20.7658,48.1341],[20.768,48.1341],[20.7787,48.1374],[20.7792,48.1363],[20.7795,48.1363],[20.7831,48.1294],[20.7839,48.128],[20.7869,48.1221],[20.7879,48.1203],[20.7893,48.1176],[20.7899,48.1163],[20.79,48.1157],[20.79,48.1153],[20.7896,48.1145],[20.7894,48.1139],[20.789,48.1128],[20.7888,48.1122],[20.7886,48.1114],[20.7882,48.1106],[20.7882,48.1101],[20.7883,48.1094],[20.7883,48.1091],[20.7883,48.109],[20.7884,48.1087],[20.7888,48.1078],[20.789,48.1074],[20.7892,48.1072],[20.7892,48.1071],[20.7893,48.107],[20.7889,48.1069],[20.788,48.1071],[20.7876,48.1071],[20.7879,48.1067],[20.7882,48.106],[20.7884,48.1053],[20.7887,48.1044],[20.7891,48.1037],[20.7891,48.1035],[20.7876,48.1033],[20.7854,48.1034],[20.7855,48.1025],[20.7855,48.102],[20.7865,48.1021],[20.7878,48.1023],[20.789,48.1022],[20.7886,48.1015],[20.7882,48.101],[20.7877,48.1003],[20.7875,48.1],[20.7869,48.0992],[20.786,48.0978],[20.7857,48.0976],[20.7855,48.0978],[20.7853,48.0984],[20.785,48.0993],[20.7835,48.0998],[20.7826,48.1002],[20.7812,48.0997],[20.7803,48.0999],[20.7792,48.1004],[20.7791,48.1004],[20.7795,48.0998],[20.7797,48.0997],[20.7797,48.0995],[20.7793,48.0994],[20.779,48.0995],[20.7787,48.0995],[20.7779,48.0995],[20.7772,48.0992],[20.7759,48.0989],[20.7745,48.0987],[20.7736,48.0984],[20.7729,48.098],[20.7708,48.0972],[20.7677,48.0959],[20.767,48.0956],[20.7657,48.0946],[20.7651,48.0941],[20.7652,48.0941],[20.7654,48.0939],[20.766,48.0931],[20.7662,48.093],[20.7672,48.0924],[20.7674,48.0921],[20.7677,48.0912],[20.7679,48.0909],[20.768,48.0908],[20.768,48.0907],[20.768,48.0906],[20.768,48.0905],[20.768,48.0904],[20.7677,48.0901],[20.7672,48.0892],[20.7675,48.0889],[20.7679,48.0885],[20.7685,48.0877],[20.7693,48.0854],[20.7695,48.0843],[20.7696,48.0838],[20.7697,48.0836],[20.77,48.0832],[20.7709,48.0824],[20.7712,48.0821],[20.7713,48.0819],[20.7714,48.0814],[20.7714,48.0811],[20.7715,48.0808],[20.7719,48.0796],[20.7722,48.0784],[20.7722,48.0778],[20.7718,48.0766],[20.7692,48.0768],[20.7678,48.0767],[20.7664,48.0764],[20.7652,48.0759],[20.7644,48.0754],[20.7648,48.0752],[20.7661,48.0739],[20.7668,48.0735],[20.7685,48.073],[20.7701,48.0725],[20.7714,48.0715],[20.7727,48.0705],[20.7741,48.0694],[20.7753,48.0685],[20.7768,48.0664],[20.7777,48.0658],[20.7784,48.0652],[20.775,48.0651],[20.7744,48.0645],[20.7734,48.0637],[20.7713,48.062],[20.7658,48.0557],[20.7629,48.0533],[20.761,48.0517],[20.7602,48.0502],[20.7623,48.0499],[20.7646,48.0497],[20.7664,48.0498],[20.7682,48.0502],[20.7694,48.0506],[20.77,48.0505],[20.7708,48.0488],[20.7707,48.0478],[20.7697,48.047],[20.7681,48.0461],[20.7681,48.0451],[20.7682,48.0442],[20.7686,48.0436],[20.7691,48.0425],[20.769,48.0414],[20.7696,48.0408],[20.7712,48.0401],[20.7737,48.0379],[20.7741,48.0365],[20.7742,48.0364],[20.7724,48.0337],[20.7709,48.0324],[20.7707,48.0326],[20.7676,48.0308],[20.7669,48.0301],[20.7665,48.0271],[20.7659,48.0256],[20.7647,48.0251],[20.7624,48.0248],[20.7606,48.024],[20.758,48.0245],[20.7549,48.027],[20.7519,48.0285],[20.7429,48.0264],[20.7352,48.0233],[20.7292,48.035],[20.7248,48.0373],[20.7165,48.0388],[20.7077,48.039],[20.6954,48.0401],[20.6936,48.0408],[20.6909,48.0429],[20.6877,48.0441],[20.6864,48.0451],[20.6859,48.0469],[20.6844,48.0477],[20.68,48.0489],[20.6782,48.05],[20.6755,48.0503],[20.6745,48.0511],[20.6718,48.0512],[20.671,48.0505],[20.6701,48.0505],[20.6694,48.0519],[20.6697,48.0532],[20.6683,48.0541],[20.668,48.0553],[20.6627,48.0588],[20.6586,48.0604],[20.6559,48.0622],[20.6559,48.0639],[20.6567,48.0658],[20.6554,48.0667],[20.654,48.0669],[20.652,48.0681],[20.6468,48.0683],[20.6448,48.0703],[20.6421,48.0721],[20.6427,48.0728],[20.6427,48.0736],[20.6406,48.0757],[20.6353,48.0779],[20.6346,48.0805],[20.6334,48.0815],[20.6318,48.0817],[20.63,48.0802],[20.6263,48.0789],[20.6245,48.0813],[20.6211,48.0799],[20.6157,48.0798],[20.6143,48.0775],[20.6084,48.0767],[20.6058,48.0774],[20.605,48.078],[20.6011,48.0768],[20.5975,48.0785],[20.5962,48.0784],[20.5939,48.0772],[20.592,48.0775],[20.5914,48.0779],[20.5885,48.0753],[20.585,48.0763],[20.5827,48.0739],[20.58,48.0742],[20.5776,48.0737],[20.5725,48.0739],[20.5702,48.0728],[20.5688,48.075],[20.5664,48.0744],[20.5618,48.0763],[20.5598,48.0779],[20.556,48.0768],[20.5549,48.0758],[20.5543,48.0744],[20.5503,48.0755],[20.5497,48.0753],[20.549,48.0737],[20.5462,48.0728],[20.5425,48.0728],[20.541,48.0731],[20.5325,48.0708],[20.5285,48.0703],[20.5283,48.0699],[20.5261,48.0695],[20.5248,48.0698],[20.5242,48.0695],[20.5243,48.0691],[20.5223,48.0694],[20.5208,48.0686],[20.52,48.0688],[20.5009,48.0685],[20.4969,48.0735],[20.4952,48.0777],[20.4956,48.0796],[20.4952,48.0814],[20.4941,48.0822],[20.493,48.0847],[20.4917,48.0862],[20.4916,48.0873],[20.4876,48.0894],[20.4863,48.0913],[20.4825,48.0945],[20.4818,48.0957],[20.4818,48.0979],[20.4848,48.1013],[20.4848,48.103],[20.4838,48.1035],[20.4841,48.1052],[20.4865,48.1081],[20.4919,48.1121],[20.5007,48.113],[20.5079,48.1198],[20.5144,48.1209],[20.5165,48.1218],[20.5187,48.1219],[20.5276,48.1232],[20.5319,48.1228],[20.5318,48.1285],[20.5309,48.1319],[20.5324,48.133],[20.5333,48.1359],[20.5341,48.1367],[20.5362,48.1371],[20.5376,48.137],[20.5396,48.1363],[20.542,48.1369],[20.5465,48.1386],[20.5496,48.1407],[20.5494,48.1432],[20.5474,48.1447],[20.5458,48.1471],[20.5445,48.152],[20.546,48.1548],[20.5475,48.1563],[20.5509,48.1575],[20.5539,48.1572],[20.5575,48.1596],[20.5585,48.1598],[20.5586,48.1602],[20.5609,48.1607],[20.5614,48.1613],[20.5621,48.161],[20.5629,48.1618],[20.5641,48.1616],[20.564,48.1618],[20.5648,48.1617],[20.5654,48.1623],[20.5657,48.1621],[20.5655,48.1631],[20.5661,48.1634],[20.5667,48.1631],[20.5669,48.1635],[20.5675,48.1635],[20.57,48.1662],[20.5735,48.1678],[20.5736,48.1691],[20.5743,48.1692],[20.575,48.1706],[20.5757,48.1708],[20.5748,48.171],[20.5747,48.1715],[20.5755,48.1713],[20.5756,48.172],[20.5761,48.1721],[20.5753,48.1727],[20.576,48.1729],[20.5757,48.1735],[20.5764,48.1744],[20.5772,48.1744],[20.5769,48.175],[20.5776,48.1752],[20.5776,48.1757],[20.5792,48.176],[20.5792,48.1769],[20.58,48.1769],[20.5822,48.1784],[20.582,48.1793],[20.5829,48.1795],[20.5827,48.1808],[20.5866,48.18],[20.5876,48.1794],[20.5893,48.1771],[20.5907,48.1766],[20.5935,48.1762],[20.5964,48.1768],[20.6051,48.1796],[20.6053,48.1801],[20.607,48.1809],[20.6091,48.1808],[20.6093,48.1821],[20.6115,48.1834],[20.615,48.1825],[20.6154,48.1804],[20.6166,48.1796],[20.6241,48.1778],[20.6273,48.178],[20.6309,48.1769],[20.6312,48.1778],[20.6339,48.1788],[20.6357,48.1803],[20.6408,48.1831],[20.6444,48.1834],[20.6449,48.1851],[20.6479,48.1836],[20.6497,48.1837],[20.6508,48.1856],[20.6511,48.1853],[20.6507,48.1851],[20.6516,48.1852],[20.6516,48.1847],[20.6522,48.1849],[20.6522,48.1844],[20.653,48.185],[20.6537,48.1846],[20.6565,48.1855],[20.6549,48.1867],[20.656,48.1883],[20.6603,48.1909],[20.6607,48.1912],[20.6575,48.1938],[20.664,48.1963],[20.6673,48.193],[20.6689,48.1937],[20.6723,48.1911],[20.6741,48.1925],[20.6757,48.1916],[20.6737,48.19],[20.6831,48.1827],[20.6864,48.1825],[20.6889,48.183],[20.69,48.1838],[20.6912,48.1833],[20.6937,48.1842],[20.6951,48.184],[20.6958,48.1825],[20.701,48.1785],[20.7047,48.1799],[20.7067,48.1817],[20.7115,48.1844],[20.7137,48.1841],[20.7193,48.1842],[20.7254,48.1849],[20.732,48.1844],[20.7342,48.1839],[20.735,48.1837],[20.7355,48.1829],[20.7383,48.1835],[20.7384,48.1825],[20.7398,48.1828],[20.7456,48.183],[20.7486,48.1804],[20.7469,48.1797],[20.7509,48.1754]]]}},{"type":"Feature","properties":{"id":"0602","name":"Csongrád-Csanád vármegye 02. OEVK","regionId":"csongrad","center":"Szeged"},"geometry":{"type":"Polygon","coordinates":[[[20.1344,46.3359],[20.1343,46.3359],[20.1344,46.3355],[20.1332,46.3302],[20.1328,46.3283],[20.1305,46.3238],[20.1303,46.3233],[20.1302,46.323],[20.13,46.3198],[20.1299,46.3186],[20.1295,46.3138],[20.1299,46.3124],[20.1301,46.3113],[20.1303,46.3104],[20.1306,46.3087],[20.1307,46.308],[20.1309,46.3049],[20.131,46.3032],[20.1311,46.3029],[20.1329,46.299],[20.1342,46.2961],[20.1345,46.2944],[20.1347,46.2936],[20.1348,46.2935],[20.135,46.2931],[20.1352,46.2929],[20.1358,46.2924],[20.1368,46.2918],[20.1375,46.2912],[20.138,46.2907],[20.1386,46.2897],[20.1404,46.2872],[20.142,46.2849],[20.1421,46.2847],[20.1426,46.284],[20.1387,46.2799],[20.1348,46.276],[20.132,46.2733],[20.1292,46.2706],[20.1234,46.2648],[20.1239,46.2649],[20.1246,46.2649],[20.1249,46.265],[20.1264,46.2653],[20.1269,46.2654],[20.1271,46.2654],[20.1273,46.2654],[20.1276,46.2654],[20.1281,46.2653],[20.1282,46.2653],[20.1283,46.2652],[20.1288,46.265],[20.1304,46.2645],[20.1311,46.2642],[20.1352,46.2627],[20.1431,46.2586],[20.1506,46.2546],[20.1509,46.2544],[20.1516,46.254],[20.1522,46.2538],[20.1508,46.2518],[20.1536,46.2507],[20.1559,46.2531],[20.1581,46.255],[20.1584,46.2549],[20.167,46.256],[20.174,46.2557],[20.1805,46.2548],[20.1871,46.2536],[20.1933,46.2525],[20.1939,46.2524],[20.1974,46.2499],[20.2005,46.2495],[20.2044,46.2491],[20.2058,46.2485],[20.2088,46.2459],[20.2113,46.2424],[20.2135,46.2418],[20.2162,46.2417],[20.2161,46.2409],[20.2173,46.238],[20.2155,46.2359],[20.2126,46.2349],[20.2072,46.2347],[20.2061,46.2343],[20.2053,46.2334],[20.2054,46.2322],[20.2073,46.2305],[20.2098,46.2297],[20.2088,46.225],[20.1977,46.2266],[20.1972,46.2266],[20.1956,46.2261],[20.1931,46.2257],[20.1912,46.2256],[20.1894,46.2257],[20.1883,46.2258],[20.186,46.2266],[20.1858,46.227],[20.1806,46.2289],[20.1754,46.2308],[20.1751,46.2306],[20.1738,46.2291],[20.1756,46.2254],[20.1777,46.2211],[20.1795,46.2174],[20.1813,46.2139],[20.1833,46.2098],[20.1843,46.2076],[20.1859,46.2045],[20.1867,46.2028],[20.1874,46.2015],[20.1877,46.201],[20.1882,46.2004],[20.1889,46.1998],[20.1899,46.1993],[20.1907,46.1989],[20.1915,46.1986],[20.1927,46.1983],[20.1926,46.1978],[20.1924,46.1972],[20.1925,46.196],[20.1921,46.1952],[20.1911,46.1932],[20.1903,46.195],[20.19,46.1948],[20.1787,46.2036],[20.1775,46.2055],[20.1588,46.2125],[20.1325,46.2012],[20.1223,46.2054],[20.1204,46.2021],[20.119,46.1994],[20.1166,46.1965],[20.0958,46.1772],[20.0787,46.161],[20.0668,46.148],[20.0637,46.1437],[20.0635,46.1442],[20.0628,46.1435],[20.0547,46.1477],[20.0457,46.145],[20.0422,46.1445],[20.0419,46.1444],[20.0417,46.1445],[20.0367,46.1447],[20.033,46.1467],[20.0318,46.148],[20.0281,46.1494],[20.0225,46.1702],[20.0206,46.1745],[20.0158,46.1768],[19.9885,46.1759],[19.9653,46.1757],[19.937,46.1762],[19.9351,46.1762],[19.922,46.167],[19.915,46.164],[19.8978,46.1599],[19.878,46.1528],[19.8734,46.1514],[19.864,46.1502],[19.8532,46.1498],[19.8495,46.1457],[19.8442,46.1414],[19.8217,46.1303],[19.8178,46.1278],[19.8126,46.1313],[19.8083,46.1319],[19.8062,46.1332],[19.8017,46.135],[19.7995,46.1364],[19.7981,46.1389],[19.7973,46.1395],[19.7952,46.1395],[19.7936,46.1402],[19.7915,46.1393],[19.7807,46.1445],[19.7756,46.144],[19.7718,46.1441],[19.7681,46.145],[19.7656,46.146],[19.7616,46.1466],[19.7585,46.1479],[19.7499,46.1556],[19.7484,46.1565],[19.7448,46.1603],[19.7408,46.1658],[19.7341,46.1698],[19.7327,46.1701],[19.7303,46.1689],[19.7271,46.1681],[19.7261,46.1683],[19.7247,46.1693],[19.7218,46.1696],[19.7179,46.1716],[19.7175,46.1732],[19.718,46.1742],[19.7174,46.1751],[19.7177,46.176],[19.7033,46.184],[19.6998,46.1875],[19.6981,46.1879],[19.6993,46.1883],[19.6954,46.1916],[19.6865,46.2129],[19.6829,46.2174],[19.6699,46.2315],[19.6544,46.2467],[19.6382,46.2641],[19.6529,46.278],[19.689,46.3057],[19.6796,46.3179],[19.6688,46.3271],[19.6627,46.3314],[19.656,46.3469],[19.6628,46.349],[19.6789,46.3532],[19.6872,46.3567],[19.6968,46.3589],[19.7223,46.3619],[19.7432,46.35],[19.7514,46.3531],[19.7559,46.3553],[19.7671,46.3616],[19.7937,46.374],[19.8068,46.3809],[19.8191,46.3889],[19.8274,46.3845],[19.8329,46.3832],[19.8572,46.373],[19.8667,46.3767],[19.8746,46.3815],[19.8811,46.386],[19.8849,46.4008],[19.8944,46.4086],[19.9111,46.3992],[19.9283,46.3903],[19.937,46.3867],[19.9696,46.3674],[19.9857,46.3562],[20.0158,46.3372],[20.019,46.3342],[20.0298,46.3272],[20.0592,46.3073],[20.0698,46.2995],[20.0722,46.3006],[20.0717,46.3015],[20.0723,46.3017],[20.072,46.3021],[20.0723,46.3024],[20.0718,46.3025],[20.0652,46.3132],[20.0649,46.3144],[20.0653,46.3145],[20.0649,46.3145],[20.0631,46.3215],[20.0635,46.3215],[20.063,46.3217],[20.0689,46.3212],[20.0705,46.3217],[20.0723,46.3215],[20.0749,46.3229],[20.0777,46.3232],[20.0793,46.3222],[20.0835,46.3221],[20.0827,46.3248],[20.0803,46.3274],[20.0799,46.3306],[20.0777,46.3349],[20.0773,46.3396],[20.078,46.3414],[20.0792,46.3424],[20.0797,46.3444],[20.0788,46.3452],[20.0782,46.347],[20.0773,46.3476],[20.078,46.349],[20.0787,46.3496],[20.0904,46.3498],[20.1006,46.3476],[20.1038,46.3469],[20.1075,46.3491],[20.1124,46.3466],[20.1143,46.3462],[20.1179,46.3444],[20.1266,46.3472],[20.1339,46.3415],[20.1346,46.3401],[20.1349,46.3377],[20.1344,46.3359]]]}},{"type":"Feature","properties":{"id":"0503","name":"Borsod-Abaúj-Zemplén vármegye 03. OEVK","regionId":"borsod","center":"Ózd"},"geometry":{"type":"Polygon","coordinates":[[[20.8636,48.5552],[20.8606,48.5519],[20.8545,48.5466],[20.853,48.5447],[20.8508,48.5429],[20.8479,48.5391],[20.8478,48.538],[20.8489,48.5359],[20.8482,48.5329],[20.8466,48.5318],[20.8466,48.5301],[20.8455,48.5283],[20.8453,48.5237],[20.8425,48.522],[20.8423,48.5213],[20.8435,48.5188],[20.8432,48.5169],[20.8422,48.516],[20.8407,48.5153],[20.8346,48.5156],[20.8329,48.5144],[20.8309,48.512],[20.827,48.509],[20.8249,48.506],[20.8241,48.5055],[20.823,48.5057],[20.8226,48.5051],[20.8205,48.5039],[20.8138,48.502],[20.8111,48.499],[20.8096,48.4983],[20.808,48.4976],[20.8009,48.4963],[20.7979,48.4955],[20.7957,48.4927],[20.7949,48.4906],[20.7961,48.4884],[20.8021,48.4872],[20.8032,48.4851],[20.8027,48.4788],[20.8003,48.4771],[20.799,48.4756],[20.7997,48.4737],[20.8013,48.4721],[20.8032,48.4694],[20.8026,48.4679],[20.7966,48.4653],[20.7925,48.462],[20.7962,48.4611],[20.8016,48.4568],[20.7969,48.4542],[20.7971,48.4534],[20.7959,48.4528],[20.7969,48.4517],[20.7972,48.45],[20.7984,48.4493],[20.7987,48.4484],[20.7968,48.4461],[20.7965,48.4444],[20.7962,48.4446],[20.7949,48.4431],[20.7936,48.4428],[20.7931,48.4423],[20.7933,48.4452],[20.7927,48.4476],[20.7911,48.4493],[20.7889,48.4498],[20.7838,48.4486],[20.7814,48.4484],[20.78,48.4477],[20.7781,48.4475],[20.7763,48.4481],[20.7748,48.448],[20.7714,48.4455],[20.7688,48.4454],[20.7689,48.4449],[20.7664,48.4444],[20.7652,48.4436],[20.7669,48.4421],[20.7675,48.4399],[20.7646,48.439],[20.762,48.4373],[20.7597,48.4366],[20.7576,48.4349],[20.755,48.4344],[20.7537,48.4322],[20.7534,48.4306],[20.7553,48.4248],[20.7546,48.4234],[20.7509,48.4209],[20.7488,48.4186],[20.7495,48.4163],[20.7516,48.4141],[20.7578,48.4104],[20.7595,48.4089],[20.7622,48.4086],[20.7631,48.4072],[20.7661,48.4067],[20.7669,48.4057],[20.7663,48.4032],[20.7671,48.4015],[20.7657,48.4],[20.7661,48.3982],[20.7655,48.3962],[20.7635,48.394],[20.7606,48.3924],[20.7588,48.3902],[20.7566,48.3899],[20.7574,48.3881],[20.7593,48.3866],[20.7599,48.384],[20.7611,48.3832],[20.7638,48.383],[20.7649,48.3808],[20.7685,48.3796],[20.7703,48.3777],[20.7722,48.3769],[20.7728,48.3758],[20.7737,48.3754],[20.7755,48.3728],[20.7676,48.3709],[20.7637,48.3681],[20.7622,48.3664],[20.7615,48.3648],[20.7596,48.3657],[20.758,48.3675],[20.757,48.368],[20.7524,48.3677],[20.7497,48.366],[20.7452,48.3649],[20.7423,48.3646],[20.7405,48.3633],[20.7381,48.3627],[20.7367,48.3609],[20.7331,48.3602],[20.7287,48.3587],[20.7274,48.3588],[20.7254,48.357],[20.7225,48.3558],[20.7191,48.3525],[20.715,48.351],[20.7124,48.351],[20.7058,48.3485],[20.7022,48.3484],[20.6993,48.3478],[20.6951,48.3479],[20.6917,48.347],[20.6895,48.3468],[20.6878,48.3458],[20.6874,48.3445],[20.6836,48.3427],[20.6769,48.3436],[20.6727,48.3457],[20.6696,48.3465],[20.6686,48.3454],[20.6685,48.3422],[20.6651,48.3375],[20.6652,48.3352],[20.6636,48.3329],[20.664,48.3299],[20.6621,48.3278],[20.6628,48.3256],[20.662,48.3247],[20.6615,48.3228],[20.6608,48.3225],[20.6596,48.3225],[20.6591,48.3231],[20.6562,48.3228],[20.6543,48.3217],[20.6504,48.3216],[20.6494,48.3227],[20.649,48.3227],[20.6488,48.3236],[20.6465,48.3234],[20.6466,48.323],[20.6459,48.3226],[20.6431,48.3221],[20.6427,48.3225],[20.6419,48.322],[20.6402,48.3233],[20.6386,48.3237],[20.6399,48.3213],[20.6387,48.3192],[20.6371,48.3183],[20.6389,48.3139],[20.6383,48.3136],[20.6379,48.3123],[20.6384,48.3107],[20.6404,48.3102],[20.6405,48.3086],[20.6411,48.3079],[20.643,48.3074],[20.6411,48.3038],[20.6433,48.3032],[20.6412,48.3013],[20.6436,48.2998],[20.6448,48.3003],[20.6457,48.2998],[20.6462,48.3002],[20.6462,48.299],[20.6479,48.2987],[20.6467,48.2976],[20.6419,48.2953],[20.6249,48.2964],[20.6284,48.2936],[20.6296,48.2937],[20.6295,48.2856],[20.6302,48.2832],[20.6292,48.2796],[20.6272,48.2796],[20.6285,48.277],[20.6278,48.2706],[20.6261,48.2698],[20.6252,48.2703],[20.6242,48.2697],[20.621,48.2706],[20.6205,48.2686],[20.6191,48.2688],[20.6176,48.2697],[20.6146,48.2683],[20.613,48.2682],[20.6119,48.2689],[20.6134,48.2692],[20.6132,48.2699],[20.6121,48.2713],[20.6111,48.2715],[20.6102,48.2723],[20.6082,48.2736],[20.6095,48.2753],[20.6091,48.2754],[20.6066,48.2751],[20.6053,48.274],[20.6034,48.275],[20.6023,48.2743],[20.6003,48.2742],[20.6004,48.2745],[20.5965,48.2753],[20.5948,48.2769],[20.5935,48.2772],[20.591,48.2755],[20.589,48.2725],[20.583,48.2735],[20.5793,48.2737],[20.5808,48.2779],[20.5775,48.2786],[20.5751,48.2793],[20.5736,48.2789],[20.5727,48.2781],[20.5728,48.2766],[20.5722,48.2765],[20.5711,48.2767],[20.5685,48.2786],[20.5646,48.2786],[20.5624,48.2792],[20.5614,48.2785],[20.5614,48.2774],[20.5598,48.2772],[20.5582,48.2784],[20.5565,48.2813],[20.5558,48.2814],[20.5531,48.2812],[20.5537,48.2805],[20.5533,48.2795],[20.5511,48.2778],[20.5496,48.2776],[20.5478,48.2799],[20.5457,48.2799],[20.544,48.2811],[20.5431,48.2812],[20.542,48.2803],[20.5428,48.2737],[20.5415,48.2735],[20.5375,48.275],[20.5327,48.2728],[20.5276,48.273],[20.5209,48.2719],[20.5222,48.2704],[20.524,48.266],[20.5234,48.2639],[20.5237,48.2619],[20.5228,48.2604],[20.5203,48.259],[20.5154,48.2589],[20.5112,48.2579],[20.5056,48.2582],[20.5041,48.2571],[20.502,48.2566],[20.4969,48.2543],[20.4944,48.254],[20.4909,48.2545],[20.4896,48.2543],[20.4892,48.2541],[20.4885,48.2514],[20.4842,48.252],[20.48,48.2513],[20.4784,48.2505],[20.4773,48.2492],[20.4726,48.2473],[20.4705,48.2471],[20.468,48.246],[20.466,48.246],[20.4636,48.2449],[20.4581,48.2409],[20.4542,48.2411],[20.4507,48.2402],[20.4476,48.2401],[20.4451,48.236],[20.4432,48.2358],[20.442,48.2348],[20.4453,48.2351],[20.4512,48.2334],[20.4523,48.2324],[20.4523,48.2305],[20.4532,48.23],[20.4581,48.2287],[20.4601,48.2286],[20.4618,48.2276],[20.4626,48.2261],[20.462,48.2238],[20.4628,48.2229],[20.4652,48.2221],[20.4676,48.2222],[20.465,48.2201],[20.4656,48.2192],[20.4638,48.2176],[20.4642,48.2155],[20.4621,48.2145],[20.4612,48.2134],[20.4614,48.2126],[20.4598,48.21],[20.459,48.2088],[20.4546,48.2056],[20.4528,48.2048],[20.4526,48.2041],[20.4416,48.1962],[20.4396,48.1955],[20.439,48.1948],[20.4409,48.1912],[20.4409,48.1902],[20.4428,48.1888],[20.4442,48.1885],[20.4442,48.1859],[20.4461,48.185],[20.4464,48.1832],[20.4484,48.1823],[20.4495,48.1813],[20.4472,48.1794],[20.4421,48.1768],[20.4432,48.176],[20.4432,48.1754],[20.445,48.1755],[20.4468,48.1743],[20.448,48.1742],[20.4473,48.1703],[20.4485,48.1686],[20.4488,48.1673],[20.4463,48.1617],[20.4448,48.1617],[20.4433,48.1623],[20.4413,48.1619],[20.4415,48.1598],[20.4442,48.1566],[20.4432,48.1536],[20.4431,48.1511],[20.44,48.1516],[20.4376,48.1525],[20.4345,48.1502],[20.4342,48.1509],[20.4328,48.151],[20.431,48.1509],[20.4283,48.1501],[20.4279,48.1506],[20.4203,48.1508],[20.4158,48.1496],[20.4116,48.1509],[20.408,48.1538],[20.4056,48.1523],[20.398,48.1494],[20.3971,48.1502],[20.3934,48.1506],[20.3925,48.1504],[20.3891,48.1504],[20.3867,48.1494],[20.3881,48.1487],[20.3883,48.1476],[20.3908,48.1452],[20.3926,48.1419],[20.3944,48.1403],[20.3951,48.1369],[20.3893,48.1323],[20.3858,48.1323],[20.3789,48.1297],[20.3756,48.129],[20.3753,48.1264],[20.3736,48.1236],[20.3747,48.1224],[20.3741,48.1203],[20.3697,48.1187],[20.3676,48.1157],[20.3651,48.1144],[20.3645,48.1129],[20.3621,48.1123],[20.3636,48.1108],[20.3634,48.1073],[20.3631,48.1068],[20.361,48.1061],[20.3598,48.1047],[20.3628,48.1043],[20.363,48.1031],[20.3643,48.1017],[20.3637,48.0996],[20.3621,48.0992],[20.3618,48.098],[20.3608,48.0975],[20.3606,48.0954],[20.3622,48.0939],[20.3623,48.0931],[20.3614,48.0923],[20.3585,48.0914],[20.3567,48.0916],[20.3547,48.0933],[20.3544,48.0954],[20.3525,48.0954],[20.3507,48.0962],[20.3499,48.0969],[20.3487,48.0992],[20.3473,48.1001],[20.3454,48.1005],[20.3447,48.1033],[20.343,48.1032],[20.3409,48.1048],[20.3386,48.1055],[20.3381,48.1049],[20.3368,48.1045],[20.3339,48.1046],[20.3334,48.1075],[20.3325,48.108],[20.3286,48.1085],[20.3257,48.1096],[20.3259,48.111],[20.3267,48.1118],[20.3262,48.1124],[20.3256,48.113],[20.3248,48.113],[20.3206,48.1148],[20.3211,48.1163],[20.3235,48.1175],[20.3235,48.118],[20.3221,48.1188],[20.3219,48.1193],[20.3222,48.1213],[20.3204,48.1224],[20.3196,48.1235],[20.3184,48.1237],[20.3156,48.1229],[20.3136,48.1229],[20.3106,48.1209],[20.3092,48.1205],[20.3039,48.1204],[20.3025,48.1192],[20.2997,48.1202],[20.2975,48.1205],[20.2964,48.1218],[20.2915,48.1229],[20.2899,48.1225],[20.2876,48.1233],[20.2875,48.1198],[20.2866,48.119],[20.285,48.119],[20.2856,48.1188],[20.2862,48.1177],[20.2862,48.1163],[20.2838,48.1146],[20.284,48.1135],[20.2826,48.1118],[20.2794,48.1116],[20.2798,48.1097],[20.2788,48.1093],[20.278,48.1082],[20.2797,48.1076],[20.2823,48.1073],[20.2841,48.1038],[20.2839,48.1033],[20.2807,48.103],[20.279,48.1004],[20.2803,48.0984],[20.2799,48.098],[20.2783,48.0975],[20.2745,48.095],[20.273,48.095],[20.2689,48.0968],[20.2601,48.0967],[20.2595,48.0944],[20.2566,48.0941],[20.2551,48.0945],[20.2526,48.0926],[20.2522,48.0914],[20.2489,48.089],[20.247,48.0904],[20.2451,48.0911],[20.2412,48.091],[20.2414,48.0921],[20.2402,48.0935],[20.2388,48.0937],[20.2355,48.0928],[20.2333,48.093],[20.2306,48.0922],[20.2291,48.0924],[20.2261,48.0923],[20.2252,48.0928],[20.2239,48.0928],[20.2215,48.0921],[20.2194,48.0929],[20.2176,48.0925],[20.2152,48.0937],[20.2095,48.0952],[20.208,48.0951],[20.2072,48.096],[20.206,48.0966],[20.2043,48.0967],[20.2032,48.0986],[20.2038,48.1004],[20.1999,48.1028],[20.2011,48.1053],[20.2037,48.1064],[20.2027,48.1078],[20.1973,48.1091],[20.1962,48.1088],[20.1952,48.1093],[20.1933,48.1092],[20.1899,48.1112],[20.1869,48.1116],[20.1828,48.1129],[20.181,48.1143],[20.1776,48.1133],[20.1732,48.1143],[20.1702,48.1156],[20.1703,48.1166],[20.1711,48.1176],[20.1704,48.1189],[20.1707,48.1197],[20.1686,48.1217],[20.1691,48.1234],[20.168,48.125],[20.1667,48.1264],[20.1654,48.1269],[20.1656,48.1277],[20.1675,48.1287],[20.1675,48.1296],[20.1645,48.135],[20.1628,48.1353],[20.1607,48.1345],[20.1587,48.1345],[20.1565,48.135],[20.155,48.1344],[20.1513,48.1354],[20.15,48.136],[20.1499,48.1373],[20.1488,48.1396],[20.1479,48.1402],[20.1442,48.1418],[20.1406,48.1425],[20.1399,48.1431],[20.1378,48.1436],[20.1348,48.1428],[20.1315,48.1435],[20.1296,48.1438],[20.1282,48.1446],[20.1263,48.1448],[20.1241,48.1435],[20.1215,48.1435],[20.1202,48.1422],[20.1189,48.1424],[20.1181,48.14],[20.1122,48.1395],[20.1108,48.1396],[20.1051,48.1385],[20.1033,48.1388],[20.1007,48.1379],[20.0985,48.1391],[20.0982,48.1424],[20.0976,48.1431],[20.0962,48.1429],[20.0931,48.1432],[20.0912,48.1463],[20.0912,48.1488],[20.0895,48.1491],[20.0908,48.1511],[20.089,48.1521],[20.0882,48.1521],[20.0874,48.1529],[20.0876,48.1534],[20.0848,48.1531],[20.084,48.1525],[20.0819,48.1523],[20.0813,48.1517],[20.0794,48.1524],[20.0791,48.1531],[20.0763,48.1552],[20.075,48.1551],[20.0722,48.1532],[20.0682,48.1538],[20.0645,48.1555],[20.0642,48.1564],[20.0648,48.1574],[20.0636,48.1581],[20.0645,48.1588],[20.0648,48.161],[20.0631,48.1613],[20.0631,48.1627],[20.0622,48.1642],[20.0609,48.1651],[20.0611,48.1663],[20.0618,48.167],[20.0594,48.1679],[20.0569,48.1674],[20.0544,48.1661],[20.0519,48.1677],[20.0542,48.1697],[20.0544,48.1717],[20.0564,48.1746],[20.0585,48.1748],[20.0602,48.1762],[20.0613,48.1784],[20.0638,48.1784],[20.0659,48.178],[20.0671,48.1786],[20.0693,48.1787],[20.0696,48.1792],[20.0715,48.1791],[20.0734,48.1799],[20.0728,48.1805],[20.0747,48.1818],[20.077,48.1824],[20.0788,48.1837],[20.0773,48.1846],[20.0762,48.1846],[20.074,48.1872],[20.0718,48.1873],[20.07,48.1866],[20.0678,48.1881],[20.0675,48.1885],[20.0679,48.1896],[20.07,48.1917],[20.0706,48.1917],[20.0741,48.1938],[20.0763,48.1943],[20.0764,48.1956],[20.0783,48.1964],[20.0826,48.1967],[20.0837,48.1955],[20.0852,48.1955],[20.0862,48.1962],[20.0873,48.1961],[20.0886,48.1969],[20.0893,48.1966],[20.0908,48.197],[20.0912,48.1982],[20.0919,48.1981],[20.0931,48.1989],[20.093,48.2009],[20.0955,48.204],[20.0981,48.2036],[20.0989,48.2038],[20.1004,48.2046],[20.1008,48.2061],[20.0995,48.2067],[20.1016,48.2085],[20.102,48.2095],[20.1055,48.21],[20.1081,48.212],[20.1096,48.2124],[20.1119,48.2142],[20.1117,48.2146],[20.1125,48.2161],[20.1143,48.2165],[20.1167,48.216],[20.1181,48.2171],[20.1201,48.2172],[20.1203,48.218],[20.1227,48.2198],[20.1226,48.2207],[20.1275,48.2207],[20.1307,48.2228],[20.1322,48.225],[20.1341,48.2252],[20.1342,48.2269],[20.1333,48.2279],[20.1344,48.2308],[20.1336,48.2324],[20.1337,48.2336],[20.1347,48.2359],[20.1368,48.2377],[20.1372,48.2389],[20.1392,48.24],[20.1396,48.2429],[20.1391,48.244],[20.1369,48.2449],[20.1364,48.2455],[20.1342,48.246],[20.1322,48.2473],[20.1322,48.2497],[20.1331,48.2511],[20.1341,48.2517],[20.1332,48.254],[20.1354,48.2544],[20.1367,48.2552],[20.1412,48.2543],[20.1434,48.2554],[20.1441,48.2554],[20.1449,48.2546],[20.1466,48.255],[20.1475,48.2546],[20.1478,48.2538],[20.1497,48.2534],[20.1538,48.2503],[20.1565,48.2512],[20.1597,48.2506],[20.1643,48.2512],[20.1657,48.2508],[20.1669,48.2515],[20.1684,48.2516],[20.1725,48.2508],[20.1743,48.2491],[20.1781,48.2489],[20.1814,48.2494],[20.1849,48.248],[20.1883,48.2487],[20.1899,48.2481],[20.1956,48.2485],[20.1974,48.25],[20.1986,48.2499],[20.2012,48.2503],[20.204,48.2511],[20.2062,48.251],[20.2077,48.2529],[20.2067,48.2549],[20.2044,48.2568],[20.2031,48.2591],[20.2038,48.2619],[20.2061,48.2621],[20.2069,48.261],[20.2092,48.2596],[20.2122,48.2597],[20.2146,48.2589],[20.2173,48.2601],[20.2209,48.2629],[20.2239,48.2633],[20.2272,48.2625],[20.2285,48.2628],[20.2287,48.2658],[20.2339,48.2695],[20.2354,48.2713],[20.2343,48.2727],[20.2318,48.2737],[20.2306,48.2747],[20.2291,48.2751],[20.228,48.2772],[20.231,48.2773],[20.235,48.2799],[20.2383,48.2796],[20.2413,48.2805],[20.2435,48.2796],[20.2448,48.2782],[20.2458,48.2779],[20.2497,48.2791],[20.2516,48.2775],[20.2541,48.2763],[20.2558,48.275],[20.2611,48.2747],[20.2618,48.2727],[20.2631,48.2717],[20.269,48.2703],[20.2696,48.268],[20.2803,48.2664],[20.2822,48.2636],[20.2846,48.262],[20.2908,48.2616],[20.2939,48.2631],[20.2974,48.2629],[20.2997,48.2632],[20.3034,48.2647],[20.3071,48.2646],[20.311,48.2656],[20.3098,48.2671],[20.3095,48.2685],[20.3082,48.2692],[20.3058,48.2699],[20.3066,48.2725],[20.3091,48.2734],[20.3131,48.2733],[20.316,48.2726],[20.3257,48.2728],[20.3281,48.2884],[20.3307,48.2885],[20.3337,48.2874],[20.3358,48.2877],[20.3349,48.2889],[20.3341,48.2894],[20.3344,48.29],[20.3352,48.2899],[20.3358,48.2905],[20.3347,48.291],[20.3344,48.2917],[20.3338,48.2911],[20.3335,48.2919],[20.3325,48.2918],[20.3324,48.292],[20.3333,48.2921],[20.3334,48.2924],[20.3321,48.293],[20.3324,48.2935],[20.3333,48.2935],[20.3335,48.2966],[20.3342,48.2966],[20.3339,48.296],[20.3353,48.2958],[20.3362,48.2964],[20.3354,48.2969],[20.3362,48.2977],[20.3353,48.2984],[20.3353,48.299],[20.3391,48.3012],[20.3374,48.3014],[20.3375,48.3017],[20.3395,48.3015],[20.3424,48.3031],[20.342,48.3035],[20.3423,48.3037],[20.3427,48.3032],[20.3439,48.3037],[20.3471,48.3059],[20.3511,48.3076],[20.355,48.3085],[20.3579,48.3098],[20.3564,48.3128],[20.3657,48.3166],[20.369,48.321],[20.37,48.3211],[20.371,48.3239],[20.3743,48.327],[20.3686,48.3298],[20.3676,48.3322],[20.3719,48.3337],[20.3724,48.3348],[20.3798,48.3406],[20.3865,48.3477],[20.3859,48.3502],[20.3852,48.3509],[20.3841,48.3512],[20.3927,48.3547],[20.3934,48.3555],[20.3949,48.3562],[20.3958,48.356],[20.3966,48.3563],[20.3972,48.3558],[20.399,48.3565],[20.3987,48.3572],[20.4004,48.3583],[20.399,48.3589],[20.4039,48.3607],[20.4075,48.3628],[20.4075,48.3646],[20.4095,48.3655],[20.41,48.3662],[20.4094,48.3682],[20.4118,48.3697],[20.4114,48.3711],[20.4099,48.3726],[20.408,48.3756],[20.4075,48.3775],[20.4066,48.3782],[20.4069,48.3794],[20.4058,48.3801],[20.405,48.3801],[20.4025,48.3826],[20.4058,48.3838],[20.4077,48.3851],[20.4083,48.3849],[20.4093,48.3859],[20.4127,48.3878],[20.4134,48.3889],[20.4143,48.3921],[20.4165,48.3937],[20.4167,48.4005],[20.4206,48.4042],[20.4176,48.409],[20.4149,48.4098],[20.4144,48.4107],[20.4143,48.4121],[20.4166,48.4162],[20.4162,48.4185],[20.4204,48.422],[20.4247,48.4234],[20.4271,48.4251],[20.4294,48.4287],[20.4319,48.4288],[20.4346,48.4301],[20.4359,48.433],[20.4432,48.4387],[20.4448,48.4435],[20.4461,48.445],[20.4498,48.4462],[20.4522,48.4487],[20.4578,48.4498],[20.4618,48.4501],[20.4672,48.4528],[20.4698,48.4525],[20.4695,48.4599],[20.464,48.464],[20.4733,48.4662],[20.4812,48.4706],[20.4838,48.4727],[20.4888,48.4758],[20.4894,48.4783],[20.4916,48.4828],[20.4916,48.4841],[20.4951,48.4877],[20.5065,48.4888],[20.5079,48.4894],[20.507,48.4902],[20.5047,48.4901],[20.5073,48.5095],[20.5101,48.5114],[20.5104,48.5124],[20.5087,48.5144],[20.5091,48.5152],[20.5087,48.5159],[20.5044,48.519],[20.5025,48.5198],[20.5032,48.5206],[20.5028,48.5212],[20.5051,48.5222],[20.5023,48.5233],[20.5041,48.5248],[20.5045,48.5259],[20.502,48.5273],[20.5039,48.5314],[20.5055,48.5331],[20.5071,48.5317],[20.5083,48.5323],[20.5065,48.5344],[20.5103,48.5354],[20.5151,48.5358],[20.5191,48.5375],[20.5208,48.5361],[20.5225,48.5328],[20.5252,48.5304],[20.529,48.5305],[20.5333,48.5285],[20.5375,48.5279],[20.5415,48.5387],[20.5445,48.5408],[20.5448,48.5421],[20.5465,48.5443],[20.5511,48.5423],[20.5549,48.5421],[20.5571,48.5431],[20.558,48.5431],[20.5651,48.5412],[20.5719,48.5398],[20.5728,48.5393],[20.5768,48.5383],[20.5787,48.5374],[20.5866,48.5358],[20.5872,48.5389],[20.5925,48.5393],[20.5953,48.5408],[20.5967,48.5407],[20.5999,48.5426],[20.602,48.5424],[20.6038,48.543],[20.6068,48.5421],[20.6104,48.5435],[20.6159,48.5435],[20.618,48.5449],[20.619,48.5475],[20.6226,48.5496],[20.6235,48.5508],[20.6278,48.551],[20.6298,48.5505],[20.632,48.5512],[20.6341,48.551],[20.6385,48.5533],[20.6395,48.5549],[20.6405,48.5554],[20.6437,48.554],[20.6441,48.5532],[20.6434,48.552],[20.6441,48.552],[20.6439,48.5522],[20.6472,48.5539],[20.6492,48.5576],[20.6525,48.5596],[20.6539,48.5614],[20.663,48.5605],[20.6656,48.5599],[20.6689,48.5617],[20.6717,48.5625],[20.6786,48.5604],[20.6795,48.5595],[20.6819,48.5614],[20.7021,48.5677],[20.7058,48.5684],[20.7066,48.5691],[20.7085,48.5695],[20.7098,48.5683],[20.7131,48.5704],[20.7152,48.5701],[20.7177,48.5703],[20.7209,48.5693],[20.7241,48.5693],[20.7254,48.5697],[20.7262,48.5696],[20.7271,48.5644],[20.7281,48.5645],[20.7278,48.5663],[20.7347,48.5667],[20.7339,48.5701],[20.7571,48.5716],[20.7961,48.5752],[20.7992,48.5746],[20.8021,48.5751],[20.8158,48.5777],[20.8157,48.5789],[20.818,48.5786],[20.8193,48.5789],[20.8364,48.5828],[20.8396,48.5802],[20.8372,48.5786],[20.8354,48.5765],[20.8378,48.5742],[20.8424,48.5763],[20.8504,48.5816],[20.8471,48.5682],[20.845,48.5666],[20.8459,48.5657],[20.8497,48.567],[20.8552,48.5668],[20.8552,48.5656],[20.8573,48.563],[20.8585,48.5606],[20.8608,48.5586],[20.8611,48.5573],[20.8625,48.5575],[20.863,48.5571],[20.864,48.5555],[20.8636,48.5552]]]}},{"type":"Feature","properties":{"id":"0504","name":"Borsod-Abaúj-Zemplén vármegye 04. OEVK","regionId":"borsod","center":"Kazincbarcika"},"geometry":{"type":"Polygon","coordinates":[[[20.9163,48.5602],[20.9202,48.5594],[20.9223,48.5595],[20.922,48.5585],[20.9238,48.557],[20.9271,48.5557],[20.9274,48.5549],[20.9291,48.5535],[20.9291,48.5515],[20.9307,48.5466],[20.9347,48.5412],[20.9346,48.5383],[20.9374,48.5402],[20.9393,48.5421],[20.9417,48.5429],[20.941,48.5345],[20.9456,48.5364],[20.9559,48.534],[20.9562,48.5217],[20.9584,48.5211],[20.9654,48.5204],[20.9761,48.5245],[20.9816,48.5178],[20.9849,48.519],[20.9893,48.5217],[20.9901,48.5234],[20.9891,48.5252],[20.9906,48.5264],[20.9922,48.527],[20.9969,48.5274],[21.0041,48.5273],[21.0151,48.5323],[21.0191,48.5306],[21.0233,48.5295],[21.0265,48.5315],[21.0303,48.5308],[21.034,48.5271],[21.0379,48.5275],[21.042,48.5259],[21.0441,48.5257],[21.0532,48.5262],[21.0527,48.5252],[21.0534,48.5221],[21.0663,48.5259],[21.069,48.5227],[21.07,48.5234],[21.0741,48.5208],[21.0817,48.5187],[21.0863,48.5185],[21.0892,48.518],[21.0931,48.5153],[21.0898,48.5169],[21.0885,48.5092],[21.086,48.5094],[21.0846,48.5086],[21.0801,48.5073],[21.0727,48.5088],[21.0755,48.5105],[21.0705,48.5125],[21.0677,48.5084],[21.0637,48.5084],[21.0624,48.5078],[21.0557,48.5085],[21.0522,48.5073],[21.044,48.5138],[21.0406,48.5133],[21.0421,48.5124],[21.0399,48.5115],[21.0387,48.5097],[21.0404,48.5083],[21.0417,48.5058],[21.0413,48.5056],[21.0422,48.505],[21.0386,48.5033],[21.0401,48.5016],[21.0436,48.4991],[21.0448,48.4951],[21.0513,48.4956],[21.0515,48.4912],[21.0507,48.4877],[21.051,48.4855],[21.0492,48.483],[21.0528,48.4814],[21.0516,48.4807],[21.0506,48.4779],[21.0579,48.4775],[21.059,48.4781],[21.0636,48.4755],[21.0659,48.47],[21.0677,48.469],[21.0697,48.4662],[21.0693,48.4628],[21.0698,48.461],[21.0744,48.4555],[21.0758,48.4531],[21.0761,48.4511],[21.0834,48.4443],[21.0839,48.4425],[21.0877,48.4409],[21.0951,48.4404],[21.0903,48.4347],[21.0917,48.4302],[21.0956,48.425],[21.1011,48.4238],[21.1005,48.4228],[21.1032,48.4221],[21.0964,48.4178],[21.0946,48.4153],[21.0928,48.4149],[21.0908,48.4128],[21.0875,48.4108],[21.0872,48.4102],[21.0884,48.4073],[21.0907,48.4046],[21.0931,48.4026],[21.0909,48.4011],[21.09,48.3973],[21.0852,48.393],[21.0768,48.3907],[21.0773,48.3898],[21.0772,48.389],[21.075,48.3873],[21.0745,48.3855],[21.0758,48.3824],[21.0791,48.3798],[21.0802,48.378],[21.0792,48.3729],[21.0768,48.3699],[21.0763,48.3678],[21.0766,48.3594],[21.082,48.3519],[21.0832,48.3487],[21.0839,48.3445],[21.0856,48.3412],[21.0915,48.3353],[21.0947,48.3341],[21.0933,48.3327],[21.0986,48.331],[21.0979,48.3305],[21.1009,48.3282],[21.0923,48.3224],[21.1011,48.3192],[21.0924,48.3067],[21.0908,48.3056],[21.0956,48.3028],[21.1002,48.3013],[21.1026,48.2999],[21.1034,48.3001],[21.1049,48.2989],[21.1165,48.2963],[21.1158,48.295],[21.1116,48.2889],[21.1064,48.2818],[21.1087,48.2807],[21.1087,48.2792],[21.1076,48.2786],[21.1091,48.2773],[21.109,48.2768],[21.1053,48.2742],[21.1049,48.2745],[21.1013,48.2731],[21.103,48.2726],[21.1012,48.2719],[21.0999,48.2707],[21.1021,48.2693],[21.1034,48.2656],[21.0999,48.2641],[21.0975,48.262],[21.0946,48.2633],[21.0896,48.2672],[21.0879,48.2693],[21.0883,48.2696],[21.0875,48.2698],[21.0882,48.2707],[21.0881,48.2716],[21.0892,48.2727],[21.088,48.2733],[21.0846,48.273],[21.0813,48.2744],[21.0803,48.274],[21.0796,48.2744],[21.0784,48.2737],[21.0791,48.273],[21.078,48.2723],[21.0768,48.2735],[21.0749,48.2729],[21.0745,48.2718],[21.0701,48.2689],[21.0667,48.2653],[21.0584,48.2593],[21.0543,48.2547],[21.0513,48.2541],[21.0508,48.2536],[21.0496,48.2545],[21.0492,48.2536],[21.0502,48.2523],[21.0499,48.2508],[21.0508,48.2503],[21.0496,48.2496],[21.0492,48.2484],[21.0495,48.2476],[21.0502,48.2472],[21.0475,48.2462],[21.0453,48.2485],[21.0449,48.2477],[21.0413,48.2494],[21.0391,48.2478],[21.0372,48.2487],[21.0349,48.2471],[21.0349,48.2462],[21.0365,48.2445],[21.0344,48.2436],[21.0338,48.2425],[21.0323,48.2416],[21.0309,48.2419],[21.0245,48.2464],[21.0257,48.2465],[21.0281,48.2483],[21.0135,48.2552],[21.0134,48.2546],[21.0146,48.2537],[21.0136,48.2532],[21.0118,48.253],[21.0032,48.2585],[21.0023,48.2592],[21.002,48.2621],[20.9973,48.2659],[21.0036,48.2723],[21.0079,48.2745],[21.0115,48.2752],[21.0054,48.2789],[21.0016,48.2735],[21.0001,48.2741],[21.0006,48.2732],[20.9948,48.2751],[20.9892,48.2671],[20.9875,48.2676],[20.9846,48.262],[20.9838,48.2625],[20.9818,48.2585],[20.9796,48.2568],[20.9831,48.2544],[20.9793,48.2518],[20.9595,48.2559],[20.9524,48.2546],[20.9522,48.255],[20.9498,48.2542],[20.9495,48.2547],[20.9474,48.2546],[20.9427,48.2528],[20.9418,48.2536],[20.9413,48.2535],[20.9359,48.2495],[20.9356,48.2452],[20.9314,48.2412],[20.9306,48.2391],[20.9306,48.2377],[20.9288,48.2359],[20.9297,48.2329],[20.9292,48.2268],[20.9308,48.2229],[20.9307,48.2202],[20.928,48.2202],[20.9248,48.2209],[20.9244,48.2206],[20.9213,48.2204],[20.919,48.2176],[20.8963,48.2161],[20.8914,48.2154],[20.8904,48.218],[20.8917,48.2187],[20.8909,48.2195],[20.8844,48.2193],[20.8824,48.2182],[20.8828,48.2149],[20.8814,48.2121],[20.8808,48.2088],[20.8832,48.2041],[20.8833,48.2022],[20.8844,48.1995],[20.8858,48.1985],[20.8884,48.1979],[20.8897,48.1965],[20.8897,48.1945],[20.8882,48.1904],[20.8887,48.1878],[20.8934,48.1819],[20.8942,48.1791],[20.8815,48.1719],[20.8797,48.1698],[20.8663,48.1621],[20.8613,48.1573],[20.8596,48.1564],[20.8539,48.1558],[20.8547,48.154],[20.8539,48.1519],[20.8521,48.1512],[20.8516,48.1515],[20.8462,48.1468],[20.8413,48.1446],[20.8396,48.1456],[20.8372,48.1485],[20.837,48.1496],[20.8313,48.158],[20.8191,48.164],[20.8046,48.1689],[20.8016,48.1743],[20.8024,48.1784],[20.8034,48.1801],[20.8046,48.1807],[20.8051,48.1796],[20.8057,48.1804],[20.8067,48.1793],[20.8078,48.1797],[20.8085,48.1815],[20.81,48.1819],[20.8096,48.1823],[20.8111,48.1827],[20.8108,48.1834],[20.8115,48.1846],[20.8104,48.185],[20.8108,48.1844],[20.8091,48.1833],[20.8087,48.1841],[20.8079,48.1845],[20.8072,48.1843],[20.807,48.1832],[20.805,48.1831],[20.804,48.1833],[20.8025,48.1848],[20.8034,48.1861],[20.8041,48.1852],[20.8051,48.1853],[20.806,48.1847],[20.8075,48.1848],[20.8089,48.1844],[20.8103,48.1848],[20.8087,48.187],[20.8074,48.1868],[20.8068,48.1856],[20.8055,48.187],[20.8078,48.189],[20.8071,48.1899],[20.806,48.1895],[20.8053,48.1898],[20.8028,48.1929],[20.8016,48.1928],[20.801,48.1923],[20.8001,48.1925],[20.7998,48.1947],[20.7978,48.1943],[20.7987,48.1937],[20.7986,48.1928],[20.7975,48.1931],[20.7975,48.194],[20.7967,48.1939],[20.7967,48.1926],[20.7962,48.1924],[20.7951,48.1933],[20.7938,48.1931],[20.7928,48.1921],[20.7895,48.1916],[20.7887,48.1921],[20.7895,48.1924],[20.7894,48.1928],[20.791,48.1926],[20.7909,48.1939],[20.7902,48.1938],[20.7886,48.1926],[20.7869,48.1928],[20.7769,48.1864],[20.768,48.1835],[20.763,48.1829],[20.7591,48.1816],[20.7509,48.1754],[20.7469,48.1797],[20.7486,48.1804],[20.7456,48.183],[20.7398,48.1828],[20.7384,48.1825],[20.7383,48.1835],[20.7355,48.1829],[20.735,48.1837],[20.7342,48.1839],[20.732,48.1844],[20.7254,48.1849],[20.7193,48.1842],[20.7137,48.1841],[20.7115,48.1844],[20.7067,48.1817],[20.7047,48.1799],[20.701,48.1785],[20.6958,48.1825],[20.6951,48.184],[20.6937,48.1842],[20.6912,48.1833],[20.69,48.1838],[20.6889,48.183],[20.6864,48.1825],[20.6831,48.1827],[20.6737,48.19],[20.6757,48.1916],[20.6741,48.1925],[20.6723,48.1911],[20.6689,48.1937],[20.6673,48.193],[20.664,48.1963],[20.6575,48.1938],[20.6607,48.1912],[20.6603,48.1909],[20.656,48.1883],[20.6549,48.1867],[20.6565,48.1855],[20.6537,48.1846],[20.653,48.185],[20.6522,48.1844],[20.6522,48.1849],[20.6516,48.1847],[20.6516,48.1852],[20.6507,48.1851],[20.6511,48.1853],[20.6508,48.1856],[20.6497,48.1837],[20.6479,48.1836],[20.6449,48.1851],[20.6444,48.1834],[20.6408,48.1831],[20.6357,48.1803],[20.6339,48.1788],[20.6312,48.1778],[20.6309,48.1769],[20.6273,48.178],[20.6241,48.1778],[20.6166,48.1796],[20.6154,48.1804],[20.615,48.1825],[20.6115,48.1834],[20.6093,48.1821],[20.6091,48.1808],[20.607,48.1809],[20.6053,48.1801],[20.6051,48.1796],[20.5964,48.1768],[20.5935,48.1762],[20.5907,48.1766],[20.5893,48.1771],[20.5876,48.1794],[20.5866,48.18],[20.5827,48.1808],[20.5829,48.1795],[20.582,48.1793],[20.5822,48.1784],[20.58,48.1769],[20.5792,48.1769],[20.5792,48.176],[20.5776,48.1757],[20.5776,48.1752],[20.5769,48.175],[20.5772,48.1744],[20.5764,48.1744],[20.5757,48.1735],[20.576,48.1729],[20.5753,48.1727],[20.5761,48.1721],[20.5756,48.172],[20.5755,48.1713],[20.5747,48.1715],[20.5748,48.171],[20.5757,48.1708],[20.575,48.1706],[20.5743,48.1692],[20.5736,48.1691],[20.5735,48.1678],[20.57,48.1662],[20.5675,48.1635],[20.5669,48.1635],[20.5667,48.1631],[20.5661,48.1634],[20.5655,48.1631],[20.5657,48.1621],[20.5654,48.1623],[20.5648,48.1617],[20.564,48.1618],[20.5641,48.1616],[20.5629,48.1618],[20.5621,48.161],[20.5614,48.1613],[20.5609,48.1607],[20.5586,48.1602],[20.5585,48.1598],[20.5575,48.1596],[20.5539,48.1572],[20.5509,48.1575],[20.5475,48.1563],[20.546,48.1548],[20.5445,48.152],[20.5458,48.1471],[20.5474,48.1447],[20.5494,48.1432],[20.5496,48.1407],[20.5465,48.1386],[20.542,48.1369],[20.5396,48.1363],[20.5376,48.137],[20.5362,48.1371],[20.5341,48.1367],[20.5333,48.1359],[20.5324,48.133],[20.5309,48.1319],[20.5318,48.1285],[20.5319,48.1228],[20.5276,48.1232],[20.5187,48.1219],[20.5165,48.1218],[20.5144,48.1209],[20.5079,48.1198],[20.5007,48.113],[20.4919,48.1121],[20.4865,48.1081],[20.4841,48.1052],[20.4838,48.1035],[20.4815,48.1043],[20.4809,48.1052],[20.4816,48.108],[20.4833,48.1093],[20.4841,48.1125],[20.483,48.1141],[20.4831,48.1155],[20.4818,48.1164],[20.4788,48.1171],[20.4783,48.1176],[20.4777,48.1189],[20.4779,48.1216],[20.4766,48.1236],[20.4767,48.1244],[20.4777,48.1257],[20.4766,48.127],[20.4745,48.1272],[20.4742,48.128],[20.4758,48.1297],[20.4749,48.1302],[20.4742,48.1317],[20.4684,48.1311],[20.4678,48.1322],[20.4666,48.1328],[20.4655,48.1339],[20.4633,48.1408],[20.4618,48.1425],[20.459,48.1447],[20.4554,48.1454],[20.4515,48.1471],[20.4517,48.1478],[20.4555,48.1489],[20.4542,48.1506],[20.4529,48.1511],[20.4506,48.1504],[20.45,48.1512],[20.4493,48.1508],[20.4474,48.1508],[20.4463,48.1504],[20.4431,48.1511],[20.4432,48.1536],[20.4442,48.1566],[20.4415,48.1598],[20.4413,48.1619],[20.4433,48.1623],[20.4448,48.1617],[20.4463,48.1617],[20.4488,48.1673],[20.4485,48.1686],[20.4473,48.1703],[20.448,48.1742],[20.4468,48.1743],[20.445,48.1755],[20.4432,48.1754],[20.4432,48.176],[20.4421,48.1768],[20.4472,48.1794],[20.4495,48.1813],[20.4484,48.1823],[20.4464,48.1832],[20.4461,48.185],[20.4442,48.1859],[20.4442,48.1885],[20.4428,48.1888],[20.4409,48.1902],[20.4409,48.1912],[20.439,48.1948],[20.4396,48.1955],[20.4416,48.1962],[20.4526,48.2041],[20.4528,48.2048],[20.4546,48.2056],[20.459,48.2088],[20.4598,48.21],[20.4614,48.2126],[20.4612,48.2134],[20.4621,48.2145],[20.4642,48.2155],[20.4638,48.2176],[20.4656,48.2192],[20.465,48.2201],[20.4676,48.2222],[20.4652,48.2221],[20.4628,48.2229],[20.462,48.2238],[20.4626,48.2261],[20.4618,48.2276],[20.4601,48.2286],[20.4581,48.2287],[20.4532,48.23],[20.4523,48.2305],[20.4523,48.2324],[20.4512,48.2334],[20.4453,48.2351],[20.442,48.2348],[20.4432,48.2358],[20.4451,48.236],[20.4476,48.2401],[20.4507,48.2402],[20.4542,48.2411],[20.4581,48.2409],[20.4636,48.2449],[20.466,48.246],[20.468,48.246],[20.4705,48.2471],[20.4726,48.2473],[20.4773,48.2492],[20.4784,48.2505],[20.48,48.2513],[20.4842,48.252],[20.4885,48.2514],[20.4892,48.2541],[20.4896,48.2543],[20.4909,48.2545],[20.4944,48.254],[20.4969,48.2543],[20.502,48.2566],[20.5041,48.2571],[20.5056,48.2582],[20.5112,48.2579],[20.5154,48.2589],[20.5203,48.259],[20.5228,48.2604],[20.5237,48.2619],[20.5234,48.2639],[20.524,48.266],[20.5222,48.2704],[20.5209,48.2719],[20.5276,48.273],[20.5327,48.2728],[20.5375,48.275],[20.5415,48.2735],[20.5428,48.2737],[20.542,48.2803],[20.5431,48.2812],[20.544,48.2811],[20.5457,48.2799],[20.5478,48.2799],[20.5496,48.2776],[20.5511,48.2778],[20.5533,48.2795],[20.5537,48.2805],[20.5531,48.2812],[20.5558,48.2814],[20.5565,48.2813],[20.5582,48.2784],[20.5598,48.2772],[20.5614,48.2774],[20.5614,48.2785],[20.5624,48.2792],[20.5646,48.2786],[20.5685,48.2786],[20.5711,48.2767],[20.5722,48.2765],[20.5728,48.2766],[20.5727,48.2781],[20.5736,48.2789],[20.5751,48.2793],[20.5775,48.2786],[20.5808,48.2779],[20.5793,48.2737],[20.583,48.2735],[20.589,48.2725],[20.591,48.2755],[20.5935,48.2772],[20.5948,48.2769],[20.5965,48.2753],[20.6004,48.2745],[20.6003,48.2742],[20.6023,48.2743],[20.6034,48.275],[20.6053,48.274],[20.6066,48.2751],[20.6091,48.2754],[20.6095,48.2753],[20.6082,48.2736],[20.6102,48.2723],[20.6111,48.2715],[20.6121,48.2713],[20.6132,48.2699],[20.6134,48.2692],[20.6119,48.2689],[20.613,48.2682],[20.6146,48.2683],[20.6176,48.2697],[20.6191,48.2688],[20.6205,48.2686],[20.621,48.2706],[20.6242,48.2697],[20.6252,48.2703],[20.6261,48.2698],[20.6278,48.2706],[20.6285,48.277],[20.6272,48.2796],[20.6292,48.2796],[20.6302,48.2832],[20.6295,48.2856],[20.6296,48.2937],[20.6284,48.2936],[20.6249,48.2964],[20.6419,48.2953],[20.6467,48.2976],[20.6479,48.2987],[20.6462,48.299],[20.6462,48.3002],[20.6457,48.2998],[20.6448,48.3003],[20.6436,48.2998],[20.6412,48.3013],[20.6433,48.3032],[20.6411,48.3038],[20.643,48.3074],[20.6411,48.3079],[20.6405,48.3086],[20.6404,48.3102],[20.6384,48.3107],[20.6379,48.3123],[20.6383,48.3136],[20.6389,48.3139],[20.6371,48.3183],[20.6387,48.3192],[20.6399,48.3213],[20.6386,48.3237],[20.6402,48.3233],[20.6419,48.322],[20.6427,48.3225],[20.6431,48.3221],[20.6459,48.3226],[20.6466,48.323],[20.6465,48.3234],[20.6488,48.3236],[20.649,48.3227],[20.6494,48.3227],[20.6504,48.3216],[20.6543,48.3217],[20.6562,48.3228],[20.6591,48.3231],[20.6596,48.3225],[20.6608,48.3225],[20.6615,48.3228],[20.662,48.3247],[20.6628,48.3256],[20.6621,48.3278],[20.664,48.3299],[20.6636,48.3329],[20.6652,48.3352],[20.6651,48.3375],[20.6685,48.3422],[20.6686,48.3454],[20.6696,48.3465],[20.6727,48.3457],[20.6769,48.3436],[20.6836,48.3427],[20.6874,48.3445],[20.6878,48.3458],[20.6895,48.3468],[20.6917,48.347],[20.6951,48.3479],[20.6993,48.3478],[20.7022,48.3484],[20.7058,48.3485],[20.7124,48.351],[20.715,48.351],[20.7191,48.3525],[20.7225,48.3558],[20.7254,48.357],[20.7274,48.3588],[20.7287,48.3587],[20.7331,48.3602],[20.7367,48.3609],[20.7381,48.3627],[20.7405,48.3633],[20.7423,48.3646],[20.7452,48.3649],[20.7497,48.366],[20.7524,48.3677],[20.757,48.368],[20.758,48.3675],[20.7596,48.3657],[20.7615,48.3648],[20.7622,48.3664],[20.7637,48.3681],[20.7676,48.3709],[20.7755,48.3728],[20.7737,48.3754],[20.7728,48.3758],[20.7722,48.3769],[20.7703,48.3777],[20.7685,48.3796],[20.7649,48.3808],[20.7638,48.383],[20.7611,48.3832],[20.7599,48.384],[20.7593,48.3866],[20.7574,48.3881],[20.7566,48.3899],[20.7588,48.3902],[20.7606,48.3924],[20.7635,48.394],[20.7655,48.3962],[20.7661,48.3982],[20.7657,48.4],[20.7671,48.4015],[20.7663,48.4032],[20.7669,48.4057],[20.7661,48.4067],[20.7631,48.4072],[20.7622,48.4086],[20.7595,48.4089],[20.7578,48.4104],[20.7516,48.4141],[20.7495,48.4163],[20.7488,48.4186],[20.7509,48.4209],[20.7546,48.4234],[20.7553,48.4248],[20.7534,48.4306],[20.7537,48.4322],[20.755,48.4344],[20.7576,48.4349],[20.7597,48.4366],[20.762,48.4373],[20.7646,48.439],[20.7675,48.4399],[20.7669,48.4421],[20.7652,48.4436],[20.7664,48.4444],[20.7689,48.4449],[20.7688,48.4454],[20.7714,48.4455],[20.7748,48.448],[20.7763,48.4481],[20.7781,48.4475],[20.78,48.4477],[20.7814,48.4484],[20.7838,48.4486],[20.7889,48.4498],[20.7911,48.4493],[20.7927,48.4476],[20.7933,48.4452],[20.7931,48.4423],[20.7936,48.4428],[20.7949,48.4431],[20.7962,48.4446],[20.7965,48.4444],[20.7968,48.4461],[20.7987,48.4484],[20.7984,48.4493],[20.7972,48.45],[20.7969,48.4517],[20.7959,48.4528],[20.7971,48.4534],[20.7969,48.4542],[20.8016,48.4568],[20.7962,48.4611],[20.7925,48.462],[20.7966,48.4653],[20.8026,48.4679],[20.8032,48.4694],[20.8013,48.4721],[20.7997,48.4737],[20.799,48.4756],[20.8003,48.4771],[20.8027,48.4788],[20.8032,48.4851],[20.8021,48.4872],[20.7961,48.4884],[20.7949,48.4906],[20.7957,48.4927],[20.7979,48.4955],[20.8009,48.4963],[20.808,48.4976],[20.8096,48.4983],[20.8111,48.499],[20.8138,48.502],[20.8205,48.5039],[20.8226,48.5051],[20.823,48.5057],[20.8241,48.5055],[20.8249,48.506],[20.827,48.509],[20.8309,48.512],[20.8329,48.5144],[20.8346,48.5156],[20.8407,48.5153],[20.8422,48.516],[20.8432,48.5169],[20.8435,48.5188],[20.8423,48.5213],[20.8425,48.522],[20.8453,48.5237],[20.8455,48.5283],[20.8466,48.5301],[20.8466,48.5318],[20.8482,48.5329],[20.8489,48.5359],[20.8478,48.538],[20.8479,48.5391],[20.8508,48.5429],[20.853,48.5447],[20.8545,48.5466],[20.8606,48.5519],[20.8636,48.5552],[20.8659,48.5539],[20.8682,48.5518],[20.8706,48.5532],[20.8752,48.5537],[20.8771,48.5508],[20.9163,48.5602]]]}},{"type":"Feature","properties":{"id":"0505","name":"Borsod-Abaúj-Zemplén vármegye 05. OEVK","regionId":"borsod","center":"Sátoraljaújhely"},"geometry":{"type":"Polygon","coordinates":[[[22.1216,48.3779],[22.1207,48.3767],[22.1194,48.3717],[22.1177,48.3688],[22.1188,48.367],[22.1211,48.3653],[22.1235,48.3647],[22.1292,48.3643],[22.1289,48.3625],[22.1279,48.3608],[22.1273,48.3588],[22.1263,48.3582],[22.1255,48.3583],[22.1243,48.3587],[22.1215,48.361],[22.118,48.362],[22.1145,48.3622],[22.1091,48.3627],[22.1083,48.3607],[22.1155,48.3594],[22.1197,48.3578],[22.1245,48.354],[22.1252,48.3508],[22.1246,48.3498],[22.1233,48.3493],[22.1219,48.3493],[22.1191,48.3504],[22.1165,48.3505],[22.1107,48.3494],[22.1066,48.3469],[22.1059,48.3478],[22.1033,48.3424],[22.1051,48.3417],[22.1105,48.3424],[22.1117,48.3418],[22.1118,48.3411],[22.1105,48.3404],[22.1071,48.3402],[22.0992,48.3369],[22.0973,48.3351],[22.0951,48.3338],[22.1002,48.3324],[22.1018,48.3314],[22.1033,48.3298],[22.1043,48.3278],[22.1044,48.3262],[22.1028,48.3242],[22.0979,48.3233],[22.0958,48.3238],[22.0954,48.3251],[22.0977,48.3269],[22.0991,48.3294],[22.0985,48.3307],[22.0975,48.3313],[22.0947,48.3318],[22.0912,48.3313],[22.0899,48.3315],[22.0868,48.3294],[22.0848,48.3273],[22.0842,48.325],[22.0844,48.322],[22.0865,48.3164],[22.0869,48.314],[22.0866,48.3117],[22.0855,48.3098],[22.0836,48.3092],[22.0812,48.3094],[22.0808,48.3086],[22.0758,48.3103],[22.0653,48.3129],[22.0651,48.3106],[22.0673,48.3065],[22.0688,48.3022],[22.0682,48.3002],[22.0673,48.2995],[22.0658,48.2981],[22.0624,48.297],[22.0576,48.297],[22.0556,48.2976],[22.0531,48.2994],[22.0523,48.3012],[22.0476,48.3068],[22.0449,48.3079],[22.042,48.3078],[22.0384,48.3071],[22.033,48.3037],[22.0303,48.3026],[22.0276,48.302],[22.0235,48.3018],[22.0263,48.3105],[22.0267,48.3121],[22.0262,48.3122],[22.0163,48.3117],[22.0119,48.31],[22.0107,48.3084],[22.0112,48.3048],[22.0106,48.3036],[22.0082,48.3025],[22.0037,48.3011],[22.0022,48.2991],[22.0026,48.2982],[22.0009,48.2976],[21.9941,48.2964],[21.9887,48.2945],[21.9853,48.2928],[21.9815,48.2892],[21.9791,48.2838],[21.976,48.2797],[21.9737,48.2778],[21.9676,48.2751],[21.9652,48.2735],[21.9633,48.2713],[21.9624,48.2693],[21.9627,48.2684],[21.9622,48.267],[21.9522,48.2641],[21.9475,48.2618],[21.9453,48.2595],[21.9409,48.2625],[21.9398,48.2627],[21.9387,48.2624],[21.9382,48.2617],[21.9401,48.2574],[21.943,48.2556],[21.9314,48.253],[21.9285,48.2512],[21.9267,48.2499],[21.925,48.2477],[21.9227,48.2413],[21.9209,48.2398],[21.9189,48.239],[21.9167,48.2389],[21.9121,48.2401],[21.9058,48.244],[21.9022,48.2458],[21.8968,48.2465],[21.8948,48.2462],[21.8916,48.245],[21.8804,48.2393],[21.875,48.238],[21.8687,48.2373],[21.8647,48.2374],[21.8601,48.2379],[21.8505,48.24],[21.8513,48.2318],[21.8507,48.23],[21.8483,48.2293],[21.8422,48.2299],[21.8405,48.2295],[21.8405,48.2282],[21.8437,48.2248],[21.8439,48.224],[21.8428,48.2232],[21.8421,48.2232],[21.8383,48.2261],[21.8331,48.2304],[21.8372,48.2325],[21.8396,48.2347],[21.8369,48.2368],[21.8334,48.2382],[21.8322,48.2395],[21.8312,48.2426],[21.8301,48.2442],[21.8277,48.2439],[21.8253,48.2431],[21.8232,48.2416],[21.8231,48.2407],[21.8253,48.2387],[21.8257,48.2367],[21.8247,48.2332],[21.8235,48.2318],[21.8224,48.2316],[21.8212,48.2322],[21.8178,48.2391],[21.8169,48.24],[21.815,48.24],[21.8134,48.239],[21.8114,48.2362],[21.8112,48.2333],[21.8132,48.229],[21.8152,48.2266],[21.808,48.2245],[21.8017,48.2232],[21.7979,48.2217],[21.7972,48.22],[21.7994,48.2154],[21.7995,48.2129],[21.7975,48.211],[21.7929,48.2104],[21.7868,48.2098],[21.7855,48.2086],[21.7851,48.2051],[21.7846,48.2035],[21.7837,48.2027],[21.7818,48.2026],[21.779,48.2033],[21.7719,48.2069],[21.7732,48.2019],[21.7726,48.2008],[21.7713,48.2003],[21.7678,48.2003],[21.7671,48.1997],[21.7674,48.1987],[21.7723,48.1953],[21.7725,48.1945],[21.7712,48.1939],[21.7672,48.1945],[21.7632,48.1944],[21.7556,48.1912],[21.7546,48.1913],[21.7547,48.1916],[21.754,48.1916],[21.7532,48.1925],[21.7527,48.1982],[21.7526,48.1996],[21.755,48.2021],[21.7541,48.2041],[21.746,48.2027],[21.7412,48.2014],[21.737,48.1997],[21.7332,48.1974],[21.7323,48.1989],[21.7296,48.2017],[21.7273,48.2032],[21.7248,48.2038],[21.7236,48.2034],[21.7227,48.2024],[21.7222,48.2005],[21.7225,48.1981],[21.7236,48.1942],[21.7268,48.1926],[21.7295,48.1925],[21.728,48.1887],[21.7218,48.1863],[21.7209,48.1873],[21.7196,48.1876],[21.7186,48.1885],[21.7188,48.1895],[21.7209,48.1917],[21.7211,48.1926],[21.7193,48.1932],[21.7181,48.1941],[21.7155,48.1981],[21.7144,48.1981],[21.7127,48.1969],[21.7103,48.1938],[21.7112,48.1931],[21.6961,48.1943],[21.6902,48.1946],[21.6805,48.1914],[21.6701,48.1922],[21.6445,48.1943],[21.6278,48.1933],[21.6022,48.1975],[21.5911,48.2031],[21.5843,48.2086],[21.5821,48.2086],[21.5788,48.2097],[21.5751,48.2091],[21.5748,48.2085],[21.5759,48.2073],[21.5754,48.2071],[21.5737,48.2073],[21.5726,48.206],[21.5715,48.2054],[21.5711,48.2009],[21.5708,48.2003],[21.57,48.2001],[21.5671,48.2001],[21.5643,48.2008],[21.561,48.1997],[21.5597,48.1997],[21.558,48.1999],[21.5556,48.2009],[21.555,48.2005],[21.5544,48.1985],[21.5532,48.198],[21.5508,48.198],[21.5496,48.1976],[21.5506,48.196],[21.5506,48.1952],[21.55,48.1948],[21.5488,48.1952],[21.5481,48.1968],[21.5473,48.197],[21.544,48.1962],[21.5395,48.1968],[21.537,48.1976],[21.5352,48.1974],[21.5331,48.1958],[21.5326,48.1947],[21.5326,48.1938],[21.5342,48.1924],[21.5337,48.1905],[21.5322,48.19],[21.525,48.1863],[21.5204,48.1853],[21.517,48.1851],[21.5164,48.1847],[21.5162,48.1837],[21.5219,48.1818],[21.5251,48.1798],[21.5243,48.179],[21.5176,48.1784],[21.5054,48.1776],[21.5068,48.1758],[21.5075,48.1738],[21.5067,48.1728],[21.5044,48.1725],[21.5027,48.1729],[21.5014,48.1739],[21.5015,48.178],[21.49,48.1806],[21.486,48.1811],[21.4794,48.1805],[21.4753,48.1783],[21.4738,48.1753],[21.4743,48.1717],[21.4738,48.1676],[21.4726,48.1669],[21.4712,48.1668],[21.4634,48.1696],[21.4614,48.1699],[21.4631,48.1725],[21.4616,48.1746],[21.4611,48.177],[21.4589,48.1778],[21.4576,48.1777],[21.4571,48.1784],[21.4552,48.1784],[21.4548,48.1795],[21.4535,48.1795],[21.4525,48.1799],[21.4476,48.1791],[21.4438,48.1774],[21.4416,48.1757],[21.4396,48.1719],[21.4375,48.1717],[21.4364,48.1726],[21.436,48.1716],[21.435,48.1713],[21.4348,48.1718],[21.4357,48.1724],[21.435,48.1731],[21.4331,48.1738],[21.4315,48.1736],[21.4315,48.1744],[21.4328,48.1751],[21.4316,48.1752],[21.4309,48.1758],[21.4333,48.1773],[21.4321,48.1779],[21.4318,48.1787],[21.4308,48.1794],[21.4263,48.1804],[21.4209,48.1799],[21.4161,48.1822],[21.4151,48.1835],[21.4151,48.1856],[21.4157,48.1867],[21.4168,48.1872],[21.4177,48.1872],[21.4191,48.1865],[21.4201,48.185],[21.4218,48.1837],[21.4251,48.1833],[21.4273,48.1838],[21.433,48.1872],[21.4363,48.1875],[21.4391,48.1891],[21.4388,48.1895],[21.4363,48.1897],[21.4332,48.1917],[21.4335,48.1925],[21.4366,48.1949],[21.4385,48.1948],[21.4401,48.1958],[21.4393,48.1968],[21.4382,48.1971],[21.438,48.1979],[21.4366,48.1983],[21.4369,48.2013],[21.4378,48.2023],[21.4359,48.2028],[21.4327,48.2054],[21.4217,48.2064],[21.4192,48.2039],[21.414,48.2016],[21.4064,48.2011],[21.4055,48.1981],[21.4061,48.1973],[21.3991,48.1925],[21.3825,48.1913],[21.381,48.1919],[21.3761,48.1871],[21.3747,48.1878],[21.3744,48.1887],[21.3731,48.1896],[21.37,48.1912],[21.3696,48.1908],[21.3671,48.1919],[21.3708,48.1946],[21.3673,48.1962],[21.366,48.1982],[21.3599,48.2018],[21.3584,48.2033],[21.3562,48.2064],[21.3549,48.2098],[21.3513,48.2139],[21.3521,48.2173],[21.356,48.2205],[21.3586,48.2248],[21.3561,48.2245],[21.3529,48.2248],[21.3506,48.2242],[21.3487,48.2243],[21.347,48.2253],[21.3457,48.2252],[21.3412,48.2256],[21.3382,48.2268],[21.3352,48.2271],[21.3342,48.2283],[21.3344,48.2297],[21.335,48.2302],[21.3272,48.2302],[21.3247,48.2338],[21.3234,48.2374],[21.3193,48.2403],[21.3171,48.2426],[21.3149,48.2438],[21.314,48.245],[21.3124,48.2433],[21.3119,48.2417],[21.3091,48.241],[21.3085,48.2417],[21.306,48.2412],[21.3015,48.2417],[21.2995,48.2425],[21.2962,48.2431],[21.2932,48.243],[21.2916,48.2401],[21.2897,48.2383],[21.2896,48.2356],[21.2879,48.2344],[21.2857,48.2288],[21.2854,48.2231],[21.2824,48.2198],[21.2832,48.218],[21.2821,48.2141],[21.2815,48.2136],[21.2803,48.2139],[21.2735,48.2169],[21.2714,48.2156],[21.2713,48.2149],[21.2683,48.2113],[21.2675,48.2076],[21.2679,48.2063],[21.2648,48.2037],[21.2633,48.2032],[21.262,48.2014],[21.2614,48.2015],[21.2594,48.2004],[21.2564,48.198],[21.2543,48.1909],[21.2511,48.186],[21.2487,48.1839],[21.2435,48.1852],[21.2426,48.1883],[21.2418,48.1949],[21.2409,48.196],[21.2396,48.2022],[21.2307,48.1986],[21.2268,48.2019],[21.2173,48.2002],[21.2159,48.206],[21.2129,48.2052],[21.2126,48.2058],[21.2063,48.2039],[21.2053,48.2044],[21.2026,48.2068],[21.1988,48.2089],[21.1967,48.2084],[21.1956,48.2069],[21.1944,48.2038],[21.1949,48.2017],[21.1942,48.2015],[21.1919,48.2029],[21.1903,48.2028],[21.1914,48.1982],[21.191,48.1976],[21.1892,48.1968],[21.1876,48.1984],[21.1852,48.1997],[21.182,48.2047],[21.1808,48.2076],[21.18,48.2082],[21.175,48.2163],[21.1734,48.2176],[21.1721,48.218],[21.1644,48.2183],[21.1649,48.2206],[21.1694,48.2236],[21.165,48.2248],[21.1666,48.2276],[21.1668,48.2297],[21.1659,48.2311],[21.1619,48.2314],[21.1579,48.2336],[21.1529,48.2351],[21.1482,48.2358],[21.1409,48.2383],[21.1321,48.2405],[21.1293,48.2407],[21.1283,48.2424],[21.1192,48.2415],[21.114,48.2416],[21.1108,48.233],[21.1071,48.2331],[21.1043,48.2338],[21.0996,48.2292],[21.097,48.2279],[21.0954,48.2299],[21.0935,48.2308],[21.09,48.2353],[21.0896,48.2373],[21.0784,48.2416],[21.0777,48.2399],[21.0679,48.2438],[21.0638,48.2485],[21.0572,48.2533],[21.0543,48.2547],[21.0584,48.2593],[21.0667,48.2653],[21.0701,48.2689],[21.0745,48.2718],[21.0749,48.2729],[21.0768,48.2735],[21.078,48.2723],[21.0791,48.273],[21.0784,48.2737],[21.0796,48.2744],[21.0803,48.274],[21.0813,48.2744],[21.0846,48.273],[21.088,48.2733],[21.0892,48.2727],[21.0881,48.2716],[21.0882,48.2707],[21.0875,48.2698],[21.0883,48.2696],[21.0879,48.2693],[21.0896,48.2672],[21.0946,48.2633],[21.0975,48.262],[21.0999,48.2641],[21.1034,48.2656],[21.1021,48.2693],[21.0999,48.2707],[21.1012,48.2719],[21.103,48.2726],[21.1013,48.2731],[21.1049,48.2745],[21.1053,48.2742],[21.109,48.2768],[21.1091,48.2773],[21.1076,48.2786],[21.1087,48.2792],[21.1087,48.2807],[21.1064,48.2818],[21.1116,48.2889],[21.1158,48.295],[21.1165,48.2963],[21.1049,48.2989],[21.1034,48.3001],[21.1026,48.2999],[21.1002,48.3013],[21.0956,48.3028],[21.0908,48.3056],[21.0924,48.3067],[21.1011,48.3192],[21.0923,48.3224],[21.1009,48.3282],[21.0979,48.3305],[21.0986,48.331],[21.0933,48.3327],[21.0947,48.3341],[21.0915,48.3353],[21.0856,48.3412],[21.0839,48.3445],[21.0832,48.3487],[21.082,48.3519],[21.0766,48.3594],[21.0763,48.3678],[21.0768,48.3699],[21.0792,48.3729],[21.0802,48.378],[21.0791,48.3798],[21.0758,48.3824],[21.0745,48.3855],[21.075,48.3873],[21.0772,48.389],[21.0773,48.3898],[21.0768,48.3907],[21.0852,48.393],[21.09,48.3973],[21.0909,48.4011],[21.0931,48.4026],[21.0907,48.4046],[21.0884,48.4073],[21.0872,48.4102],[21.0875,48.4108],[21.0908,48.4128],[21.0928,48.4149],[21.0946,48.4153],[21.0964,48.4178],[21.1032,48.4221],[21.1005,48.4228],[21.1011,48.4238],[21.0956,48.425],[21.0917,48.4302],[21.0903,48.4347],[21.0951,48.4404],[21.0877,48.4409],[21.0839,48.4425],[21.0834,48.4443],[21.0761,48.4511],[21.0758,48.4531],[21.0744,48.4555],[21.0698,48.461],[21.0693,48.4628],[21.0697,48.4662],[21.0677,48.469],[21.0659,48.47],[21.0636,48.4755],[21.059,48.4781],[21.0579,48.4775],[21.0506,48.4779],[21.0516,48.4807],[21.0528,48.4814],[21.0492,48.483],[21.051,48.4855],[21.0507,48.4877],[21.0515,48.4912],[21.0513,48.4956],[21.0448,48.4951],[21.0436,48.4991],[21.0401,48.5016],[21.0386,48.5033],[21.0422,48.505],[21.0413,48.5056],[21.0417,48.5058],[21.0404,48.5083],[21.0387,48.5097],[21.0399,48.5115],[21.0421,48.5124],[21.0406,48.5133],[21.044,48.5138],[21.0522,48.5073],[21.0557,48.5085],[21.0624,48.5078],[21.0637,48.5084],[21.0677,48.5084],[21.0705,48.5125],[21.0755,48.5105],[21.0727,48.5088],[21.0801,48.5073],[21.0846,48.5086],[21.086,48.5094],[21.0885,48.5092],[21.0898,48.5169],[21.0931,48.5153],[21.0962,48.5128],[21.0981,48.5102],[21.0978,48.5042],[21.0945,48.5014],[21.0942,48.5007],[21.095,48.4997],[21.1011,48.4946],[21.1087,48.4923],[21.1117,48.4923],[21.1174,48.4911],[21.12,48.4919],[21.1283,48.4924],[21.1339,48.4954],[21.135,48.499],[21.1407,48.5061],[21.1427,48.5085],[21.1447,48.5092],[21.1481,48.512],[21.1485,48.5135],[21.1504,48.5139],[21.1503,48.5154],[21.1522,48.5166],[21.1539,48.517],[21.1558,48.5165],[21.1595,48.5179],[21.1597,48.5196],[21.1611,48.5216],[21.1631,48.5217],[21.1676,48.521],[21.17,48.5219],[21.1734,48.5219],[21.1767,48.5195],[21.1788,48.5183],[21.1796,48.5182],[21.1819,48.5199],[21.1851,48.5204],[21.186,48.5221],[21.1875,48.5233],[21.188,48.5248],[21.1912,48.5226],[21.1926,48.5266],[21.1955,48.5247],[21.1971,48.525],[21.199,48.5245],[21.2056,48.5273],[21.2091,48.5274],[21.2086,48.5312],[21.2093,48.5335],[21.2166,48.5315],[21.2184,48.5352],[21.2211,48.5375],[21.2333,48.5342],[21.2338,48.5357],[21.2329,48.537],[21.2329,48.5391],[21.2393,48.5397],[21.2455,48.536],[21.2475,48.5343],[21.2518,48.532],[21.262,48.5284],[21.2661,48.5261],[21.2692,48.5253],[21.2706,48.5274],[21.2861,48.5239],[21.2871,48.5243],[21.2967,48.5217],[21.2965,48.5225],[21.2974,48.5231],[21.3019,48.5226],[21.303,48.5221],[21.3047,48.522],[21.3066,48.5229],[21.3084,48.5252],[21.3086,48.5263],[21.3072,48.5265],[21.3061,48.5253],[21.3031,48.5247],[21.3017,48.5253],[21.3028,48.5269],[21.3065,48.5295],[21.3101,48.5296],[21.3119,48.5308],[21.3142,48.531],[21.316,48.5332],[21.3157,48.5336],[21.3151,48.5334],[21.3143,48.5338],[21.3146,48.5349],[21.3132,48.5367],[21.3098,48.5375],[21.3094,48.5391],[21.3098,48.5402],[21.3111,48.5406],[21.3135,48.5396],[21.3177,48.5393],[21.3184,48.5399],[21.3164,48.5422],[21.3163,48.5436],[21.3172,48.5443],[21.3187,48.5443],[21.3199,48.545],[21.3208,48.5459],[21.3215,48.5479],[21.3211,48.5484],[21.3187,48.5497],[21.3168,48.549],[21.3147,48.549],[21.3137,48.5494],[21.3132,48.5501],[21.3137,48.5511],[21.3168,48.553],[21.3182,48.5529],[21.3223,48.5515],[21.3247,48.5522],[21.3267,48.5537],[21.3268,48.5556],[21.3262,48.5561],[21.3197,48.5562],[21.3174,48.5559],[21.3163,48.5552],[21.316,48.5554],[21.3156,48.5572],[21.3182,48.5597],[21.3187,48.5607],[21.3228,48.5623],[21.3256,48.5621],[21.3259,48.5617],[21.3234,48.5577],[21.3256,48.5581],[21.326,48.5587],[21.3276,48.5595],[21.3393,48.559],[21.3404,48.5592],[21.3404,48.5599],[21.3495,48.5606],[21.3653,48.5604],[21.3669,48.5597],[21.3702,48.5591],[21.3718,48.5594],[21.3733,48.559],[21.3745,48.5597],[21.3759,48.5589],[21.3796,48.5582],[21.3821,48.56],[21.3912,48.5623],[21.3958,48.5635],[21.3988,48.5635],[21.4004,48.5638],[21.4043,48.5631],[21.4053,48.5623],[21.4062,48.56],[21.4074,48.5595],[21.4105,48.5589],[21.4123,48.5592],[21.4141,48.5588],[21.4166,48.5593],[21.4184,48.561],[21.421,48.5622],[21.4218,48.5635],[21.4212,48.5749],[21.4226,48.5776],[21.4227,48.5788],[21.4265,48.58],[21.4273,48.5825],[21.4289,48.5836],[21.4301,48.5834],[21.435,48.5838],[21.4401,48.5852],[21.442,48.5843],[21.4428,48.5825],[21.444,48.5816],[21.4463,48.5807],[21.4479,48.5787],[21.4481,48.5767],[21.4502,48.576],[21.4507,48.5749],[21.4545,48.5746],[21.4581,48.5767],[21.4583,48.5753],[21.4606,48.574],[21.4606,48.5734],[21.4616,48.5736],[21.4638,48.5728],[21.469,48.5693],[21.4711,48.5662],[21.4757,48.5643],[21.4777,48.5641],[21.4791,48.5652],[21.4814,48.5647],[21.4823,48.5634],[21.4847,48.5626],[21.4857,48.56],[21.4881,48.5587],[21.4884,48.5584],[21.4906,48.5594],[21.4971,48.5587],[21.4972,48.5605],[21.4992,48.5604],[21.4997,48.56],[21.4992,48.5596],[21.4997,48.5585],[21.4996,48.5567],[21.5006,48.5549],[21.5035,48.5547],[21.5068,48.5555],[21.508,48.5553],[21.5087,48.5547],[21.5065,48.5527],[21.5085,48.5521],[21.5106,48.5528],[21.5118,48.5511],[21.5141,48.5511],[21.5184,48.5469],[21.5156,48.5406],[21.5155,48.5396],[21.517,48.5376],[21.5187,48.5369],[21.5214,48.5345],[21.5208,48.5337],[21.5212,48.5321],[21.5258,48.5246],[21.5252,48.5236],[21.5252,48.5226],[21.5289,48.5206],[21.5319,48.5174],[21.5357,48.5158],[21.5378,48.5154],[21.5392,48.5146],[21.5416,48.5129],[21.5408,48.5119],[21.542,48.5084],[21.5497,48.5095],[21.5509,48.5087],[21.5534,48.5086],[21.5559,48.5092],[21.5612,48.5115],[21.563,48.5092],[21.5631,48.5073],[21.5656,48.5053],[21.5731,48.5048],[21.5773,48.5051],[21.578,48.5044],[21.5797,48.5047],[21.586,48.5114],[21.5907,48.5124],[21.5911,48.513],[21.5922,48.5128],[21.594,48.5133],[21.6013,48.51],[21.6033,48.5079],[21.6044,48.5074],[21.6056,48.5074],[21.6071,48.5083],[21.6096,48.5106],[21.6114,48.5101],[21.6117,48.5092],[21.6139,48.5094],[21.6137,48.5054],[21.6146,48.4978],[21.6183,48.498],[21.6198,48.4934],[21.6212,48.4921],[21.6219,48.4857],[21.6232,48.4736],[21.6237,48.4733],[21.623,48.4731],[21.6244,48.473],[21.6234,48.4725],[21.6229,48.4726],[21.6217,48.4722],[21.6203,48.4713],[21.6201,48.47],[21.6214,48.4675],[21.6223,48.4661],[21.6269,48.4617],[21.6304,48.4594],[21.6315,48.4592],[21.6307,48.4585],[21.6306,48.4575],[21.6295,48.4575],[21.6296,48.457],[21.6284,48.4565],[21.6293,48.4563],[21.6288,48.4557],[21.6293,48.4551],[21.63,48.4551],[21.6306,48.4541],[21.6299,48.4538],[21.6298,48.4527],[21.6306,48.452],[21.6302,48.4515],[21.6304,48.4507],[21.6325,48.4502],[21.6323,48.4496],[21.6315,48.4495],[21.6313,48.4492],[21.6328,48.4493],[21.6326,48.4486],[21.6338,48.4485],[21.6329,48.4481],[21.6328,48.4477],[21.6339,48.4479],[21.6341,48.4475],[21.6344,48.4481],[21.6368,48.4488],[21.6396,48.4476],[21.6473,48.438],[21.6487,48.4384],[21.6489,48.4377],[21.6506,48.4374],[21.6507,48.4362],[21.6516,48.4363],[21.6521,48.436],[21.6523,48.4346],[21.65,48.4341],[21.6504,48.4326],[21.6516,48.4324],[21.6528,48.433],[21.6526,48.4315],[21.6543,48.4293],[21.6604,48.4169],[21.6636,48.418],[21.6658,48.4119],[21.6641,48.4087],[21.6658,48.4068],[21.6646,48.4022],[21.665,48.4015],[21.6667,48.4008],[21.6674,48.3982],[21.6665,48.3953],[21.6646,48.3922],[21.6664,48.3914],[21.6668,48.3904],[21.6681,48.3899],[21.6686,48.3891],[21.6803,48.3908],[21.6833,48.3908],[21.6836,48.3884],[21.6941,48.3839],[21.6985,48.3829],[21.7017,48.3807],[21.7021,48.3809],[21.7059,48.3759],[21.7043,48.373],[21.7024,48.3712],[21.7054,48.3661],[21.7079,48.3662],[21.7113,48.3673],[21.7125,48.3666],[21.7143,48.3663],[21.7148,48.364],[21.7119,48.3576],[21.7193,48.3547],[21.7216,48.3516],[21.7234,48.3501],[21.7273,48.3491],[21.7294,48.349],[21.7358,48.3496],[21.7412,48.3485],[21.7433,48.3491],[21.745,48.3487],[21.749,48.3464],[21.7528,48.3462],[21.7547,48.3456],[21.7602,48.3428],[21.7614,48.3406],[21.7641,48.339],[21.7673,48.3391],[21.7737,48.3395],[21.7772,48.3403],[21.783,48.3389],[21.7901,48.3411],[21.7942,48.3407],[21.7984,48.3425],[21.8003,48.3412],[21.8031,48.341],[21.8034,48.3394],[21.8058,48.3382],[21.807,48.3381],[21.8092,48.3392],[21.8117,48.3379],[21.813,48.3381],[21.8136,48.3374],[21.8155,48.3377],[21.8162,48.3369],[21.8185,48.3371],[21.8185,48.3357],[21.8168,48.3333],[21.8172,48.3328],[21.8198,48.3337],[21.8223,48.3326],[21.8253,48.3341],[21.8337,48.334],[21.8352,48.3346],[21.8352,48.3367],[21.8345,48.3375],[21.8332,48.3381],[21.8332,48.3392],[21.8338,48.3405],[21.8369,48.3418],[21.8374,48.3426],[21.8372,48.3436],[21.8356,48.3451],[21.8351,48.3461],[21.8372,48.3484],[21.8377,48.3499],[21.8376,48.352],[21.8362,48.3545],[21.8361,48.3578],[21.8351,48.3611],[21.8365,48.363],[21.8396,48.3637],[21.8456,48.3639],[21.8465,48.3646],[21.8516,48.3654],[21.8531,48.3662],[21.8543,48.3663],[21.857,48.365],[21.8585,48.3639],[21.8597,48.3604],[21.8599,48.3576],[21.8618,48.3555],[21.863,48.3552],[21.8654,48.3559],[21.8655,48.3566],[21.8636,48.3591],[21.8645,48.3601],[21.8672,48.3598],[21.8696,48.358],[21.8724,48.3562],[21.8741,48.3557],[21.8754,48.3558],[21.8759,48.3567],[21.874,48.3593],[21.8745,48.3605],[21.8768,48.3616],[21.8812,48.3626],[21.8823,48.3622],[21.8827,48.3614],[21.8816,48.3584],[21.882,48.3567],[21.8831,48.356],[21.8851,48.3563],[21.8873,48.3576],[21.8883,48.3592],[21.8875,48.3604],[21.8846,48.3617],[21.8831,48.3632],[21.8835,48.3657],[21.8848,48.3675],[21.8873,48.369],[21.889,48.3692],[21.8912,48.3689],[21.8917,48.3685],[21.8917,48.3678],[21.8877,48.3654],[21.8872,48.3643],[21.8875,48.3636],[21.8918,48.3635],[21.8958,48.3625],[21.8984,48.3627],[21.8994,48.363],[21.8999,48.3638],[21.8973,48.3686],[21.898,48.3697],[21.8993,48.3702],[21.9002,48.3701],[21.9008,48.3694],[21.9005,48.3665],[21.9009,48.3653],[21.9015,48.3649],[21.9029,48.3649],[21.9057,48.3671],[21.9088,48.3679],[21.9121,48.3694],[21.9126,48.3691],[21.9115,48.3677],[21.9118,48.3668],[21.9157,48.3658],[21.9175,48.3634],[21.9185,48.3633],[21.9211,48.3638],[21.9236,48.3628],[21.9264,48.3618],[21.9282,48.3616],[21.9304,48.3623],[21.9322,48.3639],[21.9323,48.3647],[21.9316,48.3656],[21.9282,48.3672],[21.9272,48.3681],[21.9264,48.3698],[21.9272,48.3712],[21.9284,48.3712],[21.9317,48.3698],[21.9331,48.3697],[21.9388,48.373],[21.9392,48.3746],[21.9451,48.3751],[21.9463,48.3749],[21.9476,48.3776],[21.9492,48.3787],[21.9525,48.3795],[21.9569,48.3796],[21.9576,48.3785],[21.958,48.3786],[21.9592,48.3774],[21.961,48.3771],[21.9615,48.3784],[21.9612,48.3796],[21.9678,48.3801],[21.9685,48.3791],[21.9714,48.3803],[21.9724,48.3787],[21.9754,48.3779],[21.9819,48.3798],[21.9825,48.3787],[21.9828,48.3792],[21.9834,48.3787],[21.9834,48.3795],[21.9859,48.3758],[21.9866,48.376],[21.987,48.3779],[21.9893,48.379],[21.9891,48.3792],[21.9917,48.3795],[21.9923,48.3784],[21.9945,48.3773],[21.9954,48.3782],[21.9983,48.3789],[21.9989,48.3798],[22.0002,48.3801],[22.0005,48.3807],[22.0025,48.3809],[22.0037,48.3815],[22.007,48.3813],[22.0082,48.3826],[22.0082,48.384],[22.0101,48.3838],[22.0108,48.3846],[22.0143,48.3851],[22.0178,48.3863],[22.0198,48.389],[22.023,48.3886],[22.0239,48.3891],[22.0238,48.3902],[22.0229,48.3907],[22.0211,48.3908],[22.0214,48.3927],[22.0284,48.3922],[22.0332,48.3879],[22.0359,48.3861],[22.0369,48.3864],[22.0451,48.3841],[22.0515,48.3797],[22.0546,48.3775],[22.0582,48.3779],[22.0576,48.3813],[22.0598,48.3815],[22.0602,48.3824],[22.0614,48.3822],[22.0616,48.3828],[22.0666,48.3823],[22.0667,48.3818],[22.0696,48.3821],[22.0695,48.3823],[22.0715,48.3828],[22.0719,48.3818],[22.0728,48.382],[22.0719,48.384],[22.0722,48.3853],[22.0765,48.3872],[22.0798,48.3838],[22.0844,48.3808],[22.0826,48.3787],[22.0845,48.3773],[22.084,48.3769],[22.0859,48.3718],[22.0867,48.3716],[22.089,48.3737],[22.0903,48.3742],[22.0932,48.3786],[22.0947,48.3773],[22.0968,48.3769],[22.0973,48.3772],[22.0985,48.3764],[22.1016,48.3762],[22.1046,48.3774],[22.1086,48.3807],[22.1116,48.3813],[22.1165,48.3805],[22.1216,48.3779]]]}},{"type":"Feature","properties":{"id":"0506","name":"Borsod-Abaúj-Zemplén vármegye 06. OEVK","regionId":"borsod","center":"Tiszaújváros"},"geometry":{"type":"Polygon","coordinates":[[[21.0079,48.2745],[21.0036,48.2723],[20.9973,48.2659],[21.002,48.2621],[21.0023,48.2592],[21.0032,48.2585],[21.0118,48.253],[21.0136,48.2532],[21.0146,48.2537],[21.0134,48.2546],[21.0135,48.2552],[21.0281,48.2483],[21.0257,48.2465],[21.0245,48.2464],[21.0309,48.2419],[21.0323,48.2416],[21.0338,48.2425],[21.0344,48.2436],[21.0365,48.2445],[21.0349,48.2462],[21.0349,48.2471],[21.0372,48.2487],[21.0391,48.2478],[21.0413,48.2494],[21.0449,48.2477],[21.0453,48.2485],[21.0475,48.2462],[21.0502,48.2472],[21.0495,48.2476],[21.0492,48.2484],[21.0496,48.2496],[21.0508,48.2503],[21.0499,48.2508],[21.0502,48.2523],[21.0492,48.2536],[21.0496,48.2545],[21.0508,48.2536],[21.0513,48.2541],[21.0543,48.2547],[21.0572,48.2533],[21.0638,48.2485],[21.0679,48.2438],[21.0777,48.2399],[21.0784,48.2416],[21.0896,48.2373],[21.09,48.2353],[21.0935,48.2308],[21.0954,48.2299],[21.097,48.2279],[21.0996,48.2292],[21.1043,48.2338],[21.1071,48.2331],[21.1108,48.233],[21.114,48.2416],[21.1192,48.2415],[21.1283,48.2424],[21.1293,48.2407],[21.1321,48.2405],[21.1409,48.2383],[21.1482,48.2358],[21.1529,48.2351],[21.1579,48.2336],[21.1619,48.2314],[21.1659,48.2311],[21.1668,48.2297],[21.1666,48.2276],[21.165,48.2248],[21.1694,48.2236],[21.1649,48.2206],[21.1644,48.2183],[21.1721,48.218],[21.1734,48.2176],[21.175,48.2163],[21.18,48.2082],[21.1808,48.2076],[21.182,48.2047],[21.1852,48.1997],[21.1876,48.1984],[21.1892,48.1968],[21.191,48.1976],[21.1914,48.1982],[21.1903,48.2028],[21.1919,48.2029],[21.1942,48.2015],[21.1949,48.2017],[21.1944,48.2038],[21.1956,48.2069],[21.1967,48.2084],[21.1988,48.2089],[21.2026,48.2068],[21.2053,48.2044],[21.2063,48.2039],[21.2126,48.2058],[21.2129,48.2052],[21.2159,48.206],[21.2173,48.2002],[21.2268,48.2019],[21.2307,48.1986],[21.2396,48.2022],[21.2409,48.196],[21.2418,48.1949],[21.2426,48.1883],[21.2435,48.1852],[21.2487,48.1839],[21.2511,48.186],[21.2543,48.1909],[21.2564,48.198],[21.2594,48.2004],[21.2614,48.2015],[21.262,48.2014],[21.2633,48.2032],[21.2648,48.2037],[21.2679,48.2063],[21.2675,48.2076],[21.2683,48.2113],[21.2713,48.2149],[21.2714,48.2156],[21.2735,48.2169],[21.2803,48.2139],[21.2815,48.2136],[21.2821,48.2141],[21.2832,48.218],[21.2824,48.2198],[21.2854,48.2231],[21.2857,48.2288],[21.2879,48.2344],[21.2896,48.2356],[21.2897,48.2383],[21.2916,48.2401],[21.2932,48.243],[21.2962,48.2431],[21.2995,48.2425],[21.3015,48.2417],[21.306,48.2412],[21.3085,48.2417],[21.3091,48.241],[21.3119,48.2417],[21.3124,48.2433],[21.314,48.245],[21.3149,48.2438],[21.3171,48.2426],[21.3193,48.2403],[21.3234,48.2374],[21.3247,48.2338],[21.3272,48.2302],[21.335,48.2302],[21.3344,48.2297],[21.3342,48.2283],[21.3352,48.2271],[21.3382,48.2268],[21.3412,48.2256],[21.3457,48.2252],[21.347,48.2253],[21.3487,48.2243],[21.3506,48.2242],[21.3529,48.2248],[21.3561,48.2245],[21.3586,48.2248],[21.356,48.2205],[21.3521,48.2173],[21.3513,48.2139],[21.3549,48.2098],[21.3562,48.2064],[21.3584,48.2033],[21.3599,48.2018],[21.366,48.1982],[21.3673,48.1962],[21.3708,48.1946],[21.3671,48.1919],[21.3696,48.1908],[21.37,48.1912],[21.3731,48.1896],[21.3744,48.1887],[21.3747,48.1878],[21.3761,48.1871],[21.381,48.1919],[21.3825,48.1913],[21.3991,48.1925],[21.4061,48.1973],[21.4055,48.1981],[21.4064,48.2011],[21.414,48.2016],[21.4192,48.2039],[21.4217,48.2064],[21.4327,48.2054],[21.4359,48.2028],[21.4378,48.2023],[21.4369,48.2013],[21.4366,48.1983],[21.438,48.1979],[21.4382,48.1971],[21.4393,48.1968],[21.4401,48.1958],[21.4385,48.1948],[21.4366,48.1949],[21.4335,48.1925],[21.4332,48.1917],[21.4363,48.1897],[21.4388,48.1895],[21.4391,48.1891],[21.4363,48.1875],[21.433,48.1872],[21.4273,48.1838],[21.4251,48.1833],[21.4218,48.1837],[21.4201,48.185],[21.4191,48.1865],[21.4177,48.1872],[21.4168,48.1872],[21.4157,48.1867],[21.4151,48.1856],[21.4151,48.1835],[21.4161,48.1822],[21.4209,48.1799],[21.4263,48.1804],[21.4308,48.1794],[21.4318,48.1787],[21.4321,48.1779],[21.4333,48.1773],[21.4309,48.1758],[21.4316,48.1752],[21.4328,48.1751],[21.4315,48.1744],[21.4315,48.1736],[21.4331,48.1738],[21.435,48.1731],[21.4357,48.1724],[21.4348,48.1718],[21.435,48.1713],[21.436,48.1716],[21.4364,48.1726],[21.4375,48.1717],[21.4396,48.1719],[21.4409,48.1712],[21.4386,48.1682],[21.4372,48.1647],[21.4353,48.1637],[21.432,48.1638],[21.4305,48.1617],[21.4289,48.161],[21.4281,48.1593],[21.4264,48.1591],[21.4251,48.1595],[21.424,48.1589],[21.4238,48.158],[21.4262,48.1565],[21.4261,48.1554],[21.4254,48.1547],[21.4272,48.1519],[21.428,48.1458],[21.4291,48.1435],[21.429,48.1426],[21.4272,48.1421],[21.4261,48.1412],[21.4251,48.1396],[21.4248,48.1372],[21.4303,48.1344],[21.4273,48.1305],[21.4236,48.1275],[21.4205,48.1257],[21.4144,48.1229],[21.4138,48.1216],[21.4143,48.1199],[21.4171,48.1141],[21.421,48.1092],[21.4245,48.1059],[21.4281,48.1035],[21.4362,48.1001],[21.4427,48.0965],[21.4476,48.0935],[21.45,48.0912],[21.4511,48.0885],[21.4496,48.0863],[21.4467,48.0857],[21.4433,48.0859],[21.4339,48.0885],[21.4332,48.0886],[21.432,48.0882],[21.4314,48.0871],[21.4315,48.086],[21.4369,48.0781],[21.4413,48.0784],[21.4458,48.0805],[21.4492,48.0804],[21.451,48.0799],[21.4532,48.0786],[21.4561,48.0745],[21.4573,48.0738],[21.4609,48.073],[21.4621,48.0714],[21.4606,48.0709],[21.456,48.0713],[21.4529,48.0711],[21.4436,48.0675],[21.4404,48.0667],[21.4399,48.0675],[21.4375,48.0682],[21.4361,48.0638],[21.4361,48.0587],[21.4371,48.0497],[21.4358,48.0468],[21.4336,48.0444],[21.4302,48.0425],[21.4264,48.0421],[21.4233,48.043],[21.4216,48.0443],[21.4197,48.0463],[21.4164,48.0513],[21.4142,48.0524],[21.4116,48.0525],[21.4088,48.0508],[21.4077,48.0486],[21.408,48.0446],[21.4092,48.0424],[21.4121,48.0397],[21.4145,48.0382],[21.4157,48.0368],[21.4154,48.0356],[21.413,48.0339],[21.4061,48.0312],[21.4005,48.0306],[21.3944,48.0317],[21.3885,48.0339],[21.3849,48.0347],[21.381,48.0349],[21.3752,48.034],[21.3766,48.0312],[21.3811,48.0267],[21.3809,48.0257],[21.3795,48.0248],[21.3773,48.0253],[21.3751,48.0264],[21.3684,48.0318],[21.3684,48.0325],[21.3629,48.0324],[21.3528,48.0337],[21.3502,48.0332],[21.3494,48.0323],[21.3488,48.0278],[21.3472,48.0262],[21.3437,48.0242],[21.3397,48.0227],[21.3366,48.0219],[21.3332,48.0216],[21.3276,48.0223],[21.3233,48.0287],[21.3198,48.0309],[21.3166,48.0318],[21.3122,48.032],[21.3101,48.0316],[21.2999,48.0295],[21.3001,48.0287],[21.2969,48.0283],[21.2931,48.0291],[21.2935,48.0305],[21.2932,48.0324],[21.2961,48.0371],[21.2957,48.0382],[21.2946,48.0385],[21.2932,48.0381],[21.2906,48.036],[21.2867,48.0346],[21.2859,48.0335],[21.2835,48.0349],[21.2814,48.0356],[21.278,48.0362],[21.2711,48.0365],[21.2666,48.0385],[21.2642,48.0398],[21.2617,48.042],[21.2589,48.0478],[21.2583,48.0518],[21.2603,48.0583],[21.2604,48.0591],[21.2591,48.0598],[21.2566,48.0591],[21.2545,48.0569],[21.2512,48.0549],[21.2476,48.0536],[21.2423,48.0523],[21.2383,48.05],[21.2363,48.0474],[21.2343,48.0456],[21.2256,48.0411],[21.2234,48.0392],[21.222,48.0372],[21.2219,48.0356],[21.223,48.0338],[21.2253,48.032],[21.2302,48.0295],[21.2298,48.0281],[21.2289,48.0273],[21.2236,48.0245],[21.2185,48.0232],[21.2131,48.0231],[21.2102,48.0235],[21.2052,48.0249],[21.2054,48.0251],[21.1982,48.0283],[21.1925,48.0296],[21.1794,48.0288],[21.17,48.0267],[21.1678,48.0335],[21.1683,48.0349],[21.1719,48.0384],[21.1721,48.04],[21.1699,48.0418],[21.1638,48.0439],[21.1606,48.0444],[21.157,48.0439],[21.1553,48.043],[21.1542,48.0411],[21.1529,48.0407],[21.1521,48.0398],[21.1512,48.0396],[21.1495,48.04],[21.1473,48.0417],[21.1434,48.0436],[21.1412,48.0458],[21.1404,48.0454],[21.1381,48.0453],[21.1376,48.0442],[21.1367,48.0442],[21.133,48.0456],[21.1317,48.0482],[21.1307,48.0471],[21.1278,48.0457],[21.1311,48.0419],[21.1301,48.0414],[21.1287,48.0397],[21.1259,48.0399],[21.1247,48.0394],[21.1206,48.0359],[21.1173,48.0339],[21.1142,48.0314],[21.1116,48.028],[21.1107,48.0234],[21.1086,48.023],[21.1048,48.0237],[21.1029,48.023],[21.0953,48.022],[21.094,48.0196],[21.0922,48.0189],[21.0914,48.0177],[21.0921,48.0104],[21.0917,48.0101],[21.0889,48.0105],[21.0827,48.0095],[21.0797,48.0055],[21.079,48.0022],[21.0835,48.0019],[21.0862,47.999],[21.086,47.997],[21.0964,47.9891],[21.1044,47.9815],[21.1064,47.9759],[21.1021,47.971],[21.1036,47.9707],[21.1053,47.9713],[21.1067,47.9705],[21.1093,47.9717],[21.1112,47.9698],[21.1131,47.9692],[21.1222,47.9618],[21.115,47.9428],[21.1134,47.9352],[21.1125,47.9335],[21.1107,47.9316],[21.1079,47.93],[21.0976,47.9272],[21.0948,47.926],[21.0932,47.9248],[21.0921,47.9227],[21.0913,47.9208],[21.0911,47.9183],[21.0939,47.9186],[21.0941,47.9191],[21.097,47.9171],[21.1011,47.9189],[21.103,47.9199],[21.103,47.9236],[21.1037,47.9236],[21.104,47.9217],[21.1057,47.92],[21.1081,47.9181],[21.1096,47.9182],[21.1102,47.9178],[21.1216,47.9187],[21.1238,47.9178],[21.1249,47.916],[21.1248,47.9147],[21.1214,47.9094],[21.1215,47.9073],[21.1144,47.9052],[21.1079,47.905],[21.1041,47.9042],[21.101,47.9039],[21.0968,47.9026],[21.0917,47.896],[21.0834,47.8903],[21.0849,47.8872],[21.0859,47.8858],[21.0865,47.8857],[21.0851,47.8794],[21.0848,47.8737],[21.0824,47.8642],[21.0761,47.8639],[21.0712,47.8619],[21.07,47.8612],[21.071,47.8608],[21.0717,47.8593],[21.0715,47.8582],[21.0701,47.858],[21.0614,47.8594],[21.0582,47.8574],[21.0561,47.854],[21.0527,47.8532],[21.0519,47.8517],[21.0577,47.8503],[21.0611,47.8484],[21.0615,47.847],[21.0585,47.846],[21.0576,47.8456],[21.0561,47.8459],[21.0522,47.8474],[21.0498,47.8496],[21.0477,47.8488],[21.0424,47.8511],[21.0339,47.8574],[21.0325,47.8589],[21.0312,47.8623],[21.0283,47.8657],[21.0258,47.8677],[21.0247,47.8723],[21.0241,47.8717],[21.0222,47.872],[21.0234,47.8754],[21.0164,47.8765],[21.0164,47.8767],[21.0124,47.879],[21.0036,47.8827],[21.0008,47.9042],[21.0066,47.9071],[21.0079,47.915],[21.0055,47.9154],[20.998,47.9176],[20.9925,47.9179],[20.9923,47.9187],[20.989,47.9199],[20.9861,47.9213],[20.9845,47.9209],[20.9747,47.9318],[20.9722,47.9325],[20.9719,47.9322],[20.9666,47.9326],[20.9634,47.9321],[20.9602,47.9354],[20.9558,47.9342],[20.956,47.9303],[20.9483,47.929],[20.9463,47.9275],[20.9432,47.927],[20.942,47.9281],[20.9418,47.9297],[20.9407,47.9319],[20.9414,47.9369],[20.9512,47.9357],[20.9574,47.9414],[20.9631,47.9515],[20.9636,47.9538],[20.9662,47.9546],[20.9681,47.9562],[20.9683,47.9573],[20.9706,47.9581],[20.9712,47.9591],[20.9702,47.9607],[20.9677,47.9623],[20.9694,47.9651],[20.9677,47.9662],[20.9696,47.9691],[20.9667,47.9717],[20.975,47.977],[21.0007,47.998],[20.9929,48.0036],[20.9959,48.0051],[21.008,48.0098],[21.017,48.0159],[21.0258,48.0231],[21.0213,48.0253],[21.0194,48.0272],[21.0175,48.0322],[21.0035,48.03],[20.9971,48.0296],[20.9899,48.0284],[20.9822,48.0294],[20.974,48.0311],[20.9607,48.0314],[20.9602,48.031],[20.9582,48.031],[20.9569,48.0305],[20.9529,48.032],[20.9505,48.0317],[20.9467,48.0318],[20.9455,48.0324],[20.9453,48.0335],[20.9484,48.0359],[20.9469,48.037],[20.9438,48.0366],[20.943,48.0362],[20.943,48.0344],[20.9422,48.0338],[20.9413,48.034],[20.9403,48.0349],[20.9384,48.0351],[20.9374,48.0345],[20.9373,48.0328],[20.9352,48.0336],[20.9349,48.034],[20.9355,48.0346],[20.9354,48.0352],[20.9366,48.0357],[20.9359,48.0378],[20.9345,48.0374],[20.9337,48.0385],[20.9311,48.0376],[20.9317,48.0368],[20.9305,48.0364],[20.9299,48.0372],[20.9274,48.0365],[20.9215,48.0425],[20.9239,48.0432],[20.9212,48.0464],[20.9315,48.0562],[20.9308,48.0575],[20.9309,48.0585],[20.9291,48.0628],[20.9324,48.0637],[20.9377,48.0645],[20.9482,48.065],[20.9521,48.0658],[20.9536,48.0676],[20.9547,48.0704],[20.9545,48.0728],[20.9537,48.0761],[20.954,48.0764],[20.9505,48.0784],[20.95,48.0782],[20.9471,48.0812],[20.9461,48.0836],[20.9469,48.085],[20.9458,48.086],[20.9428,48.0875],[20.941,48.0892],[20.9393,48.0894],[20.9378,48.0883],[20.9375,48.0892],[20.936,48.0895],[20.9363,48.0905],[20.9378,48.0917],[20.9422,48.0926],[20.9429,48.0939],[20.9386,48.0984],[20.9387,48.0988],[20.9359,48.1009],[20.9305,48.0999],[20.9293,48.101],[20.919,48.1001],[20.9201,48.098],[20.9198,48.0979],[20.9174,48.1024],[20.9112,48.1018],[20.9071,48.1026],[20.9052,48.1018],[20.9033,48.1021],[20.8965,48.1004],[20.8938,48.1022],[20.8927,48.1035],[20.8912,48.1041],[20.8886,48.1073],[20.8881,48.1091],[20.8897,48.1126],[20.8922,48.1178],[20.8943,48.12],[20.8949,48.1213],[20.895,48.1274],[20.8978,48.1351],[20.8976,48.1385],[20.8973,48.1444],[20.8992,48.1494],[20.9003,48.1546],[20.8988,48.1675],[20.8978,48.1716],[20.8942,48.1791],[20.8934,48.1819],[20.8887,48.1878],[20.8882,48.1904],[20.8897,48.1945],[20.8897,48.1965],[20.8884,48.1979],[20.8858,48.1985],[20.8844,48.1995],[20.8833,48.2022],[20.8832,48.2041],[20.8808,48.2088],[20.8814,48.2121],[20.8828,48.2149],[20.8824,48.2182],[20.8844,48.2193],[20.8909,48.2195],[20.8917,48.2187],[20.8904,48.218],[20.8914,48.2154],[20.8963,48.2161],[20.919,48.2176],[20.9213,48.2204],[20.9244,48.2206],[20.9248,48.2209],[20.928,48.2202],[20.9307,48.2202],[20.9308,48.2229],[20.9292,48.2268],[20.9297,48.2329],[20.9288,48.2359],[20.9306,48.2377],[20.9306,48.2391],[20.9314,48.2412],[20.9356,48.2452],[20.9359,48.2495],[20.9413,48.2535],[20.9418,48.2536],[20.9427,48.2528],[20.9474,48.2546],[20.9495,48.2547],[20.9498,48.2542],[20.9522,48.255],[20.9524,48.2546],[20.9595,48.2559],[20.9793,48.2518],[20.9831,48.2544],[20.9796,48.2568],[20.9818,48.2585],[20.9838,48.2625],[20.9846,48.262],[20.9875,48.2676],[20.9892,48.2671],[20.9948,48.2751],[21.0006,48.2732],[21.0001,48.2741],[21.0016,48.2735],[21.0054,48.2789],[21.0115,48.2752],[21.0079,48.2745]]]}},{"type":"Feature","properties":{"id":"0704","name":"Fejér vármegye 04. OEVK","regionId":"fejer","center":"Dunaújváros"},"geometry":{"type":"Polygon","coordinates":[[[18.8193,47.2517],[18.8279,47.2476],[18.8401,47.2436],[18.844,47.2451],[18.8527,47.2501],[18.8605,47.2571],[18.8701,47.269],[18.8734,47.272],[18.8677,47.2787],[18.8624,47.2832],[18.8496,47.2913],[18.8578,47.3051],[18.8602,47.3043],[18.8649,47.3059],[18.8677,47.3055],[18.8812,47.3013],[18.875,47.2903],[18.8737,47.2864],[18.8766,47.2827],[18.8764,47.2813],[18.8782,47.2808],[18.8792,47.2779],[18.88,47.2773],[18.8804,47.2782],[18.8996,47.2743],[18.9,47.2755],[18.9059,47.2753],[18.9058,47.2745],[18.9192,47.2741],[18.9205,47.2698],[18.9202,47.2645],[18.9196,47.2624],[18.917,47.2551],[18.912,47.2463],[18.91,47.2349],[18.9074,47.2276],[18.9058,47.2249],[18.8868,47.2043],[18.8831,47.1992],[18.8803,47.1896],[18.8786,47.1778],[18.8753,47.1684],[18.8746,47.1684],[18.8733,47.1622],[18.8732,47.1566],[18.8721,47.1508],[18.873,47.1437],[18.8754,47.1438],[18.8794,47.1322],[18.8815,47.1265],[18.8868,47.1054],[18.8903,47.0955],[18.8947,47.084],[18.9005,47.076],[18.9042,47.0721],[18.9126,47.0669],[18.9289,47.0591],[18.9353,47.0545],[18.9462,47.0483],[18.9517,47.0438],[18.9562,47.039],[18.9621,47.0341],[18.9659,47.029],[18.9667,47.0267],[18.9675,47.02],[18.9658,47.013],[18.9647,47.0104],[18.9626,47.0079],[18.9571,47.0029],[18.9535,47.0],[18.9507,46.9962],[18.9487,46.9916],[18.9495,46.9807],[18.9514,46.969],[18.9538,46.9651],[18.9577,46.9612],[18.9595,46.9583],[18.9628,46.9489],[18.9655,46.9367],[18.9657,46.9351],[18.9649,46.9309],[18.9624,46.925],[18.9619,46.9214],[18.9606,46.9178],[18.9591,46.9076],[18.9583,46.906],[18.952,46.895],[18.9463,46.8898],[18.9439,46.8914],[18.9408,46.8916],[18.9431,46.8966],[18.9457,46.9007],[18.9466,46.903],[18.9468,46.905],[18.9495,46.9099],[18.9475,46.9133],[18.9362,46.924],[18.9342,46.9256],[18.931,46.926],[18.9272,46.9257],[18.9196,46.9241],[18.9099,46.9215],[18.8944,46.9388],[18.8858,46.9473],[18.8828,46.9493],[18.8728,46.9459],[18.8681,46.9447],[18.8639,46.9499],[18.8599,46.9485],[18.859,46.9498],[18.8493,46.9462],[18.8468,46.9448],[18.8455,46.9458],[18.844,46.9448],[18.8438,46.9441],[18.8416,46.9428],[18.8338,46.9511],[18.8293,46.9428],[18.8236,46.948],[18.8217,46.9471],[18.8155,46.9538],[18.8149,46.9536],[18.802,46.9675],[18.8023,46.9676],[18.791,46.9737],[18.7825,46.9768],[18.7813,46.977],[18.786,46.9791],[18.7776,46.9877],[18.7667,46.985],[18.7579,47.001],[18.7563,47.001],[18.7544,47.0046],[18.7495,47.0043],[18.7467,47.0033],[18.7391,47.0026],[18.7341,47.0012],[18.7323,47.0019],[18.7126,47.0287],[18.7012,47.0423],[18.7026,47.0408],[18.7032,47.0408],[18.7197,47.0471],[18.7113,47.0577],[18.7165,47.0597],[18.7209,47.0556],[18.7397,47.0698],[18.7344,47.0732],[18.7367,47.0766],[18.7438,47.0802],[18.7493,47.0824],[18.7376,47.094],[18.7255,47.088],[18.715,47.0917],[18.7191,47.0937],[18.722,47.0967],[18.7325,47.1009],[18.7387,47.1026],[18.7259,47.1148],[18.7165,47.125],[18.7113,47.1315],[18.7054,47.144],[18.6974,47.1447],[18.689,47.1463],[18.6838,47.1475],[18.6839,47.1478],[18.6806,47.1486],[18.6749,47.1509],[18.67,47.1547],[18.6611,47.164],[18.6653,47.1645],[18.6695,47.1644],[18.6757,47.1637],[18.6796,47.1637],[18.6947,47.1655],[18.7189,47.1684],[18.7213,47.169],[18.7243,47.17],[18.7348,47.1759],[18.7443,47.1689],[18.7469,47.1703],[18.7483,47.169],[18.7521,47.1709],[18.7507,47.1721],[18.7537,47.1736],[18.756,47.1713],[18.7583,47.1704],[18.7608,47.1702],[18.765,47.1689],[18.7672,47.1664],[18.7763,47.171],[18.7817,47.1649],[18.7835,47.1615],[18.7992,47.1682],[18.8012,47.1665],[18.8148,47.1723],[18.8191,47.1684],[18.8279,47.1717],[18.8275,47.1721],[18.829,47.1729],[18.8329,47.1716],[18.8337,47.1699],[18.8357,47.1706],[18.8362,47.1721],[18.8369,47.1724],[18.8367,47.1762],[18.8383,47.1764],[18.8402,47.1873],[18.8288,47.1928],[18.8287,47.1975],[18.8251,47.1989],[18.8248,47.1991],[18.8272,47.2028],[18.8329,47.2073],[18.8287,47.211],[18.8229,47.218],[18.8059,47.2329],[18.8039,47.2331],[18.7987,47.236],[18.7979,47.238],[18.7985,47.2405],[18.8193,47.2517]]]}},{"type":"Feature","properties":{"id":"0507","name":"Borsod-Abaúj-Zemplén vármegye 07. OEVK","regionId":"borsod","center":"Mezőkövesd"},"geometry":{"type":"Polygon","coordinates":[[[20.6346,48.0805],[20.6353,48.0779],[20.6406,48.0757],[20.6427,48.0736],[20.6427,48.0728],[20.6421,48.0721],[20.6448,48.0703],[20.6468,48.0683],[20.652,48.0681],[20.654,48.0669],[20.6554,48.0667],[20.6567,48.0658],[20.6559,48.0639],[20.6559,48.0622],[20.6586,48.0604],[20.6627,48.0588],[20.668,48.0553],[20.6683,48.0541],[20.6697,48.0532],[20.6694,48.0519],[20.6701,48.0505],[20.671,48.0505],[20.6718,48.0512],[20.6745,48.0511],[20.6755,48.0503],[20.6782,48.05],[20.68,48.0489],[20.6844,48.0477],[20.6859,48.0469],[20.6864,48.0451],[20.6877,48.0441],[20.6909,48.0429],[20.6936,48.0408],[20.6954,48.0401],[20.7077,48.039],[20.7165,48.0388],[20.7248,48.0373],[20.7292,48.035],[20.7352,48.0233],[20.7429,48.0264],[20.7519,48.0285],[20.7549,48.027],[20.758,48.0245],[20.7606,48.024],[20.7624,48.0248],[20.7647,48.0251],[20.7659,48.0256],[20.7665,48.0271],[20.7669,48.0301],[20.7676,48.0308],[20.7707,48.0326],[20.7709,48.0324],[20.7724,48.0337],[20.7742,48.0364],[20.7823,48.0352],[20.7869,48.0303],[20.7881,48.0275],[20.79,48.0267],[20.7907,48.0287],[20.7922,48.0305],[20.797,48.0336],[20.8,48.0335],[20.8018,48.0338],[20.8071,48.0365],[20.8112,48.0376],[20.8188,48.0407],[20.8239,48.0407],[20.8301,48.0496],[20.8342,48.0514],[20.8359,48.0501],[20.8395,48.049],[20.844,48.05],[20.8465,48.0489],[20.8519,48.0487],[20.8519,48.0507],[20.8527,48.052],[20.851,48.0524],[20.8522,48.0536],[20.8507,48.0565],[20.8496,48.0601],[20.8486,48.0608],[20.8489,48.062],[20.8484,48.0625],[20.8474,48.0626],[20.8482,48.0633],[20.8475,48.0636],[20.8475,48.0645],[20.8503,48.0661],[20.8519,48.0662],[20.86,48.0646],[20.863,48.0628],[20.8674,48.0616],[20.867,48.0587],[20.8724,48.0566],[20.8772,48.0563],[20.8793,48.0553],[20.8806,48.0543],[20.8805,48.0538],[20.8826,48.0528],[20.883,48.0498],[20.8838,48.0485],[20.8854,48.0478],[20.8888,48.048],[20.8907,48.0462],[20.898,48.0484],[20.8995,48.0493],[20.8999,48.0502],[20.9054,48.0519],[20.913,48.0555],[20.9145,48.0575],[20.9159,48.0616],[20.9159,48.0637],[20.9189,48.0639],[20.9246,48.0648],[20.9291,48.0628],[20.9309,48.0585],[20.9308,48.0575],[20.9315,48.0562],[20.9212,48.0464],[20.9239,48.0432],[20.9215,48.0425],[20.9274,48.0365],[20.9299,48.0372],[20.9305,48.0364],[20.9317,48.0368],[20.9311,48.0376],[20.9337,48.0385],[20.9345,48.0374],[20.9359,48.0378],[20.9366,48.0357],[20.9354,48.0352],[20.9355,48.0346],[20.9349,48.034],[20.9352,48.0336],[20.9373,48.0328],[20.9374,48.0345],[20.9384,48.0351],[20.9403,48.0349],[20.9413,48.034],[20.9422,48.0338],[20.943,48.0344],[20.943,48.0362],[20.9438,48.0366],[20.9469,48.037],[20.9484,48.0359],[20.9453,48.0335],[20.9455,48.0324],[20.9467,48.0318],[20.9505,48.0317],[20.9529,48.032],[20.9569,48.0305],[20.9582,48.031],[20.9602,48.031],[20.9607,48.0314],[20.974,48.0311],[20.9822,48.0294],[20.9899,48.0284],[20.9971,48.0296],[21.0035,48.03],[21.0175,48.0322],[21.0194,48.0272],[21.0213,48.0253],[21.0258,48.0231],[21.017,48.0159],[21.008,48.0098],[20.9959,48.0051],[20.9929,48.0036],[21.0007,47.998],[20.975,47.977],[20.9667,47.9717],[20.9696,47.9691],[20.9677,47.9662],[20.9694,47.9651],[20.9677,47.9623],[20.9702,47.9607],[20.9712,47.9591],[20.9706,47.9581],[20.9683,47.9573],[20.9681,47.9562],[20.9662,47.9546],[20.9636,47.9538],[20.9631,47.9515],[20.9574,47.9414],[20.9512,47.9357],[20.9414,47.9369],[20.9407,47.9319],[20.9418,47.9297],[20.942,47.9281],[20.9432,47.927],[20.9463,47.9275],[20.9483,47.929],[20.956,47.9303],[20.9558,47.9342],[20.9602,47.9354],[20.9634,47.9321],[20.9666,47.9326],[20.9719,47.9322],[20.9722,47.9325],[20.9747,47.9318],[20.9845,47.9209],[20.9861,47.9213],[20.989,47.9199],[20.9923,47.9187],[20.9925,47.9179],[20.998,47.9176],[21.0055,47.9154],[21.0079,47.915],[21.0066,47.9071],[21.0008,47.9042],[21.0036,47.8827],[21.0124,47.879],[21.0164,47.8767],[21.0164,47.8765],[21.0234,47.8754],[21.0222,47.872],[21.0241,47.8717],[21.0247,47.8723],[21.0258,47.8677],[21.0283,47.8657],[21.0312,47.8623],[21.0325,47.8589],[21.0339,47.8574],[21.0424,47.8511],[21.0477,47.8488],[21.0498,47.8496],[21.0522,47.8474],[21.0561,47.8459],[21.0576,47.8456],[21.0585,47.846],[21.0613,47.8427],[21.0682,47.8363],[21.0712,47.8358],[21.0723,47.8345],[21.0739,47.8341],[21.0752,47.8343],[21.0764,47.8339],[21.0758,47.8314],[21.0786,47.8247],[21.0793,47.8229],[21.0817,47.8208],[21.0809,47.8205],[21.07,47.8091],[21.0697,47.8079],[21.0711,47.8071],[21.071,47.8066],[21.07,47.8054],[21.0677,47.8044],[21.0669,47.8016],[21.0654,47.8002],[21.0654,47.7996],[21.0669,47.798],[21.0673,47.7969],[21.0672,47.7961],[21.0654,47.7937],[21.0662,47.7905],[21.0649,47.7898],[21.061,47.7897],[21.0598,47.7888],[21.0597,47.7878],[21.0606,47.786],[21.0554,47.7777],[21.0536,47.7784],[21.0504,47.7787],[21.0494,47.7784],[21.0482,47.7767],[21.0487,47.7756],[21.0497,47.775],[21.0527,47.7743],[21.0531,47.7741],[21.0528,47.7736],[21.0472,47.7646],[21.0453,47.7655],[21.0446,47.7654],[21.0419,47.7622],[21.0416,47.7603],[21.0435,47.76],[21.0441,47.7595],[21.0359,47.7463],[21.0337,47.7469],[21.0327,47.7476],[21.0312,47.7499],[21.0304,47.7527],[21.0286,47.7547],[21.0252,47.757],[21.0217,47.758],[21.0137,47.7582],[21.0076,47.7572],[20.9996,47.753],[20.9965,47.7497],[20.9969,47.7464],[20.9979,47.7446],[20.9996,47.7434],[21.0024,47.7423],[20.9958,47.7379],[20.9976,47.7361],[20.9968,47.7362],[20.9961,47.7357],[20.9968,47.7351],[20.9955,47.7333],[20.9987,47.7318],[21.0008,47.7297],[21.0003,47.7243],[20.9988,47.7222],[20.9969,47.7206],[20.993,47.7187],[20.9872,47.7177],[20.9844,47.7176],[20.9675,47.7193],[20.9609,47.7185],[20.9534,47.7167],[20.952,47.716],[20.9505,47.7167],[20.9455,47.7104],[20.9436,47.7109],[20.9403,47.7085],[20.9367,47.707],[20.9341,47.7048],[20.9328,47.7016],[20.934,47.6984],[20.9354,47.6946],[20.9347,47.6939],[20.931,47.6954],[20.9273,47.6955],[20.9268,47.6961],[20.9181,47.694],[20.9103,47.6901],[20.903,47.6858],[20.9027,47.687],[20.8982,47.6878],[20.8947,47.6904],[20.8921,47.6952],[20.8917,47.6977],[20.8897,47.6982],[20.8873,47.698],[20.8846,47.6955],[20.8835,47.6927],[20.8833,47.6906],[20.885,47.6869],[20.8854,47.684],[20.8873,47.6778],[20.8913,47.6789],[20.8938,47.6791],[20.896,47.6799],[20.8955,47.6802],[20.8958,47.6804],[20.8992,47.68],[20.9014,47.6787],[20.9019,47.6763],[20.9012,47.6751],[20.8981,47.6728],[20.8937,47.6715],[20.894,47.6707],[20.8894,47.6707],[20.886,47.6714],[20.882,47.673],[20.8789,47.6726],[20.8782,47.6731],[20.8748,47.6731],[20.8579,47.676],[20.8549,47.6759],[20.852,47.6753],[20.8517,47.6708],[20.8523,47.6686],[20.8547,47.6652],[20.8553,47.6631],[20.8551,47.6615],[20.8572,47.661],[20.86,47.659],[20.8599,47.6584],[20.8615,47.6571],[20.8636,47.656],[20.8764,47.6521],[20.8781,47.6513],[20.8795,47.6497],[20.8801,47.6487],[20.8796,47.646],[20.8774,47.6437],[20.8765,47.6433],[20.8713,47.6427],[20.8677,47.6431],[20.8624,47.6443],[20.8594,47.6458],[20.8581,47.6475],[20.8574,47.6477],[20.857,47.6485],[20.8545,47.6501],[20.8546,47.6517],[20.8534,47.6524],[20.8543,47.6536],[20.8543,47.6579],[20.8536,47.6578],[20.8529,47.6583],[20.8507,47.657],[20.8453,47.6568],[20.8429,47.6575],[20.84,47.6594],[20.8374,47.6624],[20.8366,47.6623],[20.8351,47.6579],[20.8339,47.6569],[20.8326,47.6565],[20.8312,47.6568],[20.828,47.659],[20.8278,47.6627],[20.8306,47.669],[20.8234,47.6693],[20.8165,47.6716],[20.8112,47.6747],[20.8052,47.6799],[20.8014,47.6822],[20.7963,47.6826],[20.793,47.6819],[20.7795,47.677],[20.7749,47.675],[20.7686,47.6707],[20.7649,47.6675],[20.7642,47.6662],[20.7649,47.6634],[20.7716,47.6555],[20.7717,47.6545],[20.7667,47.6556],[20.7621,47.6573],[20.7596,47.6596],[20.7557,47.6647],[20.7536,47.6665],[20.7506,47.6675],[20.7475,47.6677],[20.7457,47.6673],[20.7442,47.6679],[20.743,47.6692],[20.7419,47.6697],[20.7415,47.6707],[20.7281,47.6788],[20.7255,47.6798],[20.724,47.6824],[20.7187,47.6862],[20.7122,47.6882],[20.7109,47.6886],[20.7094,47.69],[20.7061,47.6901],[20.7041,47.6909],[20.6992,47.6889],[20.6935,47.6876],[20.6879,47.6868],[20.6843,47.6883],[20.6769,47.6943],[20.6729,47.6861],[20.6641,47.687],[20.6534,47.6873],[20.6494,47.6856],[20.6414,47.6864],[20.6378,47.6872],[20.6335,47.6907],[20.6167,47.6955],[20.6083,47.6963],[20.6028,47.6983],[20.5983,47.7013],[20.5965,47.7035],[20.5961,47.7043],[20.5946,47.7063],[20.5907,47.707],[20.5891,47.7081],[20.5896,47.71],[20.5892,47.7112],[20.5843,47.713],[20.5802,47.711],[20.579,47.712],[20.5778,47.7116],[20.5734,47.7144],[20.5736,47.7153],[20.5707,47.7163],[20.5689,47.7178],[20.5693,47.7183],[20.5707,47.7185],[20.5749,47.7221],[20.5776,47.7238],[20.5783,47.726],[20.5778,47.7268],[20.5813,47.7301],[20.5817,47.73],[20.5835,47.7317],[20.5898,47.7351],[20.5932,47.7383],[20.596,47.7401],[20.5889,47.7431],[20.5774,47.7508],[20.576,47.7514],[20.5733,47.7518],[20.5621,47.7564],[20.5612,47.7571],[20.5616,47.7575],[20.5606,47.7581],[20.5608,47.7587],[20.5595,47.7594],[20.5602,47.7604],[20.5592,47.7608],[20.5584,47.7606],[20.5589,47.7614],[20.5574,47.7618],[20.5571,47.7614],[20.5561,47.7618],[20.5565,47.7621],[20.5561,47.7633],[20.5557,47.7634],[20.5556,47.7629],[20.5548,47.7627],[20.5503,47.7662],[20.5456,47.7663],[20.5447,47.7671],[20.5453,47.7671],[20.5424,47.7699],[20.5421,47.7725],[20.5415,47.7731],[20.5376,47.7735],[20.5334,47.7726],[20.5313,47.7732],[20.5287,47.7771],[20.5246,47.7819],[20.5237,47.7839],[20.5201,47.7864],[20.5216,47.7881],[20.5205,47.7892],[20.5199,47.7916],[20.5159,47.7946],[20.5151,47.7957],[20.5127,47.7966],[20.5127,47.7975],[20.5103,47.7983],[20.5085,47.7984],[20.5076,47.799],[20.508,47.8002],[20.5064,47.8019],[20.507,47.803],[20.5056,47.8034],[20.5027,47.8065],[20.5015,47.8114],[20.5018,47.813],[20.5027,47.8137],[20.5016,47.8194],[20.5038,47.8189],[20.5035,47.8205],[20.5056,47.8219],[20.5114,47.8279],[20.513,47.8384],[20.5128,47.8415],[20.5119,47.8437],[20.5085,47.8483],[20.5065,47.853],[20.5061,47.8559],[20.5031,47.8631],[20.5008,47.8653],[20.496,47.8679],[20.4943,47.8687],[20.4902,47.8697],[20.4842,47.8704],[20.467,47.874],[20.4642,47.8741],[20.4611,47.8759],[20.4599,47.8785],[20.4579,47.879],[20.4552,47.8839],[20.4497,47.8899],[20.4498,47.8968],[20.4481,47.8988],[20.451,47.9002],[20.4524,47.9021],[20.4618,47.9048],[20.4618,47.9065],[20.4628,47.9087],[20.464,47.9092],[20.4652,47.9093],[20.4679,47.9105],[20.4708,47.9102],[20.4733,47.91],[20.4738,47.909],[20.477,47.9072],[20.4809,47.9041],[20.4827,47.9051],[20.4858,47.9054],[20.4914,47.9081],[20.4931,47.908],[20.4944,47.9071],[20.4974,47.906],[20.4996,47.9071],[20.4976,47.9108],[20.4931,47.9152],[20.4946,47.9166],[20.4972,47.918],[20.4939,47.9202],[20.4981,47.9219],[20.5021,47.9216],[20.5041,47.9229],[20.5061,47.923],[20.5068,47.9237],[20.5112,47.9247],[20.5118,47.9276],[20.5176,47.9287],[20.5121,47.9399],[20.511,47.9412],[20.5075,47.9414],[20.5033,47.9406],[20.501,47.942],[20.4985,47.9412],[20.4922,47.9465],[20.4877,47.949],[20.481,47.9508],[20.4771,47.9531],[20.4733,47.9575],[20.4695,47.9588],[20.4668,47.961],[20.4633,47.9619],[20.4614,47.9638],[20.4574,47.9651],[20.4545,47.9673],[20.4513,47.9684],[20.4516,47.97],[20.4522,47.971],[20.4537,47.9719],[20.4538,47.9726],[20.4584,47.9726],[20.4599,47.9731],[20.4611,47.974],[20.4614,47.9759],[20.471,47.9916],[20.474,47.991],[20.4777,47.9917],[20.479,47.9923],[20.4797,47.9939],[20.4812,47.995],[20.4812,47.9959],[20.4824,47.9989],[20.4796,48.0029],[20.4802,48.0065],[20.4817,48.0087],[20.482,48.0112],[20.4833,48.0133],[20.4836,48.0152],[20.4856,48.0155],[20.4846,48.019],[20.4879,48.0201],[20.4888,48.0208],[20.4886,48.0219],[20.49,48.0228],[20.4906,48.0239],[20.4904,48.0256],[20.489,48.0271],[20.4892,48.0281],[20.4903,48.0289],[20.4918,48.0314],[20.4916,48.0327],[20.4899,48.0351],[20.4902,48.0366],[20.4917,48.038],[20.4925,48.0408],[20.4913,48.0436],[20.4889,48.0443],[20.4832,48.048],[20.483,48.0492],[20.4816,48.0509],[20.4805,48.0547],[20.481,48.0567],[20.4784,48.0586],[20.491,48.0607],[20.4998,48.0618],[20.5016,48.0647],[20.5022,48.067],[20.5021,48.0677],[20.5009,48.0685],[20.52,48.0688],[20.5208,48.0686],[20.5223,48.0694],[20.5243,48.0691],[20.5242,48.0695],[20.5248,48.0698],[20.5261,48.0695],[20.5283,48.0699],[20.5285,48.0703],[20.5325,48.0708],[20.541,48.0731],[20.5425,48.0728],[20.5462,48.0728],[20.549,48.0737],[20.5497,48.0753],[20.5503,48.0755],[20.5543,48.0744],[20.5549,48.0758],[20.556,48.0768],[20.5598,48.0779],[20.5618,48.0763],[20.5664,48.0744],[20.5688,48.075],[20.5702,48.0728],[20.5725,48.0739],[20.5776,48.0737],[20.58,48.0742],[20.5827,48.0739],[20.585,48.0763],[20.5885,48.0753],[20.5914,48.0779],[20.592,48.0775],[20.5939,48.0772],[20.5962,48.0784],[20.5975,48.0785],[20.6011,48.0768],[20.605,48.078],[20.6058,48.0774],[20.6084,48.0767],[20.6143,48.0775],[20.6157,48.0798],[20.6211,48.0799],[20.6245,48.0813],[20.6263,48.0789],[20.63,48.0802],[20.6318,48.0817],[20.6334,48.0815],[20.6346,48.0805]]]}},{"type":"Feature","properties":{"id":"0601","name":"Csongrád-Csanád vármegye 01. OEVK","regionId":"csongrad","center":"Szeged"},"geometry":{"type":"Polygon","coordinates":[[[20.1724,46.3185],[20.1744,46.3071],[20.1853,46.3092],[20.1849,46.3077],[20.1858,46.3039],[20.188,46.3002],[20.1879,46.2932],[20.189,46.2932],[20.1888,46.2936],[20.2046,46.2932],[20.2048,46.2896],[20.2058,46.2871],[20.2057,46.2835],[20.2051,46.2806],[20.2165,46.2854],[20.2154,46.288],[20.2223,46.2901],[20.2209,46.2917],[20.2226,46.2929],[20.2235,46.2944],[20.222,46.3003],[20.2296,46.3015],[20.2289,46.3042],[20.247,46.3038],[20.2486,46.3002],[20.2495,46.2965],[20.2496,46.2944],[20.249,46.292],[20.248,46.2903],[20.2443,46.2861],[20.2401,46.2827],[20.2402,46.2827],[20.2515,46.2771],[20.2521,46.2759],[20.2519,46.2748],[20.2498,46.2707],[20.2503,46.2696],[20.2515,46.2689],[20.2545,46.2686],[20.2623,46.269],[20.2652,46.2703],[20.2696,46.274],[20.2721,46.2752],[20.2797,46.2757],[20.2831,46.2764],[20.2901,46.2789],[20.2912,46.2788],[20.2935,46.2779],[20.2953,46.278],[20.2974,46.2792],[20.298,46.28],[20.2977,46.2809],[20.2962,46.2824],[20.2961,46.2836],[20.2973,46.2839],[20.299,46.2834],[20.2999,46.281],[20.3022,46.279],[20.302,46.2735],[20.3057,46.2686],[20.3062,46.2648],[20.3081,46.2592],[20.3052,46.2486],[20.3032,46.2472],[20.3028,46.2453],[20.3049,46.2428],[20.3086,46.2405],[20.3125,46.2388],[20.3144,46.2376],[20.3178,46.2368],[20.3204,46.2373],[20.325,46.2396],[20.3253,46.2398],[20.3279,46.2406],[20.3331,46.2408],[20.3358,46.2402],[20.337,46.2395],[20.3381,46.237],[20.3405,46.2294],[20.3455,46.2254],[20.3515,46.223],[20.3536,46.2223],[20.357,46.2218],[20.3593,46.2234],[20.3613,46.2262],[20.3642,46.2287],[20.3666,46.2296],[20.3696,46.2298],[20.3727,46.2291],[20.3746,46.2273],[20.3773,46.2202],[20.3668,46.2112],[20.3624,46.1938],[20.3618,46.1887],[20.3527,46.1886],[20.3513,46.1756],[20.3556,46.1697],[20.3126,46.1502],[20.3092,46.1565],[20.2991,46.1519],[20.2968,46.1522],[20.2831,46.1418],[20.2755,46.1336],[20.2743,46.1333],[20.2739,46.1337],[20.2729,46.1323],[20.2717,46.1328],[20.2702,46.1272],[20.2672,46.127],[20.2636,46.1262],[20.2626,46.1255],[20.2594,46.1215],[20.2549,46.1158],[20.2535,46.1165],[20.2514,46.1147],[20.2475,46.1189],[20.2505,46.1272],[20.25,46.1276],[20.2482,46.1298],[20.2332,46.1238],[20.2298,46.1291],[20.2103,46.1355],[20.208,46.1439],[20.1987,46.1498],[20.1818,46.1601],[20.1795,46.1575],[20.1692,46.1528],[20.1467,46.1448],[20.1373,46.1442],[20.137,46.1448],[20.1366,46.1448],[20.137,46.1473],[20.1349,46.1475],[20.1324,46.1502],[20.1268,46.1525],[20.1263,46.152],[20.1069,46.1626],[20.1047,46.1652],[20.1038,46.1717],[20.1065,46.1733],[20.106,46.1747],[20.1036,46.1763],[20.1022,46.1768],[20.1007,46.177],[20.097,46.1767],[20.0958,46.1772],[20.1166,46.1965],[20.119,46.1994],[20.1204,46.2021],[20.1223,46.2054],[20.1325,46.2012],[20.1588,46.2125],[20.1775,46.2055],[20.1787,46.2036],[20.19,46.1948],[20.1903,46.195],[20.1911,46.1932],[20.1921,46.1952],[20.1925,46.196],[20.1924,46.1972],[20.1926,46.1978],[20.1927,46.1983],[20.1915,46.1986],[20.1907,46.1989],[20.1899,46.1993],[20.1889,46.1998],[20.1882,46.2004],[20.1877,46.201],[20.1874,46.2015],[20.1867,46.2028],[20.1859,46.2045],[20.1843,46.2076],[20.1833,46.2098],[20.1813,46.2139],[20.1795,46.2174],[20.1777,46.2211],[20.1756,46.2254],[20.1738,46.2291],[20.1751,46.2306],[20.1754,46.2308],[20.1806,46.2289],[20.1858,46.227],[20.186,46.2266],[20.1883,46.2258],[20.1894,46.2257],[20.1912,46.2256],[20.1931,46.2257],[20.1956,46.2261],[20.1972,46.2266],[20.1977,46.2266],[20.2088,46.225],[20.2098,46.2297],[20.2073,46.2305],[20.2054,46.2322],[20.2053,46.2334],[20.2061,46.2343],[20.2072,46.2347],[20.2126,46.2349],[20.2155,46.2359],[20.2173,46.238],[20.2161,46.2409],[20.2162,46.2417],[20.2135,46.2418],[20.2113,46.2424],[20.2088,46.2459],[20.2058,46.2485],[20.2044,46.2491],[20.2005,46.2495],[20.1974,46.2499],[20.1939,46.2524],[20.1933,46.2525],[20.1871,46.2536],[20.1805,46.2548],[20.174,46.2557],[20.167,46.256],[20.1584,46.2549],[20.1581,46.255],[20.1559,46.2531],[20.1536,46.2507],[20.1508,46.2518],[20.1522,46.2538],[20.1516,46.254],[20.1509,46.2544],[20.1506,46.2546],[20.1431,46.2586],[20.1352,46.2627],[20.1311,46.2642],[20.1304,46.2645],[20.1288,46.265],[20.1283,46.2652],[20.1282,46.2653],[20.1281,46.2653],[20.1276,46.2654],[20.1273,46.2654],[20.1271,46.2654],[20.1269,46.2654],[20.1264,46.2653],[20.1249,46.265],[20.1246,46.2649],[20.1239,46.2649],[20.1234,46.2648],[20.1292,46.2706],[20.132,46.2733],[20.1348,46.276],[20.1387,46.2799],[20.1426,46.284],[20.1421,46.2847],[20.142,46.2849],[20.1404,46.2872],[20.1386,46.2897],[20.138,46.2907],[20.1375,46.2912],[20.1368,46.2918],[20.1358,46.2924],[20.1352,46.2929],[20.135,46.2931],[20.1348,46.2935],[20.1347,46.2936],[20.1345,46.2944],[20.1342,46.2961],[20.1329,46.299],[20.1311,46.3029],[20.131,46.3032],[20.1309,46.3049],[20.1307,46.308],[20.1306,46.3087],[20.1303,46.3104],[20.1301,46.3113],[20.1299,46.3124],[20.1295,46.3138],[20.1299,46.3186],[20.13,46.3198],[20.1302,46.323],[20.1303,46.3233],[20.1305,46.3238],[20.1328,46.3283],[20.1332,46.3302],[20.1344,46.3355],[20.1343,46.3359],[20.1344,46.3359],[20.1555,46.338],[20.164,46.338],[20.1653,46.3347],[20.1724,46.3185]]]}},{"type":"Feature","properties":{"id":"0603","name":"Csongrád-Csanád vármegye 03. OEVK","regionId":"csongrad","center":"Szentes"},"geometry":{"type":"Polygon","coordinates":[[[20.4849,46.7923],[20.493,46.787],[20.5034,46.7733],[20.5218,46.773],[20.542,46.7735],[20.5628,46.776],[20.5782,46.768],[20.5959,46.7596],[20.5846,46.7309],[20.5816,46.7192],[20.5844,46.7136],[20.5843,46.6963],[20.5894,46.6831],[20.5926,46.6799],[20.5753,46.679],[20.5762,46.6647],[20.5754,46.6647],[20.5691,46.6328],[20.5767,46.6317],[20.5743,46.619],[20.5753,46.6138],[20.579,46.5682],[20.5683,46.5695],[20.5087,46.5583],[20.4711,46.5458],[20.4616,46.5543],[20.4486,46.5499],[20.4356,46.5455],[20.4326,46.548],[20.4194,46.5408],[20.4246,46.5364],[20.4222,46.5348],[20.416,46.5273],[20.4151,46.5255],[20.3768,46.5144],[20.3743,46.5202],[20.3629,46.5181],[20.3189,46.5282],[20.3187,46.5198],[20.321,46.5124],[20.3243,46.5081],[20.3139,46.5055],[20.3117,46.5165],[20.3062,46.5177],[20.3022,46.5191],[20.2957,46.5231],[20.2926,46.5214],[20.2842,46.5179],[20.282,46.5164],[20.2783,46.5134],[20.2741,46.5116],[20.2615,46.5081],[20.2497,46.5053],[20.2401,46.5019],[20.2297,46.4956],[20.2198,46.4903],[20.214,46.4887],[20.2141,46.4882],[20.2128,46.4865],[20.2071,46.4854],[20.2015,46.4827],[20.2007,46.4838],[20.1984,46.4825],[20.1947,46.482],[20.202,46.4732],[20.2041,46.47],[20.2063,46.4648],[20.2068,46.4617],[20.2061,46.4578],[20.2038,46.4546],[20.2006,46.4517],[20.1958,46.4415],[20.1877,46.4265],[20.1857,46.4214],[20.1848,46.4156],[20.1857,46.4078],[20.1879,46.4039],[20.1895,46.4024],[20.1915,46.4008],[20.1948,46.4002],[20.2041,46.4006],[20.205,46.3998],[20.2057,46.3971],[20.203,46.3952],[20.2021,46.395],[20.1994,46.3952],[20.193,46.3976],[20.1821,46.4007],[20.1761,46.4035],[20.173,46.4039],[20.1716,46.4037],[20.1682,46.4024],[20.1613,46.3986],[20.1598,46.3966],[20.16,46.3945],[20.1574,46.3947],[20.1538,46.3649],[20.1523,46.3625],[20.1544,46.3592],[20.155,46.3589],[20.1567,46.3592],[20.1619,46.3614],[20.1769,46.3612],[20.1823,46.3591],[20.1882,46.349],[20.1802,46.3455],[20.1812,46.3444],[20.1764,46.3398],[20.1757,46.3379],[20.175,46.3373],[20.1737,46.3374],[20.1724,46.3365],[20.1653,46.3347],[20.164,46.338],[20.1555,46.338],[20.1344,46.3359],[20.1349,46.3377],[20.1346,46.3401],[20.1339,46.3415],[20.1266,46.3472],[20.1179,46.3444],[20.1143,46.3462],[20.1124,46.3466],[20.1075,46.3491],[20.1038,46.3469],[20.1006,46.3476],[20.0904,46.3498],[20.0787,46.3496],[20.078,46.349],[20.0773,46.3476],[20.0782,46.347],[20.0788,46.3452],[20.0797,46.3444],[20.0792,46.3424],[20.078,46.3414],[20.0773,46.3396],[20.0777,46.3349],[20.0799,46.3306],[20.0803,46.3274],[20.0827,46.3248],[20.0835,46.3221],[20.0793,46.3222],[20.0777,46.3232],[20.0749,46.3229],[20.0723,46.3215],[20.0705,46.3217],[20.0689,46.3212],[20.063,46.3217],[20.0635,46.3215],[20.0631,46.3215],[20.0649,46.3145],[20.0653,46.3145],[20.0649,46.3144],[20.0652,46.3132],[20.0718,46.3025],[20.0723,46.3024],[20.072,46.3021],[20.0723,46.3017],[20.0717,46.3015],[20.0722,46.3006],[20.0698,46.2995],[20.0592,46.3073],[20.0298,46.3272],[20.019,46.3342],[20.0158,46.3372],[19.9857,46.3562],[19.9696,46.3674],[19.937,46.3867],[19.9283,46.3903],[19.9111,46.3992],[19.8944,46.4086],[19.8984,46.4193],[19.8983,46.4247],[19.8866,46.4386],[19.8822,46.4444],[19.8904,46.4514],[19.8995,46.46],[19.9007,46.4658],[19.9012,46.4677],[19.8952,46.4803],[19.8861,46.4881],[19.8734,46.4939],[19.8479,46.511],[19.8378,46.5082],[19.8186,46.5069],[19.8093,46.5059],[19.7913,46.5224],[19.78,46.5319],[19.8157,46.5498],[19.8397,46.56],[19.8547,46.5655],[19.8921,46.5783],[19.9114,46.5676],[19.9303,46.557],[19.9435,46.5482],[19.9627,46.5683],[19.9764,46.5793],[19.9945,46.5915],[19.9895,46.6032],[19.9921,46.6095],[19.9942,46.6204],[19.9941,46.6228],[19.9907,46.632],[19.9807,46.6369],[19.9853,46.6545],[19.9922,46.6607],[19.9982,46.6673],[20.0081,46.6797],[20.0112,46.6949],[20.0087,46.7],[20.0057,46.7034],[19.9988,46.7073],[19.9944,46.7107],[19.9886,46.7138],[19.9826,46.718],[19.9692,46.7267],[19.9752,46.732],[19.981,46.7383],[19.9995,46.7527],[20.0246,46.7805],[20.0612,46.8064],[20.0617,46.8008],[20.0635,46.7949],[20.0646,46.7926],[20.0663,46.7907],[20.0692,46.7893],[20.0719,46.789],[20.0774,46.7891],[20.0817,46.7877],[20.0835,46.7861],[20.0869,46.7781],[20.0915,46.7732],[20.0915,46.7722],[20.0891,46.7677],[20.0891,46.766],[20.0907,46.7622],[20.1017,46.7645],[20.104,46.7656],[20.1065,46.7676],[20.1069,46.7692],[20.1066,46.7701],[20.1034,46.7729],[20.102,46.7766],[20.102,46.7781],[20.1028,46.7816],[20.1037,46.7828],[20.1058,46.7846],[20.1076,46.785],[20.1108,46.7852],[20.1173,46.7841],[20.1263,46.7787],[20.1344,46.7724],[20.1752,46.7545],[20.1818,46.7603],[20.1851,46.7654],[20.187,46.767],[20.1893,46.7717],[20.1935,46.7754],[20.1926,46.7758],[20.1929,46.777],[20.1984,46.7815],[20.1991,46.7834],[20.201,46.7842],[20.2021,46.7841],[20.2082,46.7823],[20.2122,46.7801],[20.2143,46.7796],[20.2159,46.7796],[20.2178,46.7803],[20.2209,46.7818],[20.2231,46.7839],[20.2232,46.7854],[20.2219,46.7867],[20.2177,46.788],[20.2183,46.7885],[20.2175,46.7889],[20.2175,46.7903],[20.2184,46.7919],[20.2236,46.7927],[20.2232,46.7944],[20.2255,46.7964],[20.2308,46.7986],[20.2358,46.7989],[20.2427,46.7985],[20.2648,46.7922],[20.2753,46.7818],[20.2777,46.7806],[20.2843,46.7752],[20.2907,46.7675],[20.3108,46.7653],[20.3159,46.7643],[20.32,46.7642],[20.3271,46.7634],[20.3326,46.7619],[20.3356,46.7631],[20.3412,46.764],[20.3451,46.7672],[20.3457,46.7738],[20.3454,46.7764],[20.3463,46.7792],[20.3523,46.7847],[20.3626,46.784],[20.3766,46.7867],[20.3803,46.787],[20.3892,46.7866],[20.3939,46.7871],[20.4008,46.7884],[20.4042,46.7883],[20.4044,46.7893],[20.4071,46.7917],[20.4109,46.7928],[20.4169,46.7932],[20.4173,46.7951],[20.4247,46.7991],[20.4243,46.8035],[20.4304,46.8042],[20.4353,46.8052],[20.439,46.8069],[20.4427,46.8073],[20.4499,46.8109],[20.4534,46.812],[20.4565,46.8097],[20.4635,46.8054],[20.4679,46.8016],[20.4712,46.7994],[20.4803,46.7955],[20.4849,46.7923]]]}},{"type":"Feature","properties":{"id":"0604","name":"Csongrád-Csanád vármegye 04. OEVK","regionId":"csongrad","center":"Hódmezővásárhely"},"geometry":{"type":"Polygon","coordinates":[[[20.5793,46.564],[20.6046,46.5404],[20.6084,46.5383],[20.6152,46.5373],[20.6106,46.536],[20.6134,46.5287],[20.615,46.5291],[20.6157,46.5272],[20.6146,46.5264],[20.6137,46.5246],[20.6133,46.5194],[20.6116,46.5179],[20.6114,46.5156],[20.6094,46.5136],[20.6071,46.5131],[20.6063,46.5125],[20.6045,46.5074],[20.6043,46.5039],[20.6022,46.502],[20.6026,46.4983],[20.6012,46.4966],[20.602,46.4936],[20.5988,46.4873],[20.5992,46.4831],[20.6011,46.4797],[20.5998,46.4786],[20.5946,46.4766],[20.5958,46.4736],[20.5968,46.4736],[20.5989,46.4682],[20.602,46.4687],[20.6065,46.4571],[20.6042,46.4566],[20.6051,46.4543],[20.5823,46.4525],[20.5825,46.4425],[20.5829,46.4082],[20.5712,46.409],[20.5603,46.4052],[20.5541,46.3994],[20.5489,46.3913],[20.5782,46.371],[20.579,46.3712],[20.5756,46.368],[20.5718,46.3654],[20.586,46.3593],[20.588,46.3629],[20.5958,46.3596],[20.596,46.3599],[20.6044,46.3566],[20.6132,46.3543],[20.622,46.3513],[20.6237,46.3545],[20.6827,46.3511],[20.684,46.3546],[20.6937,46.3807],[20.7388,46.3841],[20.7431,46.3723],[20.744,46.3711],[20.7489,46.3678],[20.7543,46.3602],[20.7616,46.3446],[20.7632,46.3412],[20.7487,46.2902],[20.7638,46.2798],[20.7756,46.2759],[20.7489,46.2506],[20.7618,46.2045],[20.7274,46.2074],[20.7286,46.205],[20.7257,46.1964],[20.7306,46.1952],[20.7327,46.1939],[20.7338,46.1941],[20.7334,46.1923],[20.7317,46.1907],[20.7303,46.1905],[20.7287,46.1891],[20.7257,46.1885],[20.725,46.188],[20.7249,46.1872],[20.7224,46.1875],[20.7158,46.1696],[20.7163,46.1695],[20.7158,46.1682],[20.7152,46.1679],[20.715,46.1669],[20.7132,46.1656],[20.7089,46.1648],[20.7079,46.1632],[20.705,46.1612],[20.702,46.1607],[20.6981,46.1603],[20.6942,46.1584],[20.6933,46.1569],[20.6934,46.1538],[20.6905,46.1493],[20.6845,46.1448],[20.682,46.1445],[20.6778,46.1455],[20.6758,46.146],[20.6728,46.1477],[20.6701,46.1505],[20.6654,46.1518],[20.664,46.1516],[20.6616,46.1506],[20.6593,46.1508],[20.655,46.1496],[20.6524,46.1479],[20.6504,46.1457],[20.6495,46.1422],[20.6502,46.1403],[20.6478,46.1342],[20.6446,46.1299],[20.6429,46.1283],[20.6403,46.1269],[20.636,46.1264],[20.6341,46.1265],[20.6295,46.1285],[20.6273,46.1314],[20.6258,46.1323],[20.6245,46.1336],[20.6235,46.1353],[20.6208,46.1371],[20.6191,46.1393],[20.6155,46.1398],[20.615,46.1408],[20.6131,46.1423],[20.6107,46.1457],[20.6084,46.1464],[20.6063,46.1466],[20.6047,46.1479],[20.6001,46.1484],[20.5934,46.15],[20.5916,46.1521],[20.591,46.1536],[20.5884,46.1542],[20.586,46.1557],[20.5832,46.1566],[20.5819,46.1588],[20.5793,46.1605],[20.5781,46.1609],[20.5763,46.1606],[20.5753,46.1608],[20.5736,46.1624],[20.571,46.1632],[20.5674,46.1667],[20.5636,46.1676],[20.5597,46.1708],[20.5582,46.1714],[20.5553,46.1716],[20.5544,46.1721],[20.5535,46.173],[20.5532,46.1745],[20.5521,46.1755],[20.5507,46.1762],[20.5483,46.1765],[20.5449,46.1788],[20.5404,46.1798],[20.5375,46.1796],[20.5358,46.1806],[20.5318,46.1804],[20.5232,46.1814],[20.5072,46.1878],[20.5013,46.19],[20.5001,46.1884],[20.4994,46.1887],[20.4966,46.1887],[20.4956,46.1873],[20.4954,46.1859],[20.4968,46.1851],[20.4977,46.1854],[20.498,46.1843],[20.4918,46.1808],[20.4937,46.1803],[20.4937,46.1797],[20.4963,46.178],[20.4964,46.1775],[20.4932,46.1738],[20.4954,46.1716],[20.4952,46.1709],[20.4768,46.1564],[20.4728,46.1524],[20.4591,46.1429],[20.4454,46.1418],[20.4263,46.1452],[20.4096,46.1511],[20.4042,46.1537],[20.4027,46.1555],[20.3975,46.1574],[20.3943,46.1526],[20.3866,46.1553],[20.3811,46.1579],[20.3776,46.1578],[20.3701,46.1536],[20.3695,46.1529],[20.3692,46.1531],[20.3685,46.1529],[20.3663,46.1549],[20.3556,46.1697],[20.3513,46.1756],[20.3527,46.1886],[20.3618,46.1887],[20.3624,46.1938],[20.3668,46.2112],[20.3773,46.2202],[20.3746,46.2273],[20.3727,46.2291],[20.3696,46.2298],[20.3666,46.2296],[20.3642,46.2287],[20.3613,46.2262],[20.3593,46.2234],[20.357,46.2218],[20.3536,46.2223],[20.3515,46.223],[20.3455,46.2254],[20.3405,46.2294],[20.3381,46.237],[20.337,46.2395],[20.3358,46.2402],[20.3331,46.2408],[20.3279,46.2406],[20.3253,46.2398],[20.325,46.2396],[20.3204,46.2373],[20.3178,46.2368],[20.3144,46.2376],[20.3125,46.2388],[20.3086,46.2405],[20.3049,46.2428],[20.3028,46.2453],[20.3032,46.2472],[20.3052,46.2486],[20.3081,46.2592],[20.3062,46.2648],[20.3057,46.2686],[20.302,46.2735],[20.3022,46.279],[20.2999,46.281],[20.299,46.2834],[20.2973,46.2839],[20.2961,46.2836],[20.2962,46.2824],[20.2977,46.2809],[20.298,46.28],[20.2974,46.2792],[20.2953,46.278],[20.2935,46.2779],[20.2912,46.2788],[20.2901,46.2789],[20.2831,46.2764],[20.2797,46.2757],[20.2721,46.2752],[20.2696,46.274],[20.2652,46.2703],[20.2623,46.269],[20.2545,46.2686],[20.2515,46.2689],[20.2503,46.2696],[20.2498,46.2707],[20.2519,46.2748],[20.2521,46.2759],[20.2515,46.2771],[20.2402,46.2827],[20.2401,46.2827],[20.2443,46.2861],[20.248,46.2903],[20.249,46.292],[20.2496,46.2944],[20.2495,46.2965],[20.2486,46.3002],[20.247,46.3038],[20.2289,46.3042],[20.2296,46.3015],[20.222,46.3003],[20.2235,46.2944],[20.2226,46.2929],[20.2209,46.2917],[20.2223,46.2901],[20.2154,46.288],[20.2165,46.2854],[20.2051,46.2806],[20.2057,46.2835],[20.2058,46.2871],[20.2048,46.2896],[20.2046,46.2932],[20.1888,46.2936],[20.189,46.2932],[20.1879,46.2932],[20.188,46.3002],[20.1858,46.3039],[20.1849,46.3077],[20.1853,46.3092],[20.1744,46.3071],[20.1724,46.3185],[20.1653,46.3347],[20.1724,46.3365],[20.1737,46.3374],[20.175,46.3373],[20.1757,46.3379],[20.1764,46.3398],[20.1812,46.3444],[20.1802,46.3455],[20.1882,46.349],[20.1823,46.3591],[20.1769,46.3612],[20.1619,46.3614],[20.1567,46.3592],[20.155,46.3589],[20.1544,46.3592],[20.1523,46.3625],[20.1538,46.3649],[20.1574,46.3947],[20.16,46.3945],[20.1598,46.3966],[20.1613,46.3986],[20.1682,46.4024],[20.1716,46.4037],[20.173,46.4039],[20.1761,46.4035],[20.1821,46.4007],[20.193,46.3976],[20.1994,46.3952],[20.2021,46.395],[20.203,46.3952],[20.2057,46.3971],[20.205,46.3998],[20.2041,46.4006],[20.1948,46.4002],[20.1915,46.4008],[20.1895,46.4024],[20.1879,46.4039],[20.1857,46.4078],[20.1848,46.4156],[20.1857,46.4214],[20.1877,46.4265],[20.1958,46.4415],[20.2006,46.4517],[20.2038,46.4546],[20.2061,46.4578],[20.2068,46.4617],[20.2063,46.4648],[20.2041,46.47],[20.202,46.4732],[20.1947,46.482],[20.1984,46.4825],[20.2007,46.4838],[20.2015,46.4827],[20.2071,46.4854],[20.2128,46.4865],[20.2141,46.4882],[20.214,46.4887],[20.2198,46.4903],[20.2297,46.4956],[20.2401,46.5019],[20.2497,46.5053],[20.2615,46.5081],[20.2741,46.5116],[20.2783,46.5134],[20.282,46.5164],[20.2842,46.5179],[20.2926,46.5214],[20.2957,46.5231],[20.3022,46.5191],[20.3062,46.5177],[20.3117,46.5165],[20.3139,46.5055],[20.3243,46.5081],[20.321,46.5124],[20.3187,46.5198],[20.3189,46.5282],[20.3629,46.5181],[20.3743,46.5202],[20.3768,46.5144],[20.4151,46.5255],[20.416,46.5273],[20.4222,46.5348],[20.4246,46.5364],[20.4194,46.5408],[20.4326,46.548],[20.4356,46.5455],[20.4486,46.5499],[20.4616,46.5543],[20.4711,46.5458],[20.5087,46.5583],[20.5683,46.5695],[20.579,46.5682],[20.5793,46.564]]]}},{"type":"Feature","properties":{"id":"0701","name":"Fejér vármegye 01. OEVK","regionId":"fejer","center":"Székesfehérvár"},"geometry":{"type":"Polygon","coordinates":[[[18.4521,47.2661],[18.4532,47.2641],[18.4545,47.2641],[18.4581,47.2611],[18.4604,47.2602],[18.4631,47.2577],[18.4638,47.258],[18.4649,47.2575],[18.4677,47.2582],[18.4685,47.2576],[18.4721,47.258],[18.4724,47.2563],[18.4808,47.2568],[18.4829,47.2537],[18.4927,47.2549],[18.4949,47.2583],[18.5124,47.2499],[18.512,47.2492],[18.5208,47.243],[18.527,47.2363],[18.5203,47.2304],[18.5192,47.2284],[18.5148,47.2252],[18.5103,47.223],[18.5062,47.2217],[18.4998,47.221],[18.4907,47.2169],[18.4965,47.2113],[18.4997,47.2099],[18.5055,47.2065],[18.5258,47.1926],[18.5214,47.1882],[18.5196,47.1875],[18.5139,47.1897],[18.5046,47.1863],[18.502,47.1892],[18.4948,47.1853],[18.5052,47.173],[18.5372,47.1755],[18.538,47.17],[18.54,47.1642],[18.544,47.1589],[18.5484,47.1537],[18.5537,47.1494],[18.5506,47.1487],[18.5522,47.145],[18.5494,47.1422],[18.547,47.1456],[18.5482,47.1464],[18.5474,47.1488],[18.5449,47.151],[18.5414,47.1532],[18.5178,47.1394],[18.5186,47.1392],[18.5183,47.139],[18.5174,47.1386],[18.5109,47.142],[18.5105,47.1422],[18.5087,47.1431],[18.5056,47.1442],[18.5023,47.1455],[18.4977,47.1472],[18.4954,47.148],[18.4938,47.1486],[18.4886,47.1509],[18.4852,47.1523],[18.4846,47.1526],[18.4841,47.1528],[18.4834,47.1532],[18.4737,47.1593],[18.47,47.1616],[18.4594,47.1682],[18.4574,47.1695],[18.4555,47.1706],[18.453,47.1722],[18.4514,47.1732],[18.451,47.1735],[18.4506,47.1739],[18.4498,47.1747],[18.4475,47.1771],[18.4464,47.1784],[18.4453,47.1795],[18.445,47.1799],[18.4425,47.182],[18.4417,47.1826],[18.4406,47.1835],[18.4398,47.1842],[18.4395,47.1845],[18.4392,47.1846],[18.4388,47.1849],[18.4384,47.1851],[18.4381,47.1852],[18.4378,47.1853],[18.4374,47.1854],[18.4372,47.1855],[18.437,47.1855],[18.4369,47.1856],[18.4366,47.1856],[18.4364,47.1856],[18.4362,47.1857],[18.436,47.1857],[18.4338,47.1857],[18.4293,47.1842],[18.4168,47.1801],[18.4161,47.1814],[18.4154,47.1833],[18.4065,47.1813],[18.4065,47.1809],[18.4076,47.1783],[18.4062,47.1782],[18.4054,47.1783],[18.4048,47.1784],[18.4041,47.1785],[18.4035,47.1786],[18.4028,47.1788],[18.4022,47.179],[18.4013,47.1793],[18.4007,47.1795],[18.4003,47.1797],[18.3999,47.1799],[18.3995,47.1801],[18.3991,47.1804],[18.3986,47.1807],[18.3981,47.1811],[18.3976,47.1815],[18.3971,47.1819],[18.3938,47.1862],[18.39,47.1904],[18.3846,47.197],[18.3857,47.1995],[18.3866,47.2023],[18.387,47.2044],[18.387,47.205],[18.3872,47.2058],[18.3878,47.2066],[18.3983,47.2113],[18.3963,47.2128],[18.394,47.2143],[18.3897,47.217],[18.3852,47.221],[18.3762,47.2292],[18.3844,47.2352],[18.3845,47.2359],[18.3875,47.2381],[18.3863,47.2404],[18.4049,47.2494],[18.4045,47.2505],[18.4078,47.2567],[18.415,47.2604],[18.4281,47.2576],[18.4298,47.2645],[18.4303,47.2699],[18.4299,47.2766],[18.4323,47.2805],[18.4355,47.2812],[18.4382,47.2812],[18.4409,47.2779],[18.44,47.2776],[18.4521,47.2661]]]}},{"type":"Feature","properties":{"id":"0702","name":"Fejér vármegye 02. OEVK","regionId":"fejer","center":"Székesfehérvár"},"geometry":{"type":"Polygon","coordinates":[[[18.1991,47.4768],[18.2039,47.4741],[18.2129,47.4671],[18.2145,47.4663],[18.2143,47.466],[18.2182,47.4642],[18.2227,47.4639],[18.2275,47.4627],[18.2409,47.4583],[18.2414,47.4579],[18.2396,47.4527],[18.2418,47.4519],[18.2408,47.4495],[18.2421,47.4485],[18.2417,47.4473],[18.2427,47.4459],[18.2419,47.4442],[18.2404,47.443],[18.2422,47.4416],[18.2453,47.4367],[18.2474,47.4344],[18.2536,47.4309],[18.2617,47.428],[18.2644,47.4278],[18.2678,47.4272],[18.2685,47.4267],[18.2711,47.4266],[18.2718,47.4259],[18.2741,47.4253],[18.2752,47.4243],[18.2778,47.4234],[18.2788,47.421],[18.2795,47.4208],[18.28,47.4201],[18.2795,47.419],[18.2803,47.4168],[18.2824,47.4142],[18.2849,47.4123],[18.2964,47.407],[18.3017,47.4036],[18.3043,47.4032],[18.3069,47.4021],[18.3089,47.4008],[18.3098,47.4008],[18.3115,47.3996],[18.3116,47.3991],[18.3114,47.3989],[18.3136,47.397],[18.3147,47.3938],[18.3155,47.3932],[18.3172,47.389],[18.3223,47.3874],[18.3253,47.3869],[18.3279,47.3856],[18.3298,47.3817],[18.3309,47.3805],[18.3329,47.3788],[18.3377,47.376],[18.3386,47.3737],[18.3446,47.3693],[18.3449,47.368],[18.3511,47.363],[18.3566,47.3607],[18.3623,47.357],[18.3629,47.3542],[18.364,47.3525],[18.3673,47.3506],[18.3706,47.3478],[18.3707,47.349],[18.3734,47.3498],[18.3732,47.3505],[18.3751,47.3514],[18.3746,47.3516],[18.3758,47.3526],[18.3765,47.3519],[18.3796,47.3531],[18.379,47.3542],[18.3769,47.356],[18.3743,47.3566],[18.3723,47.3584],[18.3744,47.3593],[18.3754,47.3587],[18.3816,47.3588],[18.3818,47.3599],[18.385,47.3595],[18.3898,47.3618],[18.39,47.3612],[18.3923,47.3623],[18.3944,47.3617],[18.3995,47.3562],[18.4031,47.3573],[18.4033,47.357],[18.4056,47.3576],[18.4066,47.3541],[18.4156,47.3557],[18.4595,47.3184],[18.4574,47.3166],[18.452,47.3102],[18.448,47.3071],[18.4441,47.3028],[18.4421,47.2994],[18.4345,47.2902],[18.4368,47.2879],[18.4354,47.286],[18.4335,47.2844],[18.4323,47.2805],[18.4299,47.2766],[18.4303,47.2699],[18.4298,47.2645],[18.4281,47.2576],[18.415,47.2604],[18.4078,47.2567],[18.4045,47.2505],[18.4049,47.2494],[18.3863,47.2404],[18.3875,47.2381],[18.3845,47.2359],[18.3844,47.2352],[18.3762,47.2292],[18.3852,47.221],[18.3897,47.217],[18.394,47.2143],[18.3963,47.2128],[18.3983,47.2113],[18.3878,47.2066],[18.3872,47.2058],[18.387,47.205],[18.387,47.2044],[18.3866,47.2023],[18.3857,47.1995],[18.3846,47.197],[18.39,47.1904],[18.3938,47.1862],[18.3971,47.1819],[18.3976,47.1815],[18.3981,47.1811],[18.3986,47.1807],[18.3991,47.1804],[18.3995,47.1801],[18.3999,47.1799],[18.4003,47.1797],[18.4007,47.1795],[18.4013,47.1793],[18.4022,47.179],[18.4028,47.1788],[18.4035,47.1786],[18.4041,47.1785],[18.4048,47.1784],[18.4054,47.1783],[18.4062,47.1782],[18.4076,47.1783],[18.4065,47.1809],[18.4065,47.1813],[18.4154,47.1833],[18.4161,47.1814],[18.4168,47.1801],[18.4293,47.1842],[18.4338,47.1857],[18.436,47.1857],[18.4362,47.1857],[18.4364,47.1856],[18.4366,47.1856],[18.4369,47.1856],[18.437,47.1855],[18.4372,47.1855],[18.4374,47.1854],[18.4378,47.1853],[18.4381,47.1852],[18.4384,47.1851],[18.4388,47.1849],[18.4392,47.1846],[18.4395,47.1845],[18.4398,47.1842],[18.4406,47.1835],[18.4417,47.1826],[18.4425,47.182],[18.445,47.1799],[18.4453,47.1795],[18.4464,47.1784],[18.4475,47.1771],[18.4498,47.1747],[18.4506,47.1739],[18.451,47.1735],[18.4514,47.1732],[18.453,47.1722],[18.4555,47.1706],[18.4574,47.1695],[18.4594,47.1682],[18.47,47.1616],[18.4737,47.1593],[18.4834,47.1532],[18.4841,47.1528],[18.4846,47.1526],[18.4852,47.1523],[18.4886,47.1509],[18.4938,47.1486],[18.4954,47.148],[18.4977,47.1472],[18.5023,47.1455],[18.5056,47.1442],[18.5087,47.1431],[18.5105,47.1422],[18.5109,47.142],[18.5174,47.1386],[18.5183,47.139],[18.5221,47.1367],[18.524,47.1348],[18.5237,47.1346],[18.522,47.1359],[18.5212,47.1359],[18.5196,47.1369],[18.5087,47.1293],[18.5,47.1245],[18.4915,47.1222],[18.4774,47.117],[18.471,47.111],[18.4606,47.1222],[18.4281,47.1091],[18.4268,47.1089],[18.4263,47.1092],[18.4265,47.1089],[18.4206,47.1086],[18.4179,47.1086],[18.4177,47.109],[18.4167,47.1086],[18.4022,47.108],[18.4009,47.1072],[18.4028,47.1063],[18.4035,47.1039],[18.4031,47.1039],[18.403,47.1018],[18.4022,47.1011],[18.4107,47.0934],[18.4077,47.0933],[18.4036,47.0964],[18.4022,47.0962],[18.401,47.0965],[18.3941,47.0931],[18.396,47.0913],[18.3894,47.088],[18.3845,47.0926],[18.3695,47.0837],[18.3672,47.0833],[18.3608,47.0804],[18.3623,47.0724],[18.3683,47.063],[18.3629,47.0597],[18.3677,47.0514],[18.3687,47.0404],[18.3687,47.037],[18.3655,47.0295],[18.3651,47.026],[18.369,47.0219],[18.3721,47.0158],[18.3696,47.0129],[18.3619,47.0083],[18.3542,47.0023],[18.3523,46.9982],[18.3388,46.9941],[18.3384,46.9947],[18.3315,46.9937],[18.3305,46.9988],[18.329,47.003],[18.3286,47.0032],[18.313,47.002],[18.3076,47.0089],[18.3038,47.0129],[18.3014,47.0136],[18.2996,47.0148],[18.2972,47.0141],[18.2902,47.0207],[18.2898,47.0201],[18.2759,47.023],[18.2732,47.0231],[18.2691,47.0224],[18.2607,47.0221],[18.2607,47.0231],[18.2587,47.025],[18.2583,47.0249],[18.2553,47.0243],[18.2534,47.0234],[18.2457,47.021],[18.2388,47.0196],[18.234,47.0292],[18.2303,47.0332],[18.2282,47.0333],[18.2205,47.0423],[18.2125,47.0485],[18.2129,47.0499],[18.2126,47.0528],[18.2109,47.0559],[18.2104,47.0595],[18.2089,47.0643],[18.2065,47.0681],[18.2057,47.0736],[18.2031,47.0791],[18.2067,47.0804],[18.2153,47.0877],[18.2204,47.0891],[18.2275,47.0921],[18.2343,47.0934],[18.2335,47.0959],[18.2323,47.0976],[18.2293,47.1],[18.2258,47.1012],[18.2233,47.1057],[18.2225,47.1104],[18.2236,47.1153],[18.2229,47.1237],[18.2152,47.1433],[18.2119,47.1638],[18.2144,47.1647],[18.22,47.1657],[18.2213,47.1662],[18.2172,47.1736],[18.2272,47.1734],[18.2206,47.1814],[18.2229,47.1986],[18.2215,47.2036],[18.225,47.2061],[18.2252,47.2067],[18.2245,47.2088],[18.2243,47.2134],[18.2227,47.2173],[18.2205,47.2185],[18.2194,47.2196],[18.2186,47.2212],[18.2167,47.2232],[18.2166,47.2246],[18.1963,47.2227],[18.1961,47.2238],[18.1834,47.2325],[18.1806,47.2355],[18.1787,47.237],[18.1732,47.2392],[18.1704,47.2444],[18.1691,47.2495],[18.1705,47.2524],[18.1712,47.2529],[18.1686,47.2548],[18.1672,47.2566],[18.1621,47.2593],[18.1573,47.2641],[18.1456,47.2644],[18.1423,47.2635],[18.1371,47.261],[18.1368,47.26],[18.1352,47.2584],[18.134,47.2583],[18.1331,47.259],[18.1307,47.2588],[18.1216,47.2545],[18.1156,47.2511],[18.1124,47.2505],[18.1089,47.2492],[18.1055,47.2495],[18.1027,47.252],[18.099,47.2539],[18.0966,47.256],[18.093,47.257],[18.0919,47.2584],[18.0897,47.2647],[18.0851,47.2683],[18.0827,47.271],[18.0807,47.2724],[18.0783,47.2773],[18.075,47.2797],[18.0679,47.279],[18.0657,47.2803],[18.0632,47.2799],[18.0601,47.2784],[18.0564,47.2786],[18.0542,47.2783],[18.053,47.2801],[18.0538,47.2813],[18.0505,47.284],[18.0506,47.2889],[18.0499,47.2907],[18.0501,47.2935],[18.0474,47.297],[18.0475,47.2998],[18.0464,47.3016],[18.0465,47.3026],[18.0471,47.3054],[18.0487,47.3071],[18.0541,47.3104],[18.0575,47.311],[18.0587,47.3117],[18.0596,47.3129],[18.0638,47.3149],[18.0654,47.3169],[18.0658,47.3188],[18.065,47.3188],[18.0648,47.3195],[18.0642,47.3197],[18.0603,47.3198],[18.0574,47.3206],[18.056,47.3203],[18.0518,47.3205],[18.0509,47.3202],[18.0479,47.3206],[18.0426,47.3236],[18.04,47.3257],[18.0357,47.3343],[18.0337,47.34],[18.0412,47.3437],[18.0534,47.3512],[18.0661,47.3546],[18.074,47.355],[18.0821,47.356],[18.0878,47.3585],[18.0803,47.3656],[18.0795,47.368],[18.0802,47.3696],[18.0795,47.3729],[18.08,47.3742],[18.0836,47.3761],[18.0855,47.3796],[18.0862,47.3844],[18.0918,47.3907],[18.0976,47.3925],[18.1055,47.3975],[18.1089,47.4016],[18.1097,47.4054],[18.1108,47.4068],[18.1102,47.411],[18.1086,47.4136],[18.1081,47.4159],[18.1047,47.4198],[18.1091,47.4219],[18.1124,47.4225],[18.1144,47.4232],[18.1178,47.4251],[18.1195,47.4289],[18.1175,47.4332],[18.1147,47.4377],[18.114,47.4401],[18.1141,47.4424],[18.1152,47.4445],[18.1182,47.4453],[18.1269,47.4471],[18.1374,47.4519],[18.1439,47.4474],[18.1509,47.4401],[18.1568,47.4405],[18.1583,47.441],[18.1602,47.4439],[18.1714,47.4485],[18.1752,47.4476],[18.1782,47.4458],[18.1793,47.4446],[18.183,47.4448],[18.1861,47.4456],[18.1895,47.4473],[18.1908,47.449],[18.1939,47.4506],[18.1943,47.4514],[18.1946,47.4544],[18.1942,47.4554],[18.1917,47.4569],[18.1944,47.4609],[18.194,47.4654],[18.1949,47.4675],[18.188,47.4755],[18.1885,47.4763],[18.1898,47.4767],[18.1925,47.4763],[18.1967,47.4765],[18.1979,47.4771],[18.1991,47.4768]]]}},{"type":"Feature","properties":{"id":"0703","name":"Fejér vármegye 03. OEVK","regionId":"fejer","center":"Bicske"},"geometry":{"type":"Polygon","coordinates":[[[18.6884,47.5771],[18.6938,47.5709],[18.6988,47.5661],[18.7005,47.5613],[18.7002,47.5605],[18.6947,47.5555],[18.6931,47.5522],[18.6922,47.5482],[18.6948,47.5449],[18.6943,47.539],[18.6961,47.5365],[18.6952,47.5323],[18.7107,47.5158],[18.7182,47.5046],[18.7245,47.4966],[18.7224,47.4964],[18.725,47.4943],[18.7273,47.4933],[18.7293,47.4913],[18.7303,47.491],[18.7327,47.492],[18.7337,47.4918],[18.7357,47.4902],[18.7407,47.4893],[18.7416,47.4889],[18.7426,47.489],[18.7468,47.4911],[18.7515,47.4924],[18.7577,47.4879],[18.7579,47.4869],[18.7573,47.4866],[18.7574,47.4858],[18.7599,47.4827],[18.7609,47.4802],[18.7624,47.4781],[18.7676,47.4757],[18.7713,47.4724],[18.7801,47.4662],[18.7817,47.4625],[18.7856,47.4569],[18.7868,47.4508],[18.7861,47.4442],[18.7884,47.438],[18.7907,47.4353],[18.7871,47.4323],[18.7895,47.4257],[18.7763,47.4184],[18.7704,47.4169],[18.7635,47.4128],[18.7602,47.4087],[18.7572,47.4033],[18.7622,47.4],[18.7651,47.3971],[18.7759,47.3905],[18.7799,47.3874],[18.7843,47.3805],[18.7908,47.3719],[18.7919,47.3709],[18.7928,47.3714],[18.7945,47.3702],[18.8004,47.3665],[18.8046,47.3632],[18.8079,47.3589],[18.8072,47.3584],[18.8115,47.3537],[18.8254,47.3429],[18.8301,47.34],[18.8319,47.3389],[18.8339,47.34],[18.8418,47.3359],[18.8479,47.3321],[18.8541,47.3271],[18.8621,47.3205],[18.8666,47.3152],[18.8678,47.3146],[18.8641,47.3115],[18.8611,47.3065],[18.8578,47.3051],[18.8496,47.2913],[18.8624,47.2832],[18.8677,47.2787],[18.8734,47.272],[18.8701,47.269],[18.8605,47.2571],[18.8527,47.2501],[18.844,47.2451],[18.8401,47.2436],[18.8279,47.2476],[18.8193,47.2517],[18.7985,47.2405],[18.7979,47.238],[18.7987,47.236],[18.8039,47.2331],[18.8059,47.2329],[18.8229,47.218],[18.8287,47.211],[18.8329,47.2073],[18.8272,47.2028],[18.8248,47.1991],[18.8251,47.1989],[18.8287,47.1975],[18.8288,47.1928],[18.8402,47.1873],[18.8383,47.1764],[18.8367,47.1762],[18.8369,47.1724],[18.8362,47.1721],[18.8357,47.1706],[18.8337,47.1699],[18.8329,47.1716],[18.829,47.1729],[18.8275,47.1721],[18.8279,47.1717],[18.8191,47.1684],[18.8148,47.1723],[18.8012,47.1665],[18.7992,47.1682],[18.7835,47.1615],[18.7817,47.1649],[18.7763,47.171],[18.7672,47.1664],[18.765,47.1689],[18.7608,47.1702],[18.7583,47.1704],[18.756,47.1713],[18.7537,47.1736],[18.7507,47.1721],[18.7521,47.1709],[18.7483,47.169],[18.7469,47.1703],[18.7443,47.1689],[18.7348,47.1759],[18.7243,47.17],[18.7213,47.169],[18.7189,47.1684],[18.6947,47.1655],[18.6796,47.1637],[18.6757,47.1637],[18.6695,47.1644],[18.6653,47.1645],[18.6611,47.164],[18.67,47.1547],[18.6749,47.1509],[18.6806,47.1486],[18.6839,47.1478],[18.6838,47.1475],[18.689,47.1463],[18.6974,47.1447],[18.7054,47.144],[18.7113,47.1315],[18.7165,47.125],[18.6877,47.1247],[18.6867,47.1246],[18.6861,47.1242],[18.6844,47.1246],[18.6786,47.1245],[18.6779,47.1244],[18.6779,47.1239],[18.6749,47.1238],[18.6735,47.1132],[18.6572,47.1118],[18.6469,47.1276],[18.6459,47.1271],[18.6396,47.1369],[18.6395,47.1367],[18.6294,47.1447],[18.6252,47.1491],[18.6246,47.1489],[18.6184,47.155],[18.6162,47.1569],[18.6114,47.1598],[18.6083,47.1629],[18.6046,47.1657],[18.602,47.1618],[18.5973,47.1564],[18.5912,47.1526],[18.5826,47.1523],[18.5734,47.1476],[18.5663,47.1467],[18.5537,47.1494],[18.5484,47.1537],[18.544,47.1589],[18.54,47.1642],[18.538,47.17],[18.5372,47.1755],[18.5052,47.173],[18.4948,47.1853],[18.502,47.1892],[18.5046,47.1863],[18.5139,47.1897],[18.5196,47.1875],[18.5214,47.1882],[18.5258,47.1926],[18.5055,47.2065],[18.4997,47.2099],[18.4965,47.2113],[18.4907,47.2169],[18.4998,47.221],[18.5062,47.2217],[18.5103,47.223],[18.5148,47.2252],[18.5192,47.2284],[18.5203,47.2304],[18.527,47.2363],[18.5208,47.243],[18.512,47.2492],[18.5124,47.2499],[18.4949,47.2583],[18.4927,47.2549],[18.4829,47.2537],[18.4808,47.2568],[18.4724,47.2563],[18.4721,47.258],[18.4685,47.2576],[18.4677,47.2582],[18.4649,47.2575],[18.4638,47.258],[18.4631,47.2577],[18.4604,47.2602],[18.4581,47.2611],[18.4545,47.2641],[18.4532,47.2641],[18.4521,47.2661],[18.44,47.2776],[18.4409,47.2779],[18.4382,47.2812],[18.4355,47.2812],[18.4323,47.2805],[18.4335,47.2844],[18.4354,47.286],[18.4368,47.2879],[18.4345,47.2902],[18.4421,47.2994],[18.4441,47.3028],[18.448,47.3071],[18.452,47.3102],[18.4574,47.3166],[18.4595,47.3184],[18.4156,47.3557],[18.4066,47.3541],[18.4056,47.3576],[18.4033,47.357],[18.4031,47.3573],[18.3995,47.3562],[18.3944,47.3617],[18.3923,47.3623],[18.39,47.3612],[18.3898,47.3618],[18.385,47.3595],[18.3818,47.3599],[18.3816,47.3588],[18.3754,47.3587],[18.3744,47.3593],[18.3723,47.3584],[18.3743,47.3566],[18.3769,47.356],[18.379,47.3542],[18.3796,47.3531],[18.3765,47.3519],[18.3758,47.3526],[18.3746,47.3516],[18.3751,47.3514],[18.3732,47.3505],[18.3734,47.3498],[18.3707,47.349],[18.3706,47.3478],[18.3673,47.3506],[18.364,47.3525],[18.3629,47.3542],[18.3623,47.357],[18.3566,47.3607],[18.3511,47.363],[18.3449,47.368],[18.3446,47.3693],[18.3386,47.3737],[18.3377,47.376],[18.3329,47.3788],[18.3309,47.3805],[18.3298,47.3817],[18.3279,47.3856],[18.3253,47.3869],[18.3223,47.3874],[18.3172,47.389],[18.3155,47.3932],[18.3147,47.3938],[18.3136,47.397],[18.3114,47.3989],[18.3116,47.3991],[18.3171,47.4032],[18.3209,47.4033],[18.3235,47.4045],[18.3259,47.4065],[18.3287,47.4118],[18.3293,47.4143],[18.3306,47.416],[18.3315,47.4152],[18.336,47.4132],[18.3373,47.4118],[18.34,47.4103],[18.3427,47.4102],[18.3475,47.4126],[18.3774,47.4182],[18.3732,47.4194],[18.371,47.4211],[18.3682,47.4247],[18.366,47.4265],[18.3621,47.427],[18.36,47.4283],[18.3509,47.4363],[18.3503,47.4381],[18.3506,47.4407],[18.3517,47.4421],[18.3551,47.4439],[18.357,47.4455],[18.3597,47.4482],[18.3599,47.449],[18.3635,47.4522],[18.3641,47.4539],[18.3699,47.4581],[18.3779,47.4602],[18.3924,47.449],[18.3969,47.4518],[18.3996,47.4513],[18.4011,47.4524],[18.4004,47.4542],[18.4018,47.4547],[18.4064,47.4581],[18.4084,47.4617],[18.4113,47.4645],[18.417,47.4694],[18.4196,47.4697],[18.4202,47.4724],[18.4216,47.473],[18.4227,47.4743],[18.4227,47.4752],[18.422,47.4764],[18.4241,47.4807],[18.4276,47.4859],[18.4295,47.4854],[18.4342,47.4873],[18.4364,47.487],[18.4396,47.4923],[18.4438,47.4886],[18.4503,47.4849],[18.4511,47.4847],[18.4532,47.486],[18.4552,47.4864],[18.4555,47.4858],[18.4585,47.4834],[18.4601,47.481],[18.4614,47.478],[18.4625,47.477],[18.4661,47.4764],[18.4677,47.4746],[18.4747,47.4703],[18.4745,47.4726],[18.4753,47.4745],[18.4784,47.4766],[18.4808,47.4762],[18.4812,47.4765],[18.4809,47.4794],[18.4793,47.4808],[18.4809,47.4815],[18.4796,47.4827],[18.48,47.4839],[18.4824,47.4844],[18.4826,47.4851],[18.4819,47.4867],[18.4799,47.4888],[18.4808,47.489],[18.4849,47.4874],[18.4865,47.4877],[18.4894,47.4896],[18.4894,47.4923],[18.4926,47.4938],[18.4925,47.4943],[18.4912,47.4954],[18.4914,47.4957],[18.4925,47.4959],[18.4948,47.4946],[18.498,47.4938],[18.5002,47.4939],[18.5016,47.4949],[18.5031,47.4952],[18.5044,47.4975],[18.5061,47.498],[18.5099,47.4955],[18.5121,47.4934],[18.5143,47.4927],[18.5186,47.492],[18.5214,47.4886],[18.5272,47.4845],[18.5275,47.4848],[18.5386,47.4821],[18.5439,47.4822],[18.5395,47.4856],[18.5335,47.4909],[18.5302,47.4948],[18.5304,47.5009],[18.5203,47.5032],[18.5159,47.5063],[18.5124,47.5103],[18.5084,47.5125],[18.5052,47.5156],[18.5022,47.5167],[18.4997,47.5195],[18.4972,47.5234],[18.4972,47.5241],[18.497,47.5266],[18.496,47.5288],[18.4955,47.5277],[18.4936,47.5279],[18.4932,47.5321],[18.4939,47.5321],[18.4923,47.5363],[18.4929,47.5364],[18.4933,47.5355],[18.4959,47.536],[18.496,47.5363],[18.4956,47.5367],[18.4951,47.5366],[18.494,47.5387],[18.4919,47.5404],[18.4918,47.5418],[18.4897,47.5415],[18.4876,47.5458],[18.485,47.5488],[18.4857,47.552],[18.4885,47.5547],[18.5223,47.5568],[18.5265,47.554],[18.5267,47.5545],[18.5281,47.554],[18.5294,47.5547],[18.5312,47.5531],[18.533,47.5526],[18.5344,47.5516],[18.5489,47.5693],[18.5498,47.569],[18.5528,47.5678],[18.5565,47.5672],[18.5592,47.567],[18.5621,47.5674],[18.5658,47.5688],[18.5701,47.5721],[18.5734,47.573],[18.5748,47.5737],[18.5774,47.5745],[18.5846,47.5741],[18.5862,47.5736],[18.5895,47.5715],[18.5927,47.5702],[18.6002,47.5692],[18.6075,47.567],[18.6109,47.5668],[18.6169,47.5646],[18.6179,47.5658],[18.6202,47.5666],[18.6216,47.5676],[18.6215,47.5695],[18.6224,47.5714],[18.6248,47.5717],[18.6296,47.5705],[18.6389,47.5719],[18.6438,47.5731],[18.6561,47.571],[18.6643,47.5704],[18.667,47.5711],[18.6717,47.5714],[18.6773,47.5753],[18.6793,47.5743],[18.6813,47.5753],[18.6851,47.5753],[18.6884,47.5771]]]}},{"type":"Feature","properties":{"id":"0705","name":"Fejér vármegye 05. OEVK","regionId":"fejer","center":"Sárbogárd"},"geometry":{"type":"Polygon","coordinates":[[[18.6184,47.155],[18.6246,47.1489],[18.6252,47.1491],[18.6294,47.1447],[18.6395,47.1367],[18.6396,47.1369],[18.6459,47.1271],[18.6469,47.1276],[18.6572,47.1118],[18.6735,47.1132],[18.6749,47.1238],[18.6779,47.1239],[18.6779,47.1244],[18.6786,47.1245],[18.6844,47.1246],[18.6861,47.1242],[18.6867,47.1246],[18.6877,47.1247],[18.7165,47.125],[18.7259,47.1148],[18.7387,47.1026],[18.7325,47.1009],[18.722,47.0967],[18.7191,47.0937],[18.715,47.0917],[18.7255,47.088],[18.7376,47.094],[18.7493,47.0824],[18.7438,47.0802],[18.7367,47.0766],[18.7344,47.0732],[18.7397,47.0698],[18.7209,47.0556],[18.7165,47.0597],[18.7113,47.0577],[18.7197,47.0471],[18.7032,47.0408],[18.7026,47.0408],[18.7012,47.0423],[18.7126,47.0287],[18.7323,47.0019],[18.7341,47.0012],[18.7391,47.0026],[18.7467,47.0033],[18.7495,47.0043],[18.7544,47.0046],[18.7563,47.001],[18.7579,47.001],[18.7667,46.985],[18.7776,46.9877],[18.786,46.9791],[18.7813,46.977],[18.7825,46.9768],[18.791,46.9737],[18.8023,46.9676],[18.802,46.9675],[18.8149,46.9536],[18.8155,46.9538],[18.8217,46.9471],[18.8236,46.948],[18.8293,46.9428],[18.8338,46.9511],[18.8416,46.9428],[18.8438,46.9441],[18.844,46.9448],[18.8455,46.9458],[18.8468,46.9448],[18.8493,46.9462],[18.859,46.9498],[18.8599,46.9485],[18.8639,46.9499],[18.8681,46.9447],[18.8728,46.9459],[18.8828,46.9493],[18.8858,46.9473],[18.8944,46.9388],[18.9099,46.9215],[18.9196,46.9241],[18.9272,46.9257],[18.931,46.926],[18.9342,46.9256],[18.9362,46.924],[18.9475,46.9133],[18.9495,46.9099],[18.9468,46.905],[18.9466,46.903],[18.9457,46.9007],[18.9431,46.8966],[18.9408,46.8916],[18.9439,46.8914],[18.9463,46.8898],[18.9343,46.8785],[18.9317,46.8757],[18.9262,46.865],[18.9251,46.8572],[18.9176,46.8571],[18.9173,46.8595],[18.9059,46.8584],[18.9041,46.8601],[18.9026,46.8599],[18.9041,46.8569],[18.9024,46.8563],[18.901,46.8566],[18.889,46.855],[18.8882,46.8562],[18.878,46.8548],[18.8609,46.8498],[18.8664,46.8436],[18.8707,46.8415],[18.873,46.839],[18.8754,46.838],[18.8733,46.8372],[18.8739,46.8362],[18.8729,46.8353],[18.8712,46.8364],[18.8692,46.8358],[18.8719,46.8334],[18.8668,46.8324],[18.8667,46.8316],[18.8652,46.8252],[18.8618,46.822],[18.8443,46.8104],[18.8403,46.8084],[18.8354,46.8047],[18.8318,46.8032],[18.8275,46.8004],[18.819,46.7964],[18.8154,46.7957],[18.8126,46.7945],[18.8101,46.7939],[18.7949,46.7875],[18.7918,46.7845],[18.7974,46.7697],[18.7888,46.7708],[18.7816,46.769],[18.7616,46.7669],[18.7574,46.7661],[18.7537,46.7666],[18.7499,46.7681],[18.749,46.7681],[18.745,46.767],[18.745,46.7652],[18.7431,46.7621],[18.7396,46.7607],[18.7339,46.7613],[18.7315,46.7611],[18.7124,46.755],[18.7152,46.7516],[18.7184,46.7456],[18.7207,46.7442],[18.7217,46.7428],[18.7219,46.7412],[18.7238,46.7394],[18.7247,46.7367],[18.7262,46.7356],[18.7311,46.7258],[18.7249,46.7235],[18.727,46.7211],[18.7207,46.7187],[18.7202,46.7197],[18.7162,46.72],[18.7123,46.7186],[18.7066,46.7157],[18.7002,46.7095],[18.6904,46.7021],[18.6834,46.6977],[18.6736,46.6939],[18.666,46.6931],[18.663,46.6934],[18.6586,46.6914],[18.6583,46.6916],[18.6538,46.6902],[18.6452,46.6898],[18.6432,46.6889],[18.6404,46.6885],[18.6363,46.6872],[18.6347,46.688],[18.636,46.6896],[18.6349,46.6906],[18.6334,46.6905],[18.6329,46.6909],[18.6327,46.6915],[18.6335,46.6928],[18.6291,46.6919],[18.6282,46.6922],[18.6293,46.6926],[18.6295,46.6939],[18.6283,46.6946],[18.6277,46.6967],[18.6279,46.697],[18.6298,46.6966],[18.6295,46.6978],[18.6313,46.7023],[18.6295,46.7019],[18.6277,46.7022],[18.6266,46.7036],[18.6249,46.7034],[18.6247,46.704],[18.6267,46.7052],[18.6276,46.7046],[18.6289,46.7061],[18.6302,46.7057],[18.6313,46.7082],[18.6271,46.7076],[18.6268,46.7117],[18.6254,46.7132],[18.6233,46.713],[18.6228,46.7132],[18.6234,46.7143],[18.6224,46.7163],[18.6226,46.7184],[18.6205,46.7187],[18.6196,46.7199],[18.622,46.7218],[18.6218,46.723],[18.6243,46.7234],[18.6267,46.7228],[18.6279,46.7239],[18.6293,46.7235],[18.6302,46.7238],[18.6279,46.7254],[18.6247,46.7252],[18.624,46.7255],[18.6234,46.726],[18.6242,46.7267],[18.6231,46.7283],[18.6194,46.7296],[18.6191,46.7303],[18.6185,46.7315],[18.6171,46.7316],[18.6174,46.7334],[18.6166,46.7339],[18.6171,46.7347],[18.615,46.7373],[18.6161,46.7385],[18.6167,46.7385],[18.6172,46.7378],[18.6175,46.7384],[18.6197,46.739],[18.6175,46.74],[18.6159,46.7399],[18.6154,46.7392],[18.6145,46.7392],[18.6148,46.7404],[18.6141,46.7415],[18.6163,46.7417],[18.6167,46.741],[18.6186,46.7413],[18.6172,46.7428],[18.6171,46.7447],[18.615,46.7454],[18.6159,46.7466],[18.6145,46.7468],[18.6133,46.7469],[18.613,46.7475],[18.6113,46.748],[18.6101,46.747],[18.6082,46.7467],[18.6077,46.7461],[18.6053,46.7471],[18.6038,46.7461],[18.6027,46.7463],[18.6012,46.7461],[18.601,46.7474],[18.5994,46.7475],[18.5894,46.7535],[18.5854,46.7566],[18.5822,46.7561],[18.5725,46.7592],[18.5681,46.7675],[18.5662,46.7689],[18.5626,46.7741],[18.5604,46.779],[18.5566,46.7845],[18.5526,46.7822],[18.5403,46.7796],[18.5325,46.7762],[18.5216,46.7693],[18.5174,46.7672],[18.5076,46.7654],[18.5038,46.7637],[18.505,46.7598],[18.5101,46.753],[18.5124,46.7456],[18.5077,46.7444],[18.5047,46.7473],[18.5041,46.7468],[18.5048,46.7453],[18.5029,46.745],[18.5035,46.7458],[18.5032,46.747],[18.5026,46.7472],[18.5021,46.7465],[18.5014,46.7463],[18.5014,46.7476],[18.5005,46.7481],[18.5001,46.7472],[18.499,46.7475],[18.4965,46.746],[18.4944,46.7463],[18.4928,46.7449],[18.4899,46.7445],[18.489,46.7453],[18.487,46.7455],[18.4866,46.7464],[18.4843,46.7473],[18.4844,46.7482],[18.4839,46.7486],[18.4805,46.7487],[18.4779,46.7483],[18.477,46.7473],[18.4726,46.7465],[18.4699,46.7452],[18.4688,46.7431],[18.4658,46.7422],[18.4646,46.7407],[18.4649,46.7404],[18.4664,46.7407],[18.4669,46.7395],[18.4678,46.7396],[18.4692,46.7384],[18.4625,46.7399],[18.4624,46.7397],[18.4474,46.743],[18.4366,46.7474],[18.4336,46.7486],[18.4189,46.7524],[18.4225,46.7596],[18.4233,46.7638],[18.4257,46.7662],[18.4267,46.7679],[18.4248,46.7702],[18.4219,46.7757],[18.418,46.7798],[18.4186,46.7835],[18.4198,46.7868],[18.4218,46.7892],[18.4191,46.794],[18.4165,46.7975],[18.4087,46.8034],[18.408,46.8035],[18.4033,46.7697],[18.3968,46.7701],[18.3958,46.7738],[18.3956,46.7771],[18.3959,46.7784],[18.397,46.7792],[18.3968,46.7806],[18.3951,46.7854],[18.3884,46.7854],[18.3873,46.782],[18.3869,46.7816],[18.3857,46.7817],[18.3854,46.7828],[18.3863,46.7847],[18.3821,46.791],[18.3717,46.7855],[18.3715,46.7848],[18.3721,46.7839],[18.3716,46.7833],[18.3699,46.7826],[18.3691,46.7815],[18.3702,46.7808],[18.3691,46.7799],[18.3673,46.7794],[18.3687,46.7775],[18.3708,46.7771],[18.3709,46.7767],[18.3665,46.7749],[18.366,46.7752],[18.365,46.7744],[18.3586,46.7771],[18.3472,46.7837],[18.3381,46.7867],[18.3326,46.7883],[18.3243,46.789],[18.3204,46.7904],[18.31,46.7975],[18.3092,46.7992],[18.3094,46.8011],[18.3085,46.8049],[18.3105,46.8112],[18.3103,46.8129],[18.3083,46.8153],[18.3033,46.8175],[18.3003,46.8151],[18.2825,46.8082],[18.2648,46.7977],[18.2634,46.7955],[18.2642,46.7936],[18.2604,46.7906],[18.2569,46.7885],[18.2558,46.7883],[18.252,46.789],[18.251,46.787],[18.2515,46.7843],[18.2416,46.7828],[18.2319,46.78],[18.2311,46.7811],[18.2288,46.7797],[18.221,46.7808],[18.218,46.7803],[18.2109,46.7782],[18.2065,46.7849],[18.2033,46.7921],[18.2032,46.7942],[18.2042,46.8],[18.2027,46.805],[18.1982,46.813],[18.1989,46.8193],[18.1986,46.8205],[18.2009,46.8277],[18.2006,46.8283],[18.202,46.8294],[18.2033,46.8314],[18.2043,46.8339],[18.2047,46.8377],[18.2033,46.8475],[18.2028,46.8474],[18.1979,46.8566],[18.1972,46.8644],[18.2063,46.8673],[18.2007,46.8701],[18.1894,46.8732],[18.2053,46.8833],[18.2128,46.8872],[18.208,46.8956],[18.2098,46.8973],[18.2026,46.9051],[18.2006,46.9098],[18.1979,46.9136],[18.1961,46.9152],[18.1918,46.9231],[18.1908,46.9255],[18.1936,46.9281],[18.1892,46.9328],[18.1864,46.9351],[18.182,46.9403],[18.1795,46.9426],[18.1742,46.9462],[18.1761,46.9471],[18.1799,46.9497],[18.1889,46.9584],[18.1937,46.9618],[18.1935,46.9619],[18.1958,46.9641],[18.2018,46.9686],[18.2037,46.9696],[18.2052,46.9716],[18.206,46.9717],[18.2063,46.9827],[18.2088,46.9883],[18.2102,46.9893],[18.2109,46.9955],[18.2115,46.9982],[18.2123,46.9993],[18.2158,47.0015],[18.2193,47.0024],[18.2246,47.0024],[18.2258,47.0029],[18.2276,47.003],[18.2303,47.0054],[18.2342,47.0108],[18.2349,47.0107],[18.2346,47.0138],[18.2384,47.0139],[18.2453,47.0149],[18.247,47.0154],[18.2469,47.0163],[18.2617,47.02],[18.2607,47.0221],[18.2691,47.0224],[18.2732,47.0231],[18.2759,47.023],[18.2898,47.0201],[18.2902,47.0207],[18.2972,47.0141],[18.2996,47.0148],[18.3014,47.0136],[18.3038,47.0129],[18.3076,47.0089],[18.313,47.002],[18.3286,47.0032],[18.329,47.003],[18.3305,46.9988],[18.3315,46.9937],[18.3384,46.9947],[18.3388,46.9941],[18.3523,46.9982],[18.3542,47.0023],[18.3619,47.0083],[18.3696,47.0129],[18.3721,47.0158],[18.369,47.0219],[18.3651,47.026],[18.3655,47.0295],[18.3687,47.037],[18.3687,47.0404],[18.3677,47.0514],[18.3629,47.0597],[18.3683,47.063],[18.3623,47.0724],[18.3608,47.0804],[18.3672,47.0833],[18.3695,47.0837],[18.3845,47.0926],[18.3894,47.088],[18.396,47.0913],[18.3941,47.0931],[18.401,47.0965],[18.4022,47.0962],[18.4036,47.0964],[18.4077,47.0933],[18.4107,47.0934],[18.4022,47.1011],[18.403,47.1018],[18.4031,47.1039],[18.4035,47.1039],[18.4028,47.1063],[18.4009,47.1072],[18.4022,47.108],[18.4167,47.1086],[18.4177,47.109],[18.4179,47.1086],[18.4206,47.1086],[18.4265,47.1089],[18.4263,47.1092],[18.4268,47.1089],[18.4281,47.1091],[18.4606,47.1222],[18.471,47.111],[18.4774,47.117],[18.4915,47.1222],[18.5,47.1245],[18.5087,47.1293],[18.5196,47.1369],[18.5212,47.1359],[18.522,47.1359],[18.5237,47.1346],[18.524,47.1348],[18.5221,47.1367],[18.5183,47.139],[18.5186,47.1392],[18.5178,47.1394],[18.5414,47.1532],[18.5449,47.151],[18.5474,47.1488],[18.5482,47.1464],[18.547,47.1456],[18.5494,47.1422],[18.5522,47.145],[18.5506,47.1487],[18.5537,47.1494],[18.5663,47.1467],[18.5734,47.1476],[18.5826,47.1523],[18.5912,47.1526],[18.5973,47.1564],[18.602,47.1618],[18.6046,47.1657],[18.6083,47.1629],[18.6114,47.1598],[18.6162,47.1569],[18.6184,47.155]]]}},{"type":"Feature","properties":{"id":"0801","name":"Győr-Moson-Sopron vármegye 01. OEVK","regionId":"gyor","center":"Győr"},"geometry":{"type":"Polygon","coordinates":[[[17.6704,47.7836],[17.6794,47.7784],[17.6878,47.7752],[17.6926,47.7723],[17.6928,47.7722],[17.6966,47.769],[17.702,47.7621],[17.7054,47.759],[17.7073,47.7574],[17.7113,47.7556],[17.7183,47.7542],[17.7234,47.754],[17.7309,47.7537],[17.7457,47.7503],[17.7586,47.75],[17.763,47.7494],[17.7656,47.7485],[17.7687,47.7469],[17.7759,47.7408],[17.7799,47.7395],[17.784,47.7392],[17.7904,47.7402],[17.7946,47.7415],[17.7935,47.7393],[17.7911,47.7389],[17.7838,47.7366],[17.7781,47.7354],[17.7785,47.7346],[17.7741,47.732],[17.7749,47.732],[17.778,47.7268],[17.7846,47.7181],[17.7859,47.7149],[17.7878,47.7138],[17.7968,47.7031],[17.8005,47.6978],[17.8009,47.6962],[17.8021,47.6937],[17.8079,47.6894],[17.8038,47.6881],[17.8006,47.6869],[17.7868,47.6796],[17.7848,47.6767],[17.7822,47.6743],[17.7819,47.6734],[17.776,47.6698],[17.7739,47.6677],[17.7678,47.6636],[17.765,47.661],[17.7452,47.6636],[17.7403,47.6647],[17.7342,47.6601],[17.734,47.6572],[17.7328,47.6532],[17.728,47.6525],[17.7227,47.6525],[17.7192,47.6518],[17.7154,47.6505],[17.7103,47.6516],[17.7085,47.6521],[17.7057,47.6525],[17.7025,47.6526],[17.7022,47.6523],[17.7014,47.6522],[17.7013,47.6521],[17.6972,47.6543],[17.6935,47.6565],[17.6927,47.6571],[17.691,47.6595],[17.6895,47.6617],[17.6892,47.6625],[17.6891,47.6635],[17.6889,47.6668],[17.6888,47.6678],[17.6887,47.6682],[17.6883,47.669],[17.6875,47.67],[17.6863,47.6708],[17.6847,47.6715],[17.6818,47.6723],[17.6776,47.6735],[17.677,47.6738],[17.6766,47.6731],[17.6744,47.6713],[17.6727,47.6701],[17.6711,47.6692],[17.6707,47.6689],[17.6703,47.6688],[17.67,47.6686],[17.6688,47.6682],[17.6667,47.667],[17.6664,47.6669],[17.6648,47.6659],[17.664,47.6655],[17.6627,47.6664],[17.6614,47.6673],[17.6619,47.6676],[17.6625,47.668],[17.6631,47.6685],[17.6641,47.6692],[17.6653,47.67],[17.6654,47.6701],[17.6649,47.6704],[17.6645,47.6706],[17.6623,47.6719],[17.661,47.6727],[17.6654,47.6763],[17.6629,47.6774],[17.6604,47.6788],[17.6595,47.6784],[17.6574,47.678],[17.658,47.6764],[17.6536,47.6756],[17.6508,47.6751],[17.6504,47.675],[17.6502,47.6749],[17.6501,47.6749],[17.6498,47.6747],[17.6492,47.6745],[17.6444,47.6725],[17.6431,47.6722],[17.6419,47.6719],[17.6403,47.6716],[17.639,47.6713],[17.6385,47.6712],[17.6376,47.671],[17.6366,47.6708],[17.6368,47.6704],[17.6373,47.6692],[17.6371,47.6692],[17.6377,47.6677],[17.6379,47.6673],[17.638,47.6671],[17.6368,47.6668],[17.6358,47.6666],[17.6369,47.6639],[17.6376,47.6609],[17.6379,47.6606],[17.6321,47.6541],[17.632,47.6541],[17.6309,47.653],[17.63,47.6524],[17.6295,47.652],[17.6291,47.6518],[17.6286,47.6516],[17.6264,47.6504],[17.6254,47.65],[17.6246,47.6496],[17.6227,47.6486],[17.6201,47.647],[17.6171,47.645],[17.6121,47.6473],[17.5973,47.6547],[17.5756,47.6651],[17.572,47.6667],[17.5688,47.6682],[17.5627,47.671],[17.5716,47.6777],[17.5657,47.6802],[17.5728,47.6816],[17.576,47.681],[17.579,47.6834],[17.5848,47.6894],[17.5811,47.69],[17.5805,47.6912],[17.5817,47.691],[17.5812,47.6912],[17.5817,47.6916],[17.5833,47.6905],[17.5844,47.6904],[17.5837,47.692],[17.5827,47.6924],[17.5847,47.6919],[17.5846,47.6938],[17.5835,47.6938],[17.582,47.6961],[17.5833,47.6958],[17.5814,47.6965],[17.5877,47.702],[17.5861,47.7041],[17.5863,47.7059],[17.5903,47.7077],[17.5979,47.7076],[17.6013,47.7095],[17.6062,47.7112],[17.6078,47.7127],[17.6097,47.7139],[17.6101,47.7155],[17.6128,47.7147],[17.6129,47.715],[17.6155,47.7176],[17.6157,47.7179],[17.6149,47.7185],[17.6126,47.7214],[17.6129,47.7219],[17.6131,47.7221],[17.6175,47.7241],[17.6183,47.7247],[17.6198,47.7251],[17.624,47.7249],[17.6259,47.7242],[17.626,47.722],[17.6298,47.7204],[17.6309,47.7211],[17.6328,47.7216],[17.6351,47.7214],[17.6381,47.7203],[17.6391,47.7202],[17.6391,47.7198],[17.6452,47.7198],[17.6448,47.721],[17.6404,47.7251],[17.6405,47.7252],[17.64,47.7257],[17.6405,47.7261],[17.6389,47.7273],[17.6393,47.7276],[17.6375,47.7296],[17.6389,47.7296],[17.6449,47.731],[17.652,47.7343],[17.6539,47.7367],[17.6543,47.7398],[17.654,47.7414],[17.6558,47.7418],[17.6564,47.7416],[17.6677,47.7448],[17.6692,47.7454],[17.67,47.7465],[17.6719,47.7476],[17.6724,47.75],[17.6641,47.7535],[17.6632,47.7545],[17.6625,47.7614],[17.6616,47.7631],[17.6603,47.7641],[17.6599,47.7646],[17.6597,47.7651],[17.6593,47.7675],[17.6609,47.7698],[17.6597,47.7721],[17.6513,47.7768],[17.6494,47.782],[17.6578,47.7806],[17.6611,47.7783],[17.6634,47.7809],[17.6658,47.7825],[17.6704,47.7836]]]}},{"type":"Feature","properties":{"id":"0901","name":"Hajdú-Bihar vármegye 01. OEVK","regionId":"hajdu","center":"Debrecen"},"geometry":{"type":"Polygon","coordinates":[[[21.6474,47.6366],[21.6471,47.6338],[21.6413,47.6271],[21.6403,47.6228],[21.6381,47.6202],[21.6346,47.6141],[21.6305,47.6094],[21.6281,47.6057],[21.6222,47.6025],[21.6262,47.6005],[21.6282,47.6015],[21.6415,47.6089],[21.6601,47.623],[21.66,47.6225],[21.6599,47.6219],[21.6585,47.6168],[21.656,47.6071],[21.6554,47.6046],[21.6545,47.6011],[21.6544,47.6007],[21.6544,47.6004],[21.6585,47.6002],[21.6556,47.5833],[21.6546,47.578],[21.6528,47.5684],[21.65,47.5528],[21.6483,47.5509],[21.6424,47.5431],[21.6389,47.5385],[21.6383,47.5373],[21.637,47.5365],[21.6365,47.5362],[21.6357,47.5358],[21.6335,47.5346],[21.6319,47.5337],[21.6299,47.5327],[21.6276,47.5315],[21.6259,47.531],[21.6248,47.5308],[21.6245,47.5305],[21.624,47.5318],[21.6235,47.5317],[21.6226,47.5315],[21.6211,47.5312],[21.6189,47.5305],[21.618,47.5303],[21.6175,47.5302],[21.6138,47.5296],[21.6132,47.5292],[21.6147,47.5278],[21.6134,47.5272],[21.6113,47.5299],[21.6108,47.5298],[21.6065,47.529],[21.6051,47.5288],[21.604,47.5286],[21.6027,47.5284],[21.602,47.5283],[21.5982,47.5276],[21.5942,47.5269],[21.5943,47.5267],[21.5934,47.5215],[21.5914,47.5159],[21.5922,47.5107],[21.5932,47.51],[21.5927,47.509],[21.5935,47.5066],[21.5926,47.5057],[21.5919,47.5051],[21.5911,47.5047],[21.5844,47.502],[21.5831,47.5015],[21.581,47.5011],[21.5791,47.5009],[21.5697,47.4999],[21.5686,47.4998],[21.5678,47.4997],[21.5622,47.4991],[21.549,47.4978],[21.5479,47.4977],[21.547,47.4975],[21.5461,47.4973],[21.5452,47.4969],[21.5359,47.4938],[21.5357,47.4938],[21.5357,47.4939],[21.5393,47.5197],[21.4405,47.5265],[21.4381,47.5319],[21.4367,47.5371],[21.4392,47.5516],[21.4506,47.5682],[21.4595,47.5837],[21.4633,47.5879],[21.464,47.5901],[21.4684,47.5975],[21.4689,47.5976],[21.47,47.5993],[21.4709,47.5995],[21.4841,47.5981],[21.4847,47.6024],[21.5007,47.6002],[21.5181,47.6017],[21.5386,47.6081],[21.5613,47.6105],[21.5642,47.6111],[21.5677,47.6132],[21.5702,47.6139],[21.5712,47.6132],[21.5767,47.6128],[21.5786,47.6123],[21.5834,47.6131],[21.5853,47.6131],[21.5897,47.6141],[21.5895,47.6145],[21.5917,47.6155],[21.5969,47.617],[21.5998,47.619],[21.6022,47.6199],[21.6075,47.6209],[21.6106,47.6206],[21.6131,47.6231],[21.6156,47.6243],[21.6281,47.6282],[21.629,47.6279],[21.6303,47.6322],[21.6305,47.6348],[21.6394,47.6366],[21.6417,47.6363],[21.6443,47.637],[21.6474,47.6366]]]}},{"type":"Feature","properties":{"id":"0802","name":"Győr-Moson-Sopron vármegye 02. OEVK","regionId":"gyor","center":"Győr"},"geometry":{"type":"Polygon","coordinates":[[[17.8711,47.7451],[17.8897,47.7402],[17.8939,47.7394],[17.8991,47.7251],[17.9,47.7134],[17.9019,47.7044],[17.9014,47.7005],[17.9007,47.6991],[17.8968,47.6951],[17.8944,47.6918],[17.8934,47.6873],[17.8895,47.6839],[17.8917,47.6817],[17.8965,47.6782],[17.8989,47.6747],[17.9003,47.6722],[17.9003,47.6713],[17.8986,47.6658],[17.8981,47.6609],[17.8965,47.6574],[17.8929,47.6442],[17.887,47.6376],[17.8918,47.6311],[17.8947,47.6263],[17.8997,47.6253],[17.9002,47.6256],[17.906,47.6241],[17.9083,47.6226],[17.9085,47.6219],[17.9152,47.6208],[17.9191,47.6195],[17.9219,47.6194],[17.9261,47.6184],[17.9331,47.6162],[17.929,47.6098],[17.9266,47.603],[17.9218,47.592],[17.918,47.5878],[17.9137,47.5867],[17.9119,47.5851],[17.9222,47.5816],[17.923,47.5808],[17.9192,47.5778],[17.9141,47.57],[17.905,47.5594],[17.9117,47.5564],[17.9157,47.5552],[17.9199,47.5529],[17.9254,47.5513],[17.9282,47.5559],[17.9307,47.5533],[17.9358,47.5501],[17.9365,47.5481],[17.9358,47.5476],[17.9343,47.5479],[17.9298,47.5465],[17.9223,47.5436],[17.9092,47.5413],[17.9074,47.5418],[17.9036,47.5438],[17.8889,47.5464],[17.888,47.5461],[17.8875,47.548],[17.8879,47.5491],[17.8867,47.5511],[17.8844,47.5496],[17.8838,47.5432],[17.8848,47.5422],[17.8846,47.5417],[17.8858,47.5409],[17.8858,47.5387],[17.8868,47.5378],[17.8854,47.537],[17.8846,47.5339],[17.8857,47.5332],[17.8847,47.5326],[17.8846,47.5321],[17.8854,47.5318],[17.8851,47.531],[17.8874,47.5295],[17.8875,47.528],[17.8887,47.5269],[17.8911,47.5281],[17.8954,47.5217],[17.8951,47.5216],[17.8956,47.5209],[17.9001,47.5155],[17.9004,47.5139],[17.9048,47.5097],[17.9092,47.5075],[17.9108,47.506],[17.9063,47.5032],[17.9086,47.5005],[17.9092,47.4977],[17.9072,47.4972],[17.904,47.4997],[17.9028,47.4985],[17.9015,47.4977],[17.8874,47.491],[17.8859,47.4894],[17.8836,47.4879],[17.884,47.4857],[17.8836,47.4846],[17.8889,47.4783],[17.8881,47.4777],[17.8829,47.4796],[17.8778,47.4776],[17.8738,47.4775],[17.8766,47.4731],[17.873,47.4697],[17.8777,47.4664],[17.8851,47.4637],[17.8727,47.4599],[17.8703,47.4579],[17.8758,47.4512],[17.8777,47.4513],[17.8826,47.4524],[17.8851,47.4484],[17.8879,47.4425],[17.8892,47.4417],[17.887,47.4381],[17.8912,47.4342],[17.8923,47.4319],[17.8942,47.4301],[17.8942,47.4285],[17.8933,47.4279],[17.8895,47.4237],[17.8904,47.4204],[17.8893,47.4195],[17.8876,47.419],[17.8856,47.4169],[17.8845,47.4162],[17.8841,47.4164],[17.881,47.4115],[17.8804,47.4091],[17.8785,47.4073],[17.8764,47.4017],[17.8771,47.3961],[17.8757,47.3926],[17.8839,47.3896],[17.8804,47.3844],[17.8796,47.3821],[17.878,47.382],[17.8772,47.3809],[17.8692,47.3792],[17.8653,47.3791],[17.8636,47.3796],[17.8602,47.3796],[17.8568,47.3802],[17.8552,47.379],[17.8494,47.3763],[17.8458,47.3735],[17.8408,47.3705],[17.839,47.3685],[17.8339,47.3668],[17.8343,47.3656],[17.8331,47.3638],[17.8287,47.363],[17.8264,47.3619],[17.8264,47.3609],[17.8246,47.3603],[17.8251,47.3579],[17.8275,47.3567],[17.8282,47.3552],[17.8297,47.3544],[17.8301,47.3533],[17.8313,47.3529],[17.8305,47.3515],[17.8322,47.3517],[17.8332,47.351],[17.8329,47.3493],[17.8338,47.3483],[17.833,47.3462],[17.8348,47.3459],[17.8359,47.3452],[17.8355,47.3444],[17.8325,47.3444],[17.8317,47.3438],[17.8319,47.3425],[17.8311,47.3419],[17.8311,47.3407],[17.8292,47.3402],[17.8289,47.3387],[17.826,47.3361],[17.826,47.3352],[17.8213,47.332],[17.8203,47.3318],[17.8222,47.3283],[17.8217,47.3251],[17.8206,47.3244],[17.8183,47.3241],[17.8153,47.3246],[17.8126,47.3243],[17.8076,47.3221],[17.8068,47.3226],[17.8022,47.3237],[17.8002,47.3248],[17.7989,47.3248],[17.7957,47.3236],[17.7933,47.3238],[17.7897,47.3233],[17.789,47.3254],[17.7877,47.3269],[17.784,47.3241],[17.7802,47.3229],[17.7775,47.3169],[17.7772,47.3153],[17.7771,47.3139],[17.7798,47.308],[17.7782,47.303],[17.7779,47.3005],[17.7803,47.2967],[17.7822,47.2946],[17.7824,47.2929],[17.7825,47.2909],[17.7809,47.2884],[17.7804,47.2861],[17.7821,47.2836],[17.7849,47.2816],[17.7865,47.279],[17.7838,47.2782],[17.7824,47.2784],[17.7817,47.2775],[17.779,47.2783],[17.7777,47.2774],[17.7782,47.2769],[17.7777,47.2771],[17.7778,47.2765],[17.7772,47.2767],[17.777,47.2759],[17.7758,47.2757],[17.775,47.276],[17.7748,47.2758],[17.7742,47.2759],[17.7739,47.2755],[17.7743,47.2747],[17.7737,47.2746],[17.7734,47.274],[17.773,47.2741],[17.773,47.2745],[17.7723,47.2741],[17.7718,47.2744],[17.7705,47.2741],[17.7707,47.2738],[17.77,47.2733],[17.7686,47.2735],[17.7686,47.273],[17.7676,47.2722],[17.7652,47.2729],[17.7651,47.274],[17.7668,47.2776],[17.7669,47.2804],[17.7656,47.2825],[17.7647,47.2826],[17.7631,47.2837],[17.7623,47.2856],[17.7585,47.2889],[17.7592,47.2917],[17.759,47.2928],[17.7599,47.2949],[17.7601,47.3052],[17.7569,47.31],[17.7567,47.3121],[17.7558,47.313],[17.7553,47.3144],[17.7539,47.3158],[17.7512,47.3168],[17.7498,47.3162],[17.7467,47.3179],[17.745,47.3175],[17.7411,47.3177],[17.7401,47.3169],[17.739,47.3169],[17.7351,47.3192],[17.7308,47.3208],[17.729,47.3221],[17.7279,47.3243],[17.728,47.3249],[17.7302,47.3256],[17.7286,47.3299],[17.7257,47.3347],[17.7239,47.3366],[17.7175,47.3409],[17.7255,47.3467],[17.725,47.3487],[17.726,47.3504],[17.7244,47.3515],[17.7258,47.3547],[17.7279,47.3568],[17.7343,47.3585],[17.7352,47.3579],[17.7396,47.3592],[17.7408,47.3586],[17.742,47.3588],[17.7437,47.3594],[17.7451,47.3606],[17.7501,47.3617],[17.7521,47.3639],[17.7536,47.3647],[17.7579,47.37],[17.7655,47.3776],[17.7646,47.3789],[17.7641,47.3813],[17.7646,47.3841],[17.7689,47.3825],[17.777,47.3861],[17.7798,47.3885],[17.7834,47.3886],[17.7849,47.3893],[17.7838,47.3925],[17.7803,47.3958],[17.7784,47.3967],[17.7784,47.3975],[17.7767,47.3992],[17.7782,47.3989],[17.7811,47.4015],[17.7871,47.4051],[17.7841,47.4133],[17.7811,47.4167],[17.7788,47.4206],[17.777,47.4225],[17.7749,47.4234],[17.7723,47.4265],[17.7705,47.4269],[17.7699,47.4301],[17.7624,47.4358],[17.7601,47.4401],[17.7601,47.4407],[17.7618,47.442],[17.7594,47.4492],[17.7542,47.4564],[17.7375,47.4729],[17.7297,47.4694],[17.7319,47.4672],[17.729,47.4658],[17.7277,47.4671],[17.7271,47.4693],[17.7258,47.4689],[17.7267,47.4648],[17.7262,47.4646],[17.7267,47.4641],[17.7254,47.4636],[17.7258,47.4632],[17.7219,47.4614],[17.7316,47.4514],[17.7273,47.4495],[17.7268,47.4499],[17.7228,47.4486],[17.719,47.4536],[17.7169,47.4527],[17.7158,47.4537],[17.7134,47.4527],[17.7141,47.4518],[17.7126,47.4511],[17.7109,47.4526],[17.7036,47.4495],[17.7007,47.4542],[17.7105,47.4623],[17.7094,47.4644],[17.712,47.4651],[17.7098,47.4677],[17.7083,47.4672],[17.707,47.4683],[17.7046,47.4704],[17.7028,47.4731],[17.6962,47.4704],[17.6966,47.4698],[17.6902,47.4675],[17.6877,47.4695],[17.6818,47.4664],[17.6799,47.469],[17.6765,47.4706],[17.6747,47.4722],[17.6736,47.4723],[17.6695,47.4719],[17.6694,47.4712],[17.6685,47.4705],[17.6644,47.4684],[17.6643,47.4673],[17.6628,47.4665],[17.6648,47.4635],[17.6644,47.4628],[17.6635,47.4624],[17.663,47.4605],[17.6634,47.4576],[17.6631,47.4568],[17.662,47.456],[17.6601,47.4557],[17.6593,47.456],[17.659,47.4556],[17.6573,47.4569],[17.653,47.4555],[17.6493,47.4537],[17.6451,47.4524],[17.6414,47.4518],[17.6407,47.4512],[17.643,47.4559],[17.6418,47.4573],[17.634,47.4541],[17.6324,47.4559],[17.63,47.4549],[17.6199,47.4652],[17.6033,47.4557],[17.5988,47.4621],[17.5936,47.4659],[17.5883,47.469],[17.5832,47.4648],[17.5786,47.4622],[17.5791,47.4614],[17.577,47.4599],[17.5789,47.4574],[17.5796,47.4548],[17.5803,47.454],[17.5807,47.4542],[17.582,47.4533],[17.5809,47.4528],[17.5815,47.4517],[17.5757,47.4481],[17.5742,47.4482],[17.5706,47.4466],[17.5676,47.4458],[17.5657,47.4457],[17.5651,47.4445],[17.5617,47.4426],[17.5582,47.4413],[17.5565,47.4437],[17.5489,47.4484],[17.5407,47.4522],[17.5382,47.454],[17.5366,47.456],[17.5325,47.4586],[17.5282,47.4635],[17.5286,47.4657],[17.5277,47.4674],[17.526,47.4687],[17.5215,47.4724],[17.5163,47.4735],[17.5102,47.4753],[17.4989,47.4776],[17.4992,47.4803],[17.5004,47.4798],[17.5021,47.4798],[17.5039,47.481],[17.5062,47.4845],[17.5096,47.4861],[17.5131,47.4862],[17.5189,47.4886],[17.5223,47.493],[17.527,47.4976],[17.532,47.5034],[17.5308,47.5046],[17.5347,47.5117],[17.5365,47.513],[17.5406,47.5145],[17.5319,47.5236],[17.5459,47.5278],[17.5576,47.5297],[17.5643,47.5321],[17.566,47.5319],[17.5658,47.5325],[17.5667,47.5327],[17.567,47.5333],[17.5773,47.5356],[17.5752,47.54],[17.5753,47.5407],[17.5779,47.5408],[17.58,47.5427],[17.5823,47.5437],[17.5838,47.5422],[17.5901,47.5448],[17.5899,47.545],[17.5982,47.547],[17.5994,47.5461],[17.6048,47.5468],[17.6081,47.5448],[17.6117,47.5467],[17.6146,47.5493],[17.6166,47.5499],[17.6198,47.5523],[17.6234,47.5564],[17.6154,47.5592],[17.6088,47.5648],[17.6123,47.5678],[17.6101,47.5694],[17.6193,47.5775],[17.6183,47.5803],[17.6177,47.5806],[17.6096,47.5861],[17.6071,47.589],[17.6036,47.5862],[17.5972,47.5913],[17.5964,47.5924],[17.5895,47.5978],[17.5825,47.6045],[17.5803,47.6061],[17.5749,47.6112],[17.5711,47.6155],[17.5692,47.6141],[17.5569,47.6076],[17.5554,47.609],[17.5566,47.611],[17.5542,47.6098],[17.5524,47.6114],[17.5521,47.6113],[17.5494,47.6146],[17.5487,47.6142],[17.5288,47.6208],[17.5281,47.6206],[17.5274,47.6209],[17.527,47.6203],[17.5249,47.6209],[17.5243,47.6215],[17.5229,47.6219],[17.5187,47.6227],[17.5185,47.6241],[17.5143,47.6255],[17.5127,47.6248],[17.5095,47.6312],[17.5167,47.6339],[17.5164,47.6343],[17.5142,47.6345],[17.5134,47.6352],[17.5134,47.636],[17.5157,47.6368],[17.5156,47.6375],[17.5193,47.6401],[17.5205,47.6402],[17.5278,47.6357],[17.5369,47.6385],[17.544,47.6401],[17.5679,47.6443],[17.5687,47.6452],[17.5667,47.6476],[17.5661,47.6477],[17.5644,47.6469],[17.5639,47.6473],[17.5637,47.6496],[17.566,47.6503],[17.5675,47.6516],[17.5689,47.6538],[17.569,47.6547],[17.5716,47.6586],[17.5707,47.6594],[17.5723,47.6617],[17.5649,47.667],[17.563,47.6678],[17.5595,47.6685],[17.5627,47.671],[17.5688,47.6682],[17.572,47.6667],[17.5756,47.6651],[17.5973,47.6547],[17.6121,47.6473],[17.6171,47.645],[17.6201,47.647],[17.6227,47.6486],[17.6246,47.6496],[17.6254,47.65],[17.6264,47.6504],[17.6286,47.6516],[17.6291,47.6518],[17.6295,47.652],[17.63,47.6524],[17.6309,47.653],[17.632,47.6541],[17.6321,47.6541],[17.6379,47.6606],[17.6376,47.6609],[17.6369,47.6639],[17.6358,47.6666],[17.6368,47.6668],[17.638,47.6671],[17.6379,47.6673],[17.6377,47.6677],[17.6371,47.6692],[17.6373,47.6692],[17.6368,47.6704],[17.6366,47.6708],[17.6376,47.671],[17.6385,47.6712],[17.639,47.6713],[17.6403,47.6716],[17.6419,47.6719],[17.6431,47.6722],[17.6444,47.6725],[17.6492,47.6745],[17.6498,47.6747],[17.6501,47.6749],[17.6502,47.6749],[17.6504,47.675],[17.6508,47.6751],[17.6536,47.6756],[17.658,47.6764],[17.6574,47.678],[17.6595,47.6784],[17.6604,47.6788],[17.6629,47.6774],[17.6654,47.6763],[17.661,47.6727],[17.6623,47.6719],[17.6645,47.6706],[17.6649,47.6704],[17.6654,47.6701],[17.6653,47.67],[17.6641,47.6692],[17.6631,47.6685],[17.6625,47.668],[17.6619,47.6676],[17.6614,47.6673],[17.6627,47.6664],[17.664,47.6655],[17.6648,47.6659],[17.6664,47.6669],[17.6667,47.667],[17.6688,47.6682],[17.67,47.6686],[17.6703,47.6688],[17.6707,47.6689],[17.6711,47.6692],[17.6727,47.6701],[17.6744,47.6713],[17.6766,47.6731],[17.677,47.6738],[17.6776,47.6735],[17.6818,47.6723],[17.6847,47.6715],[17.6863,47.6708],[17.6875,47.67],[17.6883,47.669],[17.6887,47.6682],[17.6888,47.6678],[17.6889,47.6668],[17.6891,47.6635],[17.6892,47.6625],[17.6895,47.6617],[17.691,47.6595],[17.6927,47.6571],[17.6935,47.6565],[17.6972,47.6543],[17.7013,47.6521],[17.7014,47.6522],[17.7022,47.6523],[17.7025,47.6526],[17.7057,47.6525],[17.7085,47.6521],[17.7103,47.6516],[17.7154,47.6505],[17.7192,47.6518],[17.7227,47.6525],[17.728,47.6525],[17.7328,47.6532],[17.734,47.6572],[17.7342,47.6601],[17.7403,47.6647],[17.7452,47.6636],[17.765,47.661],[17.7678,47.6636],[17.7739,47.6677],[17.776,47.6698],[17.7819,47.6734],[17.7822,47.6743],[17.7848,47.6767],[17.7868,47.6796],[17.8006,47.6869],[17.8038,47.6881],[17.8079,47.6894],[17.8021,47.6937],[17.8009,47.6962],[17.8005,47.6978],[17.7968,47.7031],[17.7878,47.7138],[17.7859,47.7149],[17.7846,47.7181],[17.778,47.7268],[17.7749,47.732],[17.7741,47.732],[17.7785,47.7346],[17.7781,47.7354],[17.7838,47.7366],[17.7911,47.7389],[17.7935,47.7393],[17.7946,47.7415],[17.8003,47.7439],[17.8056,47.7444],[17.8101,47.7441],[17.815,47.7432],[17.822,47.7407],[17.8261,47.74],[17.8289,47.74],[17.8345,47.741],[17.841,47.7415],[17.8487,47.7429],[17.8605,47.7453],[17.8671,47.7457],[17.8711,47.7451]]]}},{"type":"Feature","properties":{"id":"0902","name":"Hajdú-Bihar vármegye 02. OEVK","regionId":"hajdu","center":"Debrecen"},"geometry":{"type":"Polygon","coordinates":[[[21.8776,47.562],[21.8837,47.5597],[21.8822,47.5575],[21.878,47.5543],[21.8755,47.5506],[21.8753,47.5495],[21.875,47.5475],[21.8758,47.5432],[21.8756,47.5403],[21.8772,47.5357],[21.8763,47.5307],[21.877,47.5279],[21.8759,47.5242],[21.8757,47.5208],[21.875,47.5192],[21.8742,47.514],[21.8733,47.513],[21.8696,47.5059],[21.8693,47.5037],[21.8663,47.4966],[21.8645,47.4942],[21.8601,47.4904],[21.858,47.4867],[21.8569,47.4835],[21.8532,47.4817],[21.8471,47.4796],[21.842,47.4758],[21.8394,47.4726],[21.8397,47.466],[21.8381,47.4654],[21.8367,47.4627],[21.8349,47.4611],[21.8296,47.4614],[21.8244,47.4636],[21.8158,47.4642],[21.8131,47.4648],[21.8099,47.4668],[21.8078,47.4691],[21.7894,47.4503],[21.7867,47.4491],[21.7826,47.4462],[21.7794,47.4447],[21.7779,47.4436],[21.7705,47.4415],[21.7659,47.4412],[21.7632,47.4416],[21.7597,47.4429],[21.7558,47.4402],[21.7489,47.4399],[21.7458,47.4392],[21.7424,47.4393],[21.7377,47.438],[21.7331,47.4385],[21.7298,47.4377],[21.7245,47.4352],[21.7194,47.4346],[21.7173,47.4358],[21.716,47.4361],[21.7004,47.4338],[21.6988,47.4341],[21.6968,47.434],[21.696,47.4351],[21.6954,47.4358],[21.6899,47.4342],[21.6903,47.4328],[21.6897,47.4301],[21.6857,47.4253],[21.6828,47.4249],[21.6826,47.4251],[21.6812,47.4277],[21.681,47.4386],[21.6805,47.4408],[21.6751,47.4539],[21.6735,47.4553],[21.6683,47.4551],[21.6611,47.4575],[21.6589,47.4587],[21.6568,47.4587],[21.6539,47.4581],[21.6442,47.4577],[21.6355,47.4563],[21.6254,47.4561],[21.6172,47.4548],[21.6112,47.4531],[21.6089,47.4504],[21.6064,47.4493],[21.5997,47.4435],[21.5925,47.4416],[21.5813,47.4372],[21.5691,47.4336],[21.5569,47.4334],[21.5606,47.4836],[21.5579,47.4815],[21.5551,47.4815],[21.5451,47.4829],[21.5455,47.4856],[21.5425,47.485],[21.5357,47.4938],[21.5359,47.4938],[21.5452,47.4969],[21.5461,47.4973],[21.547,47.4975],[21.5479,47.4977],[21.549,47.4978],[21.5622,47.4991],[21.5678,47.4997],[21.5686,47.4998],[21.5697,47.4999],[21.5791,47.5009],[21.581,47.5011],[21.5831,47.5015],[21.5844,47.502],[21.5911,47.5047],[21.5919,47.5051],[21.5926,47.5057],[21.5935,47.5066],[21.5927,47.509],[21.5932,47.51],[21.5922,47.5107],[21.5914,47.5159],[21.5934,47.5215],[21.5943,47.5267],[21.5942,47.5269],[21.5982,47.5276],[21.602,47.5283],[21.6027,47.5284],[21.604,47.5286],[21.6051,47.5288],[21.6065,47.529],[21.6108,47.5298],[21.6113,47.5299],[21.6134,47.5272],[21.6147,47.5278],[21.6132,47.5292],[21.6138,47.5296],[21.6175,47.5302],[21.618,47.5303],[21.6189,47.5305],[21.6211,47.5312],[21.6226,47.5315],[21.6235,47.5317],[21.624,47.5318],[21.6245,47.5305],[21.6248,47.5308],[21.6259,47.531],[21.6276,47.5315],[21.6299,47.5327],[21.6319,47.5337],[21.6335,47.5346],[21.6357,47.5358],[21.6365,47.5362],[21.637,47.5365],[21.6383,47.5373],[21.6388,47.536],[21.6402,47.5362],[21.6413,47.5363],[21.6419,47.5363],[21.6422,47.5363],[21.6425,47.5362],[21.6444,47.5358],[21.6453,47.5356],[21.646,47.5354],[21.6469,47.5352],[21.6465,47.533],[21.646,47.5305],[21.6455,47.5292],[21.6483,47.529],[21.6506,47.5289],[21.6584,47.5291],[21.659,47.5292],[21.6604,47.5297],[21.6609,47.5298],[21.6614,47.5298],[21.6624,47.5299],[21.6641,47.53],[21.6649,47.5301],[21.6655,47.5301],[21.6659,47.5301],[21.667,47.5302],[21.6689,47.5303],[21.6696,47.5303],[21.6712,47.5305],[21.6724,47.5306],[21.6739,47.5306],[21.6747,47.5307],[21.6775,47.5308],[21.6793,47.531],[21.6801,47.531],[21.6818,47.5311],[21.6843,47.5313],[21.6862,47.5314],[21.6891,47.5316],[21.6937,47.5318],[21.6954,47.5318],[21.6972,47.5318],[21.6989,47.5317],[21.7021,47.5313],[21.7075,47.5307],[21.7344,47.5274],[21.7345,47.5281],[21.7346,47.5288],[21.7349,47.5292],[21.7352,47.5297],[21.7364,47.5312],[21.7367,47.5317],[21.7369,47.5323],[21.7369,47.5329],[21.7367,47.5342],[21.7363,47.5362],[21.7363,47.5369],[21.7366,47.5378],[21.7372,47.5386],[21.7386,47.5401],[21.7402,47.5424],[21.7407,47.5432],[21.7408,47.5437],[21.7406,47.5445],[21.7401,47.5454],[21.7395,47.5466],[21.7392,47.5479],[21.7395,47.5507],[21.7388,47.5541],[21.7392,47.5544],[21.7412,47.5559],[21.7434,47.5577],[21.7437,47.5581],[21.7447,47.56],[21.745,47.5609],[21.7455,47.5615],[21.7514,47.5644],[21.7576,47.5644],[21.7622,47.5634],[21.7683,47.5655],[21.7741,47.566],[21.7771,47.5666],[21.7814,47.569],[21.7853,47.5718],[21.7991,47.5764],[21.8043,47.5776],[21.812,47.5801],[21.8208,47.5852],[21.8222,47.5862],[21.8263,47.5875],[21.8315,47.5884],[21.8371,47.5879],[21.8398,47.5839],[21.8463,47.579],[21.8529,47.573],[21.8563,47.5721],[21.8596,47.5707],[21.8686,47.5686],[21.8695,47.5674],[21.8729,47.5654],[21.8743,47.5639],[21.8776,47.562]]]}},{"type":"Feature","properties":{"id":"0803","name":"Győr-Moson-Sopron vármegye 03. OEVK","regionId":"gyor","center":"Csorna"},"geometry":{"type":"Polygon","coordinates":[[[17.3052,47.7316],[17.3068,47.7289],[17.3123,47.7261],[17.313,47.7261],[17.314,47.7267],[17.3138,47.7281],[17.3148,47.7295],[17.3191,47.7312],[17.3226,47.7314],[17.3231,47.7304],[17.3224,47.7279],[17.3233,47.7269],[17.324,47.7269],[17.3247,47.7265],[17.3245,47.7253],[17.3263,47.724],[17.3279,47.7237],[17.3298,47.7251],[17.3291,47.7267],[17.3294,47.7275],[17.3306,47.7278],[17.3322,47.7272],[17.3331,47.7261],[17.3327,47.7246],[17.3311,47.7237],[17.3284,47.723],[17.3276,47.7223],[17.3277,47.7218],[17.3298,47.7209],[17.3346,47.721],[17.3348,47.7204],[17.3344,47.7195],[17.3328,47.718],[17.3355,47.7151],[17.3382,47.7146],[17.3398,47.7134],[17.3434,47.7151],[17.3495,47.7153],[17.3474,47.7172],[17.3486,47.7186],[17.3503,47.7184],[17.3515,47.7174],[17.352,47.7151],[17.3553,47.7131],[17.3514,47.7119],[17.3509,47.7114],[17.3511,47.7095],[17.3579,47.7077],[17.3602,47.7075],[17.3596,47.7085],[17.3623,47.7084],[17.3635,47.7091],[17.3633,47.71],[17.3681,47.713],[17.3731,47.7132],[17.3748,47.7151],[17.3753,47.7149],[17.3748,47.7134],[17.3753,47.7126],[17.3797,47.7139],[17.3818,47.7136],[17.3825,47.7125],[17.3822,47.7109],[17.383,47.7103],[17.3848,47.711],[17.388,47.7139],[17.3891,47.7139],[17.3904,47.7121],[17.392,47.7128],[17.3926,47.7145],[17.3915,47.7159],[17.3917,47.7167],[17.3933,47.7175],[17.3916,47.719],[17.3916,47.7196],[17.3923,47.7199],[17.3981,47.7182],[17.3988,47.7164],[17.398,47.7147],[17.3987,47.7141],[17.401,47.7143],[17.4026,47.7155],[17.4027,47.7159],[17.4011,47.7171],[17.4013,47.7187],[17.4029,47.7191],[17.4041,47.7189],[17.4074,47.7179],[17.4053,47.7137],[17.4039,47.7122],[17.4062,47.7119],[17.4079,47.7123],[17.4108,47.7139],[17.4124,47.7139],[17.4176,47.7127],[17.4217,47.7101],[17.4214,47.7094],[17.4192,47.7095],[17.417,47.7089],[17.4155,47.7078],[17.4146,47.706],[17.4121,47.7055],[17.4149,47.703],[17.4165,47.7036],[17.4193,47.7003],[17.4224,47.6997],[17.4249,47.7],[17.4311,47.7016],[17.4334,47.7012],[17.4344,47.6995],[17.4326,47.6981],[17.4327,47.6977],[17.4336,47.6972],[17.4349,47.6973],[17.4365,47.6979],[17.4383,47.6981],[17.4391,47.699],[17.4396,47.6981],[17.4393,47.6968],[17.4374,47.6965],[17.4368,47.6961],[17.4368,47.6955],[17.4381,47.6948],[17.4403,47.6956],[17.4419,47.6954],[17.4421,47.6949],[17.4411,47.6935],[17.4417,47.6924],[17.4465,47.692],[17.4473,47.6916],[17.4477,47.6903],[17.4488,47.69],[17.4517,47.691],[17.4517,47.6931],[17.4543,47.6932],[17.4552,47.6938],[17.4554,47.6955],[17.4564,47.6953],[17.457,47.6925],[17.4565,47.6914],[17.457,47.6906],[17.4596,47.6906],[17.4622,47.6927],[17.4614,47.6932],[17.461,47.6943],[17.4621,47.6948],[17.4635,47.6944],[17.4652,47.6942],[17.4649,47.6953],[17.4638,47.6956],[17.4646,47.6967],[17.4675,47.6962],[17.469,47.6966],[17.4705,47.6958],[17.4712,47.6964],[17.4755,47.6911],[17.4751,47.6905],[17.4767,47.69],[17.4798,47.6904],[17.4821,47.6902],[17.4824,47.6885],[17.4794,47.6878],[17.4788,47.6873],[17.4801,47.6862],[17.4818,47.6867],[17.4835,47.6864],[17.4852,47.6848],[17.4866,47.6841],[17.4862,47.6832],[17.4841,47.6824],[17.4843,47.6809],[17.4854,47.6795],[17.496,47.6766],[17.4969,47.6775],[17.4978,47.6777],[17.4981,47.6764],[17.5006,47.6764],[17.5025,47.6755],[17.5102,47.6757],[17.5094,47.6742],[17.5097,47.6732],[17.5105,47.6726],[17.5123,47.6724],[17.5151,47.6738],[17.5152,47.6749],[17.5143,47.6758],[17.525,47.6763],[17.5321,47.6771],[17.5362,47.677],[17.5412,47.678],[17.5523,47.6794],[17.5542,47.6799],[17.5541,47.6776],[17.5611,47.6734],[17.5559,47.6695],[17.557,47.6689],[17.5595,47.6685],[17.563,47.6678],[17.5649,47.667],[17.5723,47.6617],[17.5707,47.6594],[17.5716,47.6586],[17.569,47.6547],[17.5689,47.6538],[17.5675,47.6516],[17.566,47.6503],[17.5637,47.6496],[17.5639,47.6473],[17.5644,47.6469],[17.5661,47.6477],[17.5667,47.6476],[17.5687,47.6452],[17.5679,47.6443],[17.544,47.6401],[17.5369,47.6385],[17.5278,47.6357],[17.5205,47.6402],[17.5193,47.6401],[17.5156,47.6375],[17.5157,47.6368],[17.5134,47.636],[17.5134,47.6352],[17.5142,47.6345],[17.5164,47.6343],[17.5167,47.6339],[17.5095,47.6312],[17.5127,47.6248],[17.5143,47.6255],[17.5185,47.6241],[17.5187,47.6227],[17.5229,47.6219],[17.5243,47.6215],[17.5249,47.6209],[17.527,47.6203],[17.5274,47.6209],[17.5281,47.6206],[17.5288,47.6208],[17.5487,47.6142],[17.5494,47.6146],[17.5521,47.6113],[17.5524,47.6114],[17.5542,47.6098],[17.5566,47.611],[17.5554,47.609],[17.5569,47.6076],[17.5692,47.6141],[17.5711,47.6155],[17.5749,47.6112],[17.5803,47.6061],[17.5825,47.6045],[17.5895,47.5978],[17.5964,47.5924],[17.5972,47.5913],[17.6036,47.5862],[17.6071,47.589],[17.6096,47.5861],[17.6177,47.5806],[17.6183,47.5803],[17.6193,47.5775],[17.6101,47.5694],[17.6123,47.5678],[17.6088,47.5648],[17.6154,47.5592],[17.6234,47.5564],[17.6198,47.5523],[17.6166,47.5499],[17.6146,47.5493],[17.6117,47.5467],[17.6081,47.5448],[17.6048,47.5468],[17.5994,47.5461],[17.5982,47.547],[17.5899,47.545],[17.5901,47.5448],[17.5838,47.5422],[17.5823,47.5437],[17.58,47.5427],[17.5779,47.5408],[17.5753,47.5407],[17.5752,47.54],[17.5773,47.5356],[17.567,47.5333],[17.5667,47.5327],[17.5658,47.5325],[17.566,47.5319],[17.5643,47.5321],[17.5576,47.5297],[17.5459,47.5278],[17.5319,47.5236],[17.5406,47.5145],[17.5365,47.513],[17.5347,47.5117],[17.5308,47.5046],[17.532,47.5034],[17.527,47.4976],[17.5223,47.493],[17.5189,47.4886],[17.5131,47.4862],[17.5096,47.4861],[17.5062,47.4845],[17.5039,47.481],[17.5021,47.4798],[17.5004,47.4798],[17.4992,47.4803],[17.4989,47.4776],[17.5102,47.4753],[17.5163,47.4735],[17.5215,47.4724],[17.526,47.4687],[17.5175,47.4594],[17.5156,47.4588],[17.517,47.459],[17.5038,47.4447],[17.505,47.443],[17.5077,47.4409],[17.503,47.4348],[17.501,47.435],[17.499,47.4323],[17.4979,47.4327],[17.49,47.4292],[17.4821,47.4226],[17.4798,47.4239],[17.4734,47.4262],[17.4654,47.4277],[17.4635,47.4292],[17.4584,47.4242],[17.4481,47.4291],[17.4442,47.4314],[17.4459,47.4357],[17.4457,47.4386],[17.4473,47.4408],[17.4436,47.4471],[17.4438,47.4506],[17.4383,47.4511],[17.4374,47.4508],[17.435,47.4522],[17.4319,47.4532],[17.4268,47.4573],[17.4233,47.4643],[17.4206,47.4665],[17.4188,47.4672],[17.4188,47.4691],[17.4205,47.4718],[17.4228,47.4741],[17.4206,47.4756],[17.4231,47.4778],[17.4226,47.4781],[17.4142,47.4807],[17.4084,47.4821],[17.3978,47.4817],[17.3912,47.4825],[17.3906,47.4841],[17.3915,47.485],[17.3904,47.4858],[17.3888,47.4857],[17.3845,47.4769],[17.3835,47.4756],[17.3831,47.4712],[17.3844,47.4693],[17.3833,47.4683],[17.3836,47.4678],[17.3853,47.4678],[17.3853,47.4675],[17.383,47.4617],[17.3833,47.4604],[17.3827,47.4587],[17.38,47.4564],[17.3665,47.4477],[17.3655,47.4463],[17.3644,47.4453],[17.3615,47.4435],[17.3585,47.4441],[17.3536,47.4442],[17.3492,47.4437],[17.3475,47.4423],[17.3456,47.4417],[17.3441,47.4406],[17.3444,47.4398],[17.344,47.4395],[17.3433,47.4396],[17.342,47.4409],[17.3412,47.4411],[17.3389,47.4409],[17.3387,47.4401],[17.3375,47.4406],[17.3345,47.4399],[17.3305,47.4399],[17.3292,47.4395],[17.3254,47.4428],[17.3235,47.4424],[17.3119,47.4389],[17.3131,47.4363],[17.3063,47.4361],[17.2985,47.4341],[17.3001,47.4329],[17.2985,47.4302],[17.2969,47.4309],[17.2954,47.4298],[17.2929,47.4292],[17.29,47.4312],[17.2856,47.4319],[17.2843,47.4314],[17.282,47.4298],[17.2799,47.4297],[17.2772,47.4314],[17.275,47.4317],[17.2741,47.4335],[17.2726,47.4335],[17.2711,47.4325],[17.2715,47.4318],[17.2729,47.431],[17.2727,47.4303],[17.2716,47.43],[17.271,47.4303],[17.2707,47.4317],[17.2699,47.432],[17.2671,47.4305],[17.2636,47.4305],[17.2632,47.4311],[17.2646,47.4319],[17.2651,47.4329],[17.2621,47.4332],[17.2611,47.4352],[17.2596,47.4352],[17.2578,47.4344],[17.2549,47.4344],[17.2521,47.4338],[17.2449,47.433],[17.2437,47.4332],[17.2425,47.435],[17.24,47.4355],[17.2388,47.4351],[17.2391,47.4345],[17.2386,47.4341],[17.236,47.4347],[17.2366,47.4355],[17.2363,47.4375],[17.2349,47.4382],[17.2351,47.4398],[17.2332,47.44],[17.2325,47.4395],[17.2327,47.4384],[17.2334,47.4378],[17.2323,47.4364],[17.2308,47.4368],[17.2302,47.4373],[17.2298,47.4388],[17.2292,47.4388],[17.2275,47.4368],[17.2241,47.4376],[17.2223,47.4389],[17.2216,47.4374],[17.2218,47.432],[17.2008,47.4354],[17.1993,47.4385],[17.1976,47.4405],[17.1971,47.4422],[17.1959,47.4422],[17.1956,47.4431],[17.194,47.4448],[17.1922,47.4453],[17.1919,47.445],[17.193,47.4433],[17.1913,47.4442],[17.1902,47.4443],[17.189,47.442],[17.1885,47.4425],[17.189,47.443],[17.1888,47.4439],[17.1882,47.4443],[17.1817,47.4421],[17.1823,47.4415],[17.1805,47.441],[17.1798,47.4401],[17.1798,47.4388],[17.1811,47.4381],[17.1809,47.4378],[17.177,47.4368],[17.1756,47.436],[17.1764,47.4348],[17.176,47.4334],[17.1747,47.4326],[17.1724,47.4325],[17.1699,47.4331],[17.1701,47.4336],[17.1719,47.4347],[17.172,47.4356],[17.1636,47.434],[17.161,47.4341],[17.1572,47.4349],[17.1558,47.4356],[17.152,47.4359],[17.1469,47.4369],[17.1436,47.4352],[17.1408,47.4326],[17.1395,47.4313],[17.1372,47.4307],[17.1361,47.4295],[17.1341,47.4308],[17.1325,47.4309],[17.1322,47.4307],[17.1324,47.4289],[17.1315,47.4279],[17.1273,47.4288],[17.1249,47.4279],[17.1246,47.4269],[17.1254,47.4261],[17.1267,47.4261],[17.1291,47.4253],[17.1274,47.422],[17.1259,47.4217],[17.1252,47.4209],[17.1263,47.4183],[17.1249,47.4167],[17.1225,47.4167],[17.1214,47.4181],[17.1197,47.4185],[17.1087,47.4161],[17.1061,47.414],[17.1049,47.4118],[17.1011,47.4117],[17.1002,47.4108],[17.1,47.4096],[17.0984,47.4091],[17.095,47.4085],[17.0917,47.4069],[17.0905,47.4068],[17.0879,47.4077],[17.0859,47.4077],[17.0817,47.4069],[17.0777,47.4074],[17.0751,47.4063],[17.0707,47.4069],[17.0661,47.4061],[17.0591,47.4033],[17.057,47.4018],[17.0542,47.4011],[17.0516,47.3987],[17.0513,47.3975],[17.0496,47.395],[17.0475,47.3957],[17.0464,47.3953],[17.0454,47.3955],[17.0452,47.3971],[17.046,47.3979],[17.0476,47.3985],[17.0476,47.3991],[17.0434,47.3992],[17.0429,47.3995],[17.044,47.4011],[17.0472,47.401],[17.0469,47.4016],[17.0454,47.4021],[17.0465,47.4031],[17.0494,47.4023],[17.0484,47.4033],[17.0493,47.4038],[17.0506,47.4058],[17.0516,47.4059],[17.0513,47.4073],[17.0524,47.4075],[17.0534,47.4068],[17.0536,47.406],[17.0551,47.4068],[17.0552,47.4079],[17.0544,47.4085],[17.0536,47.4082],[17.052,47.4088],[17.0527,47.4094],[17.0523,47.4101],[17.0546,47.4102],[17.0535,47.4109],[17.0528,47.4108],[17.0527,47.4119],[17.0532,47.4121],[17.0545,47.4115],[17.0562,47.4123],[17.0561,47.414],[17.0551,47.4137],[17.0544,47.414],[17.0547,47.415],[17.0569,47.4148],[17.0578,47.4152],[17.0567,47.4159],[17.0563,47.4154],[17.0553,47.4156],[17.055,47.4162],[17.0574,47.4166],[17.0583,47.4162],[17.0587,47.4166],[17.0579,47.4176],[17.0567,47.4179],[17.0577,47.4184],[17.0578,47.4192],[17.0596,47.4196],[17.0607,47.4212],[17.0605,47.4229],[17.0614,47.4235],[17.0615,47.4242],[17.0608,47.4244],[17.0598,47.4239],[17.0586,47.4248],[17.0604,47.4259],[17.0615,47.4256],[17.0601,47.4268],[17.0598,47.4273],[17.0604,47.428],[17.0593,47.429],[17.0602,47.4303],[17.0586,47.4313],[17.0598,47.432],[17.0596,47.4323],[17.0613,47.4329],[17.0612,47.4344],[17.0619,47.4352],[17.0627,47.4353],[17.0636,47.4347],[17.0639,47.435],[17.0652,47.4344],[17.0662,47.4349],[17.0664,47.4354],[17.0656,47.4361],[17.0645,47.4363],[17.0646,47.4368],[17.0651,47.4373],[17.067,47.4371],[17.0675,47.4388],[17.071,47.4414],[17.0703,47.4422],[17.0706,47.4427],[17.0696,47.4444],[17.0675,47.4452],[17.0667,47.446],[17.0654,47.4466],[17.0652,47.4478],[17.0609,47.448],[17.0593,47.4504],[17.0549,47.4606],[17.0537,47.4594],[17.0541,47.4577],[17.0512,47.4581],[17.0501,47.4579],[17.0473,47.456],[17.0451,47.4552],[17.0426,47.4512],[17.04,47.4504],[17.0364,47.4482],[17.0322,47.4473],[17.0308,47.4458],[17.0274,47.4442],[17.0264,47.4427],[17.0244,47.442],[17.0247,47.4415],[17.0225,47.4395],[17.021,47.4403],[17.0201,47.4393],[17.0186,47.439],[17.0174,47.4396],[17.0162,47.4396],[17.016,47.4382],[17.0148,47.4384],[17.011,47.4359],[17.0092,47.4362],[17.0068,47.4361],[17.0063,47.4354],[17.0059,47.4357],[17.0032,47.4346],[17.0052,47.4322],[17.0017,47.4297],[17.0018,47.4289],[17.0011,47.4285],[16.9999,47.4288],[16.9969,47.4268],[16.9979,47.4259],[16.994,47.4246],[16.9931,47.4248],[16.9917,47.4243],[16.9897,47.4227],[16.9888,47.4233],[16.9871,47.4225],[16.9852,47.423],[16.985,47.4224],[16.9842,47.4224],[16.9838,47.4219],[16.9821,47.4217],[16.9808,47.4202],[16.9799,47.42],[16.9802,47.4186],[16.9786,47.4182],[16.9784,47.4173],[16.9763,47.4175],[16.977,47.4166],[16.9768,47.4159],[16.9754,47.4164],[16.9753,47.4154],[16.9744,47.4159],[16.9738,47.4157],[16.9726,47.4161],[16.9718,47.4151],[16.9693,47.4148],[16.9693,47.4137],[16.9686,47.4133],[16.968,47.4118],[16.9666,47.4118],[16.966,47.411],[16.9632,47.4103],[16.9617,47.4092],[16.9597,47.4095],[16.9592,47.4085],[16.9584,47.4084],[16.9585,47.4064],[16.9579,47.4066],[16.9573,47.4058],[16.9566,47.4067],[16.9551,47.4065],[16.9546,47.4048],[16.9535,47.4036],[16.9495,47.4016],[16.9489,47.4009],[16.9482,47.4011],[16.9475,47.4007],[16.9472,47.4003],[16.9482,47.3996],[16.9479,47.3982],[16.9458,47.3972],[16.946,47.3963],[16.947,47.3958],[16.947,47.3946],[16.9417,47.3965],[16.9401,47.3978],[16.9399,47.3987],[16.9324,47.407],[16.9312,47.4113],[16.9206,47.4111],[16.9185,47.4151],[16.9149,47.4145],[16.9163,47.4132],[16.909,47.4131],[16.9106,47.4187],[16.9089,47.4181],[16.9049,47.4238],[16.9028,47.4232],[16.9048,47.4204],[16.8919,47.4198],[16.8937,47.4165],[16.89,47.4152],[16.8868,47.4122],[16.8856,47.4127],[16.8853,47.4125],[16.8824,47.4148],[16.8796,47.4182],[16.8747,47.422],[16.8725,47.423],[16.8693,47.4235],[16.8661,47.4235],[16.865,47.4269],[16.8591,47.4343],[16.8521,47.4401],[16.8527,47.4415],[16.8486,47.4484],[16.8473,47.449],[16.8439,47.4483],[16.8433,47.4485],[16.8424,47.4504],[16.8467,47.4516],[16.8528,47.4528],[16.8563,47.4529],[16.8578,47.4543],[16.8592,47.4548],[16.8628,47.4542],[16.866,47.4541],[16.8848,47.47],[16.8894,47.4661],[16.8924,47.4675],[16.8947,47.4772],[16.882,47.4805],[16.8792,47.4786],[16.8749,47.4826],[16.8729,47.4825],[16.8722,47.4838],[16.8692,47.4831],[16.869,47.4838],[16.8675,47.4834],[16.8629,47.4835],[16.8628,47.4857],[16.8693,47.4859],[16.8737,47.4873],[16.8724,47.4898],[16.869,47.4929],[16.8669,47.4967],[16.8492,47.5074],[16.8455,47.5094],[16.8186,47.5353],[16.8187,47.5356],[16.8209,47.5351],[16.8262,47.533],[16.828,47.5312],[16.8301,47.53],[16.8321,47.5293],[16.8613,47.5147],[16.8655,47.5157],[16.8677,47.5181],[16.874,47.516],[16.8864,47.5242],[16.8889,47.5234],[16.9121,47.5345],[16.9125,47.5342],[16.9227,47.5389],[16.9232,47.54],[16.9218,47.5453],[16.9226,47.5473],[16.9252,47.5507],[16.9332,47.5545],[16.9392,47.556],[16.9257,47.5697],[16.914,47.5646],[16.9129,47.5652],[16.9119,47.5664],[16.9131,47.5714],[16.9128,47.5724],[16.912,47.5722],[16.911,47.5739],[16.907,47.5728],[16.9034,47.5749],[16.8994,47.5751],[16.899,47.576],[16.8985,47.576],[16.9001,47.5794],[16.9007,47.5834],[16.9002,47.5833],[16.8989,47.5851],[16.9002,47.5855],[16.8979,47.5878],[16.9001,47.5885],[16.8975,47.5919],[16.9009,47.5921],[16.908,47.595],[16.9026,47.601],[16.906,47.602],[16.9051,47.6032],[16.9058,47.6038],[16.904,47.6044],[16.9039,47.6054],[16.9015,47.607],[16.9004,47.6086],[16.8992,47.6089],[16.8921,47.6067],[16.8918,47.6074],[16.8915,47.608],[16.8928,47.6085],[16.9107,47.6142],[16.9095,47.6148],[16.9095,47.6153],[16.9154,47.6167],[16.9151,47.6176],[16.923,47.6198],[16.9236,47.621],[16.9243,47.6225],[16.9202,47.6213],[16.9185,47.6245],[16.9285,47.6306],[16.9334,47.6412],[16.9536,47.648],[16.9538,47.6477],[16.9546,47.6488],[16.9591,47.6514],[16.9643,47.6544],[16.9664,47.6585],[16.973,47.6608],[16.9793,47.6668],[16.9816,47.6682],[16.9832,47.6776],[16.9728,47.6863],[17.0078,47.69],[17.0011,47.6983],[17.0404,47.7044],[17.0931,47.7082],[17.0943,47.7074],[17.1791,47.7136],[17.2359,47.7177],[17.2424,47.7121],[17.2509,47.7126],[17.2529,47.7117],[17.2531,47.7105],[17.2525,47.7103],[17.2541,47.7086],[17.2569,47.7038],[17.2564,47.7012],[17.2567,47.6992],[17.2559,47.6973],[17.2599,47.6924],[17.2647,47.6909],[17.2676,47.689],[17.2731,47.6934],[17.2772,47.6908],[17.2797,47.6925],[17.2821,47.6907],[17.2837,47.6915],[17.2891,47.6882],[17.2909,47.6897],[17.2928,47.6905],[17.2962,47.6962],[17.3048,47.7032],[17.2983,47.7053],[17.2983,47.7075],[17.2952,47.7105],[17.2897,47.7155],[17.2877,47.7175],[17.2863,47.7201],[17.2822,47.7239],[17.288,47.7252],[17.2804,47.7274],[17.2798,47.7284],[17.2808,47.729],[17.2871,47.7308],[17.2886,47.7306],[17.2914,47.7294],[17.2952,47.7307],[17.2981,47.7304],[17.3004,47.7298],[17.3052,47.7316]]]}},{"type":"Feature","properties":{"id":"0804","name":"Győr-Moson-Sopron vármegye 04. OEVK","regionId":"gyor","center":"Sopron"},"geometry":{"type":"Polygon","coordinates":[[[17.0011,47.6983],[17.0078,47.69],[16.9728,47.6863],[16.9832,47.6776],[16.9816,47.6682],[16.9793,47.6668],[16.973,47.6608],[16.9664,47.6585],[16.9643,47.6544],[16.9591,47.6514],[16.9546,47.6488],[16.9538,47.6477],[16.9536,47.648],[16.9334,47.6412],[16.9285,47.6306],[16.9185,47.6245],[16.9202,47.6213],[16.9243,47.6225],[16.9236,47.621],[16.923,47.6198],[16.9151,47.6176],[16.9154,47.6167],[16.9095,47.6153],[16.9095,47.6148],[16.9107,47.6142],[16.8928,47.6085],[16.8915,47.608],[16.8918,47.6074],[16.8921,47.6067],[16.8992,47.6089],[16.9004,47.6086],[16.9015,47.607],[16.9039,47.6054],[16.904,47.6044],[16.9058,47.6038],[16.9051,47.6032],[16.906,47.602],[16.9026,47.601],[16.908,47.595],[16.9009,47.5921],[16.8975,47.5919],[16.9001,47.5885],[16.8979,47.5878],[16.9002,47.5855],[16.8989,47.5851],[16.9002,47.5833],[16.9007,47.5834],[16.9001,47.5794],[16.8985,47.576],[16.899,47.576],[16.8994,47.5751],[16.9034,47.5749],[16.907,47.5728],[16.911,47.5739],[16.912,47.5722],[16.9128,47.5724],[16.9131,47.5714],[16.9119,47.5664],[16.9129,47.5652],[16.914,47.5646],[16.9257,47.5697],[16.9392,47.556],[16.9332,47.5545],[16.9252,47.5507],[16.9226,47.5473],[16.9218,47.5453],[16.9232,47.54],[16.9227,47.5389],[16.9125,47.5342],[16.9121,47.5345],[16.8889,47.5234],[16.8864,47.5242],[16.874,47.516],[16.8677,47.5181],[16.8655,47.5157],[16.8613,47.5147],[16.8321,47.5293],[16.8301,47.53],[16.828,47.5312],[16.8262,47.533],[16.8209,47.5351],[16.8187,47.5356],[16.8186,47.5353],[16.8455,47.5094],[16.8492,47.5074],[16.8669,47.4967],[16.869,47.4929],[16.8724,47.4898],[16.8737,47.4873],[16.8693,47.4859],[16.8628,47.4857],[16.8629,47.4835],[16.8675,47.4834],[16.869,47.4838],[16.8692,47.4831],[16.8722,47.4838],[16.8729,47.4825],[16.8749,47.4826],[16.8792,47.4786],[16.882,47.4805],[16.8947,47.4772],[16.8924,47.4675],[16.8894,47.4661],[16.8848,47.47],[16.866,47.4541],[16.8628,47.4542],[16.8592,47.4548],[16.8578,47.4543],[16.8563,47.4529],[16.8528,47.4528],[16.8467,47.4516],[16.8424,47.4504],[16.8433,47.4485],[16.8439,47.4483],[16.8412,47.446],[16.8316,47.4416],[16.8301,47.4412],[16.83,47.4409],[16.8211,47.4373],[16.815,47.4355],[16.8114,47.4349],[16.8077,47.439],[16.8055,47.4403],[16.8032,47.4434],[16.7901,47.4364],[16.7844,47.4433],[16.7712,47.439],[16.7701,47.4391],[16.7663,47.4382],[16.7565,47.4336],[16.7546,47.4356],[16.7496,47.4325],[16.7418,47.4287],[16.7333,47.4249],[16.7244,47.4217],[16.7253,47.4203],[16.7207,47.4191],[16.7208,47.4183],[16.7188,47.418],[16.7179,47.4171],[16.7187,47.4164],[16.7192,47.415],[16.7221,47.4121],[16.7152,47.4091],[16.7125,47.4121],[16.713,47.4124],[16.7086,47.4175],[16.7003,47.4142],[16.6972,47.4179],[16.691,47.4158],[16.6879,47.4205],[16.6874,47.4203],[16.6867,47.4208],[16.686,47.4218],[16.6776,47.4195],[16.6758,47.4217],[16.6769,47.422],[16.6733,47.4256],[16.6722,47.4262],[16.6694,47.4254],[16.6673,47.4276],[16.6653,47.4279],[16.6598,47.4325],[16.6553,47.434],[16.6542,47.4349],[16.6529,47.4362],[16.6527,47.4377],[16.6502,47.4422],[16.6462,47.4466],[16.6516,47.4489],[16.6491,47.4513],[16.6598,47.4545],[16.662,47.4557],[16.6611,47.457],[16.6605,47.4597],[16.6597,47.4609],[16.6603,47.4625],[16.6618,47.4628],[16.661,47.4638],[16.6624,47.4663],[16.664,47.4674],[16.6675,47.4719],[16.6698,47.4732],[16.6705,47.4742],[16.6682,47.4793],[16.6661,47.4815],[16.6637,47.4817],[16.6623,47.4833],[16.6615,47.4857],[16.657,47.4918],[16.6523,47.5003],[16.6542,47.5014],[16.6556,47.504],[16.6579,47.5065],[16.6625,47.509],[16.665,47.5073],[16.6655,47.5064],[16.6689,47.5035],[16.6703,47.5044],[16.6755,47.5064],[16.6801,47.5072],[16.6851,47.5091],[16.6866,47.5091],[16.6904,47.5109],[16.6913,47.5123],[16.6948,47.5153],[16.6949,47.5175],[16.6956,47.5182],[16.7008,47.521],[16.7055,47.5229],[16.7053,47.5263],[16.7041,47.5283],[16.7042,47.5308],[16.7032,47.5332],[16.7096,47.5367],[16.7097,47.5375],[16.7123,47.538],[16.7145,47.5396],[16.7112,47.5431],[16.7093,47.5432],[16.7059,47.5424],[16.7041,47.5457],[16.7026,47.5456],[16.701,47.5463],[16.6982,47.5456],[16.6966,47.5475],[16.6947,47.5497],[16.6939,47.5516],[16.6917,47.5533],[16.69,47.5555],[16.691,47.5579],[16.6889,47.5595],[16.6863,47.5607],[16.6837,47.5607],[16.684,47.5613],[16.6798,47.5609],[16.6779,47.5611],[16.6738,47.5597],[16.6721,47.5597],[16.6705,47.5605],[16.6687,47.5626],[16.6682,47.5646],[16.6647,47.5662],[16.6643,47.5673],[16.6631,47.5684],[16.6641,47.5694],[16.6677,47.5696],[16.6711,47.5713],[16.6713,47.5752],[16.6739,47.5767],[16.6751,47.5788],[16.6751,47.5825],[16.6696,47.5928],[16.6664,47.5963],[16.6664,47.5979],[16.6705,47.6008],[16.6712,47.6018],[16.6705,47.6024],[16.6731,47.6049],[16.6715,47.6062],[16.6691,47.6056],[16.6637,47.6054],[16.6617,47.6055],[16.6595,47.6061],[16.6564,47.6152],[16.6534,47.6202],[16.6529,47.6222],[16.6521,47.6229],[16.6378,47.6267],[16.635,47.6278],[16.6316,47.6282],[16.6289,47.628],[16.6253,47.6268],[16.6219,47.6262],[16.6188,47.6258],[16.6136,47.6227],[16.6121,47.6222],[16.6042,47.6211],[16.6012,47.6197],[16.5999,47.6197],[16.5972,47.6186],[16.5903,47.6175],[16.5882,47.6175],[16.5839,47.6181],[16.582,47.6187],[16.5725,47.6199],[16.568,47.6233],[16.5653,47.6243],[16.5622,47.6249],[16.5601,47.627],[16.5584,47.6276],[16.5561,47.6292],[16.5537,47.6298],[16.5511,47.6325],[16.5434,47.6356],[16.5394,47.6367],[16.5383,47.6378],[16.5355,47.6382],[16.533,47.6398],[16.5288,47.6415],[16.5262,47.642],[16.5238,47.6419],[16.5232,47.6412],[16.5221,47.6426],[16.5195,47.6434],[16.5169,47.6451],[16.5145,47.6461],[16.5133,47.646],[16.5137,47.6443],[16.512,47.6426],[16.5088,47.6411],[16.5075,47.6401],[16.5065,47.6384],[16.5025,47.64],[16.5002,47.6394],[16.4969,47.6393],[16.4926,47.6422],[16.4898,47.6414],[16.4873,47.6417],[16.4851,47.6446],[16.4832,47.6456],[16.4826,47.6479],[16.48,47.6499],[16.475,47.6502],[16.4716,47.6515],[16.4704,47.6516],[16.4675,47.6517],[16.4626,47.6513],[16.46,47.6532],[16.4586,47.6537],[16.4549,47.6536],[16.4514,47.6557],[16.4473,47.6564],[16.4399,47.6567],[16.4331,47.6599],[16.4317,47.6599],[16.428,47.6608],[16.4223,47.6641],[16.4215,47.6653],[16.4256,47.6679],[16.4283,47.6687],[16.4295,47.6686],[16.4351,47.6703],[16.4433,47.6741],[16.4425,47.6774],[16.4439,47.6817],[16.4453,47.6838],[16.446,47.686],[16.446,47.6897],[16.4476,47.6917],[16.4478,47.6929],[16.4473,47.6963],[16.4482,47.6966],[16.4507,47.6963],[16.4517,47.6968],[16.454,47.6969],[16.4602,47.6839],[16.4619,47.6827],[16.4649,47.6823],[16.4661,47.6817],[16.4663,47.6808],[16.4672,47.6813],[16.4697,47.6812],[16.4699,47.682],[16.4709,47.6824],[16.4721,47.6823],[16.4729,47.6813],[16.4747,47.6813],[16.4755,47.6832],[16.475,47.6842],[16.4761,47.6872],[16.4755,47.6892],[16.476,47.69],[16.4772,47.6907],[16.4781,47.6904],[16.4803,47.6903],[16.4846,47.6914],[16.4861,47.6927],[16.4844,47.6951],[16.4847,47.6959],[16.4859,47.6965],[16.487,47.6979],[16.4937,47.6987],[16.4948,47.6994],[16.4964,47.7015],[16.4973,47.7016],[16.4975,47.7032],[16.4999,47.7047],[16.5007,47.7047],[16.5018,47.7039],[16.5043,47.7035],[16.5055,47.7039],[16.5052,47.7044],[16.5068,47.7043],[16.5095,47.7054],[16.5109,47.7065],[16.511,47.707],[16.5127,47.7067],[16.5142,47.7076],[16.5169,47.7069],[16.5206,47.7123],[16.5235,47.7109],[16.5274,47.7103],[16.5307,47.7108],[16.5343,47.7106],[16.5348,47.7111],[16.5411,47.7122],[16.5422,47.7129],[16.5413,47.7136],[16.5446,47.717],[16.5478,47.7197],[16.5522,47.7225],[16.5488,47.726],[16.5365,47.7366],[16.5388,47.7383],[16.5376,47.74],[16.5428,47.7424],[16.5441,47.7426],[16.5449,47.7413],[16.5488,47.7432],[16.5466,47.7453],[16.5483,47.7459],[16.5467,47.7475],[16.546,47.7493],[16.5476,47.7493],[16.547,47.751],[16.548,47.7515],[16.5665,47.7516],[16.5831,47.755],[16.588,47.7554],[16.5889,47.7569],[16.5925,47.7591],[16.5955,47.758],[16.5988,47.7561],[16.6022,47.7581],[16.6044,47.7585],[16.6093,47.7604],[16.6154,47.7596],[16.6202,47.7577],[16.6255,47.7569],[16.6279,47.7571],[16.6305,47.7585],[16.6343,47.759],[16.6345,47.7578],[16.6374,47.756],[16.6384,47.7545],[16.639,47.7528],[16.6386,47.7496],[16.6397,47.7483],[16.6452,47.7456],[16.6505,47.7442],[16.656,47.7417],[16.6572,47.7415],[16.6582,47.7433],[16.67,47.7408],[16.7209,47.7353],[16.7215,47.7226],[16.749,47.6814],[16.8283,47.6827],[16.8321,47.6881],[16.8328,47.6916],[16.8391,47.7046],[16.8411,47.7058],[16.8555,47.7111],[16.8566,47.7125],[16.8606,47.7155],[16.8657,47.7202],[16.8687,47.7214],[16.8716,47.6901],[16.8752,47.6883],[16.9125,47.6877],[16.9764,47.6945],[17.0011,47.6983]]]}},{"type":"Feature","properties":{"id":"0805","name":"Győr-Moson-Sopron vármegye 05. OEVK","regionId":"gyor","center":"Mosonmagyaróvár"},"geometry":{"type":"Polygon","coordinates":[[[17.2461,48.0184],[17.2473,48.0129],[17.2476,48.0057],[17.2484,48.0038],[17.2504,48.0019],[17.2531,48.0004],[17.2587,47.9984],[17.2772,47.9943],[17.2805,47.9939],[17.2887,47.9943],[17.2971,47.9958],[17.3033,47.9961],[17.3107,47.9959],[17.3167,47.995],[17.3241,47.9953],[17.3293,47.9946],[17.3335,47.9936],[17.3362,47.9923],[17.343,47.9868],[17.3465,47.9829],[17.3525,47.978],[17.3641,47.9711],[17.3673,47.9683],[17.3744,47.9603],[17.3764,47.9586],[17.382,47.9559],[17.3909,47.9529],[17.3977,47.9512],[17.4009,47.9496],[17.4044,47.9463],[17.4066,47.9406],[17.4115,47.9351],[17.4153,47.9326],[17.4219,47.93],[17.4261,47.9255],[17.4321,47.9213],[17.4357,47.9156],[17.4362,47.9111],[17.4369,47.9093],[17.4425,47.9014],[17.4467,47.8977],[17.45,47.8923],[17.4513,47.888],[17.4544,47.885],[17.4606,47.882],[17.4673,47.8802],[17.4739,47.8794],[17.4768,47.8787],[17.4804,47.8772],[17.4901,47.8719],[17.4946,47.8688],[17.4975,47.8676],[17.5024,47.8668],[17.5073,47.8665],[17.5146,47.8666],[17.5203,47.8676],[17.524,47.8669],[17.5276,47.8648],[17.5318,47.8598],[17.5351,47.857],[17.5408,47.8544],[17.5431,47.8524],[17.5435,47.85],[17.5425,47.8467],[17.5434,47.8436],[17.5442,47.8422],[17.5472,47.8392],[17.55,47.8316],[17.5579,47.8255],[17.5613,47.8202],[17.5676,47.8151],[17.5706,47.814],[17.5736,47.8141],[17.587,47.8205],[17.5921,47.8212],[17.5964,47.8213],[17.6008,47.8223],[17.6038,47.8226],[17.6084,47.8219],[17.6185,47.814],[17.6309,47.8034],[17.6334,47.8019],[17.6387,47.7992],[17.6567,47.7913],[17.6704,47.7836],[17.6658,47.7825],[17.6634,47.7809],[17.6611,47.7783],[17.6578,47.7806],[17.6494,47.782],[17.6513,47.7768],[17.6597,47.7721],[17.6609,47.7698],[17.6593,47.7675],[17.6597,47.7651],[17.6599,47.7646],[17.6603,47.7641],[17.6616,47.7631],[17.6625,47.7614],[17.6632,47.7545],[17.6641,47.7535],[17.6724,47.75],[17.6719,47.7476],[17.67,47.7465],[17.6692,47.7454],[17.6677,47.7448],[17.6564,47.7416],[17.6558,47.7418],[17.654,47.7414],[17.6543,47.7398],[17.6539,47.7367],[17.652,47.7343],[17.6449,47.731],[17.6389,47.7296],[17.6375,47.7296],[17.6393,47.7276],[17.6389,47.7273],[17.6405,47.7261],[17.64,47.7257],[17.6405,47.7252],[17.6404,47.7251],[17.6448,47.721],[17.6452,47.7198],[17.6391,47.7198],[17.6391,47.7202],[17.6381,47.7203],[17.6351,47.7214],[17.6328,47.7216],[17.6309,47.7211],[17.6298,47.7204],[17.626,47.722],[17.6259,47.7242],[17.624,47.7249],[17.6198,47.7251],[17.6183,47.7247],[17.6175,47.7241],[17.6131,47.7221],[17.6129,47.7219],[17.6126,47.7214],[17.6149,47.7185],[17.6157,47.7179],[17.6155,47.7176],[17.6129,47.715],[17.6128,47.7147],[17.6101,47.7155],[17.6097,47.7139],[17.6078,47.7127],[17.6062,47.7112],[17.6013,47.7095],[17.5979,47.7076],[17.5903,47.7077],[17.5863,47.7059],[17.5861,47.7041],[17.5877,47.702],[17.5814,47.6965],[17.5833,47.6958],[17.582,47.6961],[17.5835,47.6938],[17.5846,47.6938],[17.5847,47.6919],[17.5827,47.6924],[17.5837,47.692],[17.5844,47.6904],[17.5833,47.6905],[17.5817,47.6916],[17.5812,47.6912],[17.5817,47.691],[17.5805,47.6912],[17.5811,47.69],[17.5848,47.6894],[17.579,47.6834],[17.576,47.681],[17.5728,47.6816],[17.5657,47.6802],[17.5716,47.6777],[17.5627,47.671],[17.5595,47.6685],[17.557,47.6689],[17.5559,47.6695],[17.5611,47.6734],[17.5541,47.6776],[17.5542,47.6799],[17.5523,47.6794],[17.5412,47.678],[17.5362,47.677],[17.5321,47.6771],[17.525,47.6763],[17.5143,47.6758],[17.5152,47.6749],[17.5151,47.6738],[17.5123,47.6724],[17.5105,47.6726],[17.5097,47.6732],[17.5094,47.6742],[17.5102,47.6757],[17.5025,47.6755],[17.5006,47.6764],[17.4981,47.6764],[17.4978,47.6777],[17.4969,47.6775],[17.496,47.6766],[17.4854,47.6795],[17.4843,47.6809],[17.4841,47.6824],[17.4862,47.6832],[17.4866,47.6841],[17.4852,47.6848],[17.4835,47.6864],[17.4818,47.6867],[17.4801,47.6862],[17.4788,47.6873],[17.4794,47.6878],[17.4824,47.6885],[17.4821,47.6902],[17.4798,47.6904],[17.4767,47.69],[17.4751,47.6905],[17.4755,47.6911],[17.4712,47.6964],[17.4705,47.6958],[17.469,47.6966],[17.4675,47.6962],[17.4646,47.6967],[17.4638,47.6956],[17.4649,47.6953],[17.4652,47.6942],[17.4635,47.6944],[17.4621,47.6948],[17.461,47.6943],[17.4614,47.6932],[17.4622,47.6927],[17.4596,47.6906],[17.457,47.6906],[17.4565,47.6914],[17.457,47.6925],[17.4564,47.6953],[17.4554,47.6955],[17.4552,47.6938],[17.4543,47.6932],[17.4517,47.6931],[17.4517,47.691],[17.4488,47.69],[17.4477,47.6903],[17.4473,47.6916],[17.4465,47.692],[17.4417,47.6924],[17.4411,47.6935],[17.4421,47.6949],[17.4419,47.6954],[17.4403,47.6956],[17.4381,47.6948],[17.4368,47.6955],[17.4368,47.6961],[17.4374,47.6965],[17.4393,47.6968],[17.4396,47.6981],[17.4391,47.699],[17.4383,47.6981],[17.4365,47.6979],[17.4349,47.6973],[17.4336,47.6972],[17.4327,47.6977],[17.4326,47.6981],[17.4344,47.6995],[17.4334,47.7012],[17.4311,47.7016],[17.4249,47.7],[17.4224,47.6997],[17.4193,47.7003],[17.4165,47.7036],[17.4149,47.703],[17.4121,47.7055],[17.4146,47.706],[17.4155,47.7078],[17.417,47.7089],[17.4192,47.7095],[17.4214,47.7094],[17.4217,47.7101],[17.4176,47.7127],[17.4124,47.7139],[17.4108,47.7139],[17.4079,47.7123],[17.4062,47.7119],[17.4039,47.7122],[17.4053,47.7137],[17.4074,47.7179],[17.4041,47.7189],[17.4029,47.7191],[17.4013,47.7187],[17.4011,47.7171],[17.4027,47.7159],[17.4026,47.7155],[17.401,47.7143],[17.3987,47.7141],[17.398,47.7147],[17.3988,47.7164],[17.3981,47.7182],[17.3923,47.7199],[17.3916,47.7196],[17.3916,47.719],[17.3933,47.7175],[17.3917,47.7167],[17.3915,47.7159],[17.3926,47.7145],[17.392,47.7128],[17.3904,47.7121],[17.3891,47.7139],[17.388,47.7139],[17.3848,47.711],[17.383,47.7103],[17.3822,47.7109],[17.3825,47.7125],[17.3818,47.7136],[17.3797,47.7139],[17.3753,47.7126],[17.3748,47.7134],[17.3753,47.7149],[17.3748,47.7151],[17.3731,47.7132],[17.3681,47.713],[17.3633,47.71],[17.3635,47.7091],[17.3623,47.7084],[17.3596,47.7085],[17.3602,47.7075],[17.3579,47.7077],[17.3511,47.7095],[17.3509,47.7114],[17.3514,47.7119],[17.3553,47.7131],[17.352,47.7151],[17.3515,47.7174],[17.3503,47.7184],[17.3486,47.7186],[17.3474,47.7172],[17.3495,47.7153],[17.3434,47.7151],[17.3398,47.7134],[17.3382,47.7146],[17.3355,47.7151],[17.3328,47.718],[17.3344,47.7195],[17.3348,47.7204],[17.3346,47.721],[17.3298,47.7209],[17.3277,47.7218],[17.3276,47.7223],[17.3284,47.723],[17.3311,47.7237],[17.3327,47.7246],[17.3331,47.7261],[17.3322,47.7272],[17.3306,47.7278],[17.3294,47.7275],[17.3291,47.7267],[17.3298,47.7251],[17.3279,47.7237],[17.3263,47.724],[17.3245,47.7253],[17.3247,47.7265],[17.324,47.7269],[17.3233,47.7269],[17.3224,47.7279],[17.3231,47.7304],[17.3226,47.7314],[17.3191,47.7312],[17.3148,47.7295],[17.3138,47.7281],[17.314,47.7267],[17.313,47.7261],[17.3123,47.7261],[17.3068,47.7289],[17.3052,47.7316],[17.3004,47.7298],[17.2981,47.7304],[17.2952,47.7307],[17.2914,47.7294],[17.2886,47.7306],[17.2871,47.7308],[17.2808,47.729],[17.2798,47.7284],[17.2804,47.7274],[17.288,47.7252],[17.2822,47.7239],[17.2863,47.7201],[17.2877,47.7175],[17.2897,47.7155],[17.2952,47.7105],[17.2983,47.7075],[17.2983,47.7053],[17.3048,47.7032],[17.2962,47.6962],[17.2928,47.6905],[17.2909,47.6897],[17.2891,47.6882],[17.2837,47.6915],[17.2821,47.6907],[17.2797,47.6925],[17.2772,47.6908],[17.2731,47.6934],[17.2676,47.689],[17.2647,47.6909],[17.2599,47.6924],[17.2559,47.6973],[17.2567,47.6992],[17.2564,47.7012],[17.2569,47.7038],[17.2541,47.7086],[17.2525,47.7103],[17.2531,47.7105],[17.2529,47.7117],[17.2509,47.7126],[17.2424,47.7121],[17.2359,47.7177],[17.1791,47.7136],[17.0943,47.7074],[17.0931,47.7082],[17.0742,47.7231],[17.0703,47.7282],[17.071,47.7389],[17.0708,47.7499],[17.0697,47.7573],[17.0684,47.7571],[17.0656,47.7663],[17.0656,47.7669],[17.0672,47.7669],[17.067,47.7675],[17.0638,47.7778],[17.0608,47.7776],[17.0582,47.7862],[17.051,47.794],[17.0536,47.7976],[17.0718,47.8082],[17.0745,47.8083],[17.0632,47.817],[17.0597,47.8202],[17.0608,47.8227],[17.0469,47.8283],[17.0497,47.8312],[17.0466,47.8329],[17.0515,47.8379],[17.0112,47.8574],[17.0099,47.8583],[17.0147,47.8644],[17.0162,47.8675],[17.0178,47.8684],[17.0289,47.8677],[17.0376,47.8679],[17.04,47.8668],[17.0496,47.8701],[17.0487,47.8719],[17.0627,47.8737],[17.0778,47.8775],[17.0804,47.8745],[17.0852,47.8744],[17.1042,47.8993],[17.0956,47.9043],[17.0973,47.9053],[17.0963,47.9061],[17.1027,47.9105],[17.1024,47.9107],[17.1127,47.9274],[17.1023,47.9311],[17.0909,47.9344],[17.0965,47.9394],[17.1006,47.942],[17.1028,47.9452],[17.1078,47.9495],[17.11,47.9544],[17.1125,47.9565],[17.1141,47.9588],[17.116,47.9598],[17.1169,47.961],[17.112,47.9635],[17.1105,47.964],[17.1082,47.9635],[17.1044,47.9659],[17.0997,47.9672],[17.0966,47.9687],[17.0947,47.9709],[17.1119,47.9795],[17.1188,47.9848],[17.1246,47.9873],[17.1314,47.9908],[17.1351,47.9933],[17.1342,47.994],[17.1476,48.0005],[17.157,48.004],[17.1629,48.0083],[17.1732,48.0122],[17.1792,48.0136],[17.191,48.0177],[17.1944,48.0184],[17.1984,48.0177],[17.1994,48.0195],[17.2001,48.0198],[17.2029,48.02],[17.2071,48.0191],[17.2141,48.0191],[17.2207,48.0165],[17.2266,48.0162],[17.2327,48.018],[17.2361,48.0186],[17.2405,48.0206],[17.2403,48.0216],[17.2418,48.0225],[17.2445,48.0206],[17.2461,48.0184]]]}},{"type":"Feature","properties":{"id":"0903","name":"Hajdú-Bihar vármegye 03. OEVK","regionId":"hajdu","center":"Debrecen"},"geometry":{"type":"Polygon","coordinates":[[[21.5961,47.7715],[21.6112,47.7588],[21.6123,47.7584],[21.6143,47.7562],[21.6167,47.7546],[21.6159,47.7511],[21.6216,47.7493],[21.6214,47.7487],[21.6242,47.748],[21.6242,47.7476],[21.6268,47.7464],[21.6265,47.7455],[21.6272,47.7426],[21.6283,47.7408],[21.6269,47.7366],[21.6326,47.7327],[21.6364,47.7293],[21.6381,47.7287],[21.6409,47.7293],[21.6485,47.7283],[21.6491,47.7276],[21.6516,47.7268],[21.6571,47.727],[21.6614,47.7277],[21.662,47.7266],[21.6681,47.7258],[21.6725,47.7259],[21.6738,47.7262],[21.6797,47.7262],[21.6803,47.7307],[21.6854,47.7304],[21.6881,47.7306],[21.6948,47.7327],[21.697,47.7324],[21.7001,47.733],[21.7043,47.7316],[21.7066,47.729],[21.7077,47.7257],[21.71,47.7223],[21.7132,47.7189],[21.717,47.7124],[21.7176,47.7102],[21.7195,47.7069],[21.7228,47.7081],[21.7299,47.7089],[21.7346,47.7081],[21.736,47.7073],[21.7401,47.7069],[21.7502,47.7053],[21.7538,47.7054],[21.7575,47.7062],[21.7615,47.7061],[21.7666,47.7067],[21.7695,47.7054],[21.7717,47.7053],[21.7703,47.6948],[21.7683,47.6913],[21.7653,47.6887],[21.7641,47.6869],[21.7678,47.6866],[21.7764,47.6875],[21.7786,47.6872],[21.7911,47.6854],[21.7959,47.6853],[21.7972,47.6829],[21.7986,47.6819],[21.8023,47.6746],[21.8029,47.6739],[21.8093,47.6743],[21.8129,47.6734],[21.8248,47.6723],[21.8275,47.6701],[21.8307,47.6692],[21.8333,47.6689],[21.8406,47.6691],[21.8427,47.6703],[21.8442,47.6719],[21.8481,47.6732],[21.851,47.675],[21.856,47.6755],[21.8561,47.6794],[21.8579,47.6816],[21.8579,47.6832],[21.8587,47.6848],[21.8599,47.6854],[21.8647,47.6859],[21.8686,47.6881],[21.8708,47.6885],[21.8728,47.6898],[21.8749,47.6931],[21.8783,47.6951],[21.8808,47.6957],[21.884,47.6978],[21.8851,47.7002],[21.8845,47.7034],[21.8873,47.711],[21.8869,47.7121],[21.8873,47.7164],[21.8863,47.7232],[21.8875,47.7247],[21.8877,47.7261],[21.894,47.7271],[21.8984,47.7282],[21.9081,47.7295],[21.9088,47.7283],[21.9183,47.731],[21.9198,47.7319],[21.9247,47.7331],[21.9259,47.7302],[21.9265,47.7289],[21.9324,47.7297],[21.9335,47.7272],[21.9352,47.7252],[21.938,47.7264],[21.9396,47.7239],[21.9418,47.7228],[21.9472,47.7218],[21.9488,47.7199],[21.9489,47.7158],[21.9506,47.7152],[21.9528,47.7158],[21.9549,47.7143],[21.9579,47.7137],[21.959,47.7128],[21.9606,47.7089],[21.9641,47.7082],[21.9661,47.7067],[21.9733,47.7062],[21.9754,47.7064],[21.9814,47.7051],[21.985,47.705],[21.9875,47.704],[21.9871,47.7005],[21.9861,47.6989],[21.984,47.6976],[21.9838,47.6959],[21.9833,47.6959],[21.9834,47.6952],[21.982,47.6937],[21.9823,47.6918],[21.9818,47.6861],[21.9826,47.684],[21.982,47.6829],[21.9803,47.6815],[21.9809,47.6755],[21.9905,47.6752],[21.9934,47.6757],[21.9946,47.6725],[21.9996,47.6667],[22.0004,47.6671],[22.0026,47.6664],[22.0052,47.6665],[22.0064,47.6643],[22.0087,47.6636],[22.0116,47.6647],[22.011,47.662],[22.0083,47.6583],[22.003,47.648],[22.0036,47.6416],[22.0053,47.6372],[22.0065,47.6367],[22.0092,47.6332],[22.012,47.6313],[22.0197,47.6294],[22.0185,47.6275],[22.0199,47.6233],[22.0219,47.6201],[22.0272,47.6208],[22.0256,47.6246],[22.0272,47.6273],[22.0312,47.6285],[22.0322,47.6297],[22.0358,47.6305],[22.0383,47.6316],[22.0427,47.6343],[22.0447,47.636],[22.0487,47.6425],[22.0533,47.6474],[22.0546,47.6494],[22.0557,47.6525],[22.0579,47.6558],[22.062,47.6599],[22.0637,47.665],[22.0646,47.6659],[22.0653,47.6702],[22.0694,47.6712],[22.0759,47.6719],[22.0765,47.6702],[22.0777,47.6693],[22.0784,47.6681],[22.0814,47.6667],[22.0838,47.6648],[22.0932,47.6616],[22.0984,47.6608],[22.1044,47.6583],[22.1046,47.6565],[22.1026,47.653],[22.102,47.6502],[22.1023,47.6482],[22.104,47.6455],[22.1061,47.6395],[22.1059,47.6387],[22.1072,47.6364],[22.1066,47.634],[22.1046,47.6309],[22.1073,47.6281],[22.1087,47.6274],[22.1106,47.6212],[22.1185,47.612],[22.1194,47.607],[22.1175,47.6054],[22.1191,47.6035],[22.12,47.603],[22.1219,47.6028],[22.1241,47.6024],[22.1252,47.6017],[22.1263,47.599],[22.1283,47.5981],[22.1292,47.5971],[22.1297,47.5948],[22.1285,47.5915],[22.1292,47.5892],[22.1278,47.5881],[22.125,47.5874],[22.1219,47.5841],[22.1214,47.582],[22.1189,47.5789],[22.1158,47.5774],[22.1146,47.5753],[22.1129,47.5747],[22.1103,47.5749],[22.1084,47.5737],[22.1049,47.5727],[22.1037,47.5713],[22.1026,47.5674],[22.1004,47.5641],[22.0937,47.5582],[22.0906,47.5574],[22.0893,47.559],[22.0893,47.5598],[22.0868,47.5611],[22.0825,47.5613],[22.0792,47.5623],[22.0743,47.5608],[22.0736,47.5588],[22.0722,47.5575],[22.0675,47.5558],[22.0676,47.5552],[22.0665,47.5547],[22.0632,47.5539],[22.058,47.551],[22.0553,47.5485],[22.0546,47.5469],[22.0714,47.538],[22.0615,47.529],[22.0455,47.5398],[22.0439,47.5386],[22.0432,47.5371],[22.0388,47.532],[22.0359,47.5292],[22.0316,47.5262],[22.0297,47.524],[22.027,47.5221],[22.0256,47.5207],[22.0242,47.52],[22.0229,47.5179],[22.0188,47.5117],[22.0163,47.5051],[22.0127,47.5014],[22.0109,47.4908],[22.0071,47.4833],[22.0077,47.4789],[22.0074,47.4758],[22.0128,47.4707],[22.0139,47.4655],[22.0147,47.4649],[22.0209,47.4545],[22.0328,47.451],[22.0287,47.4443],[22.026,47.4424],[22.0276,47.4401],[22.028,47.438],[22.0307,47.4357],[22.0353,47.4274],[22.0319,47.4263],[22.0339,47.4242],[22.0297,47.4227],[22.0336,47.4184],[22.035,47.4162],[22.0355,47.4134],[22.0278,47.4004],[22.0254,47.3964],[22.0231,47.391],[22.0183,47.3864],[22.0139,47.3792],[22.0128,47.378],[22.0119,47.3757],[22.0085,47.3768],[22.0085,47.3771],[22.0006,47.3769],[21.9987,47.3772],[21.9967,47.3781],[21.9962,47.38],[21.995,47.3809],[21.9904,47.3815],[21.9891,47.3809],[21.9866,47.3815],[21.9852,47.3801],[21.9785,47.3782],[21.9753,47.3783],[21.9751,47.3802],[21.9615,47.3812],[21.961,47.3795],[21.9559,47.3761],[21.9526,47.3746],[21.9513,47.3746],[21.9504,47.3753],[21.9452,47.3752],[21.9385,47.373],[21.9383,47.3713],[21.9394,47.3697],[21.9397,47.3676],[21.9377,47.3662],[21.9347,47.3603],[21.9301,47.3565],[21.9252,47.3536],[21.9236,47.3498],[21.9233,47.3442],[21.9225,47.3435],[21.9216,47.3415],[21.9187,47.3376],[21.9157,47.3355],[21.9135,47.3325],[21.9107,47.3301],[21.908,47.3288],[21.9074,47.3263],[21.9045,47.3222],[21.9022,47.3207],[21.8998,47.3183],[21.8961,47.3163],[21.8953,47.3148],[21.8932,47.3063],[21.8882,47.2948],[21.8888,47.2968],[21.8817,47.3004],[21.877,47.3004],[21.8779,47.3021],[21.8778,47.3036],[21.8739,47.3037],[21.8735,47.3045],[21.8681,47.3061],[21.8683,47.3051],[21.8666,47.3052],[21.8657,47.3067],[21.8652,47.3065],[21.8634,47.3081],[21.8623,47.3085],[21.8609,47.31],[21.863,47.3104],[21.8459,47.3361],[21.843,47.3343],[21.8378,47.3325],[21.8282,47.3317],[21.8232,47.3331],[21.8157,47.3366],[21.8147,47.3366],[21.8149,47.3465],[21.8133,47.3518],[21.8147,47.3535],[21.8144,47.3567],[21.8167,47.3643],[21.8166,47.369],[21.8097,47.3769],[21.8088,47.3801],[21.8067,47.3839],[21.8058,47.3842],[21.8063,47.3877],[21.8058,47.3891],[21.806,47.3955],[21.8041,47.4031],[21.8045,47.4047],[21.8061,47.4067],[21.8074,47.4113],[21.807,47.4141],[21.8077,47.4153],[21.812,47.4181],[21.8195,47.4219],[21.8222,47.4241],[21.823,47.4273],[21.8227,47.4305],[21.8244,47.4326],[21.8244,47.4342],[21.8265,47.4358],[21.8271,47.4373],[21.8272,47.4391],[21.8281,47.4396],[21.8287,47.4407],[21.8287,47.4435],[21.8258,47.4476],[21.827,47.4514],[21.827,47.4518],[21.8263,47.4521],[21.8276,47.4538],[21.8292,47.4547],[21.832,47.4584],[21.8349,47.4611],[21.8367,47.4627],[21.8381,47.4654],[21.8397,47.466],[21.8394,47.4726],[21.842,47.4758],[21.8471,47.4796],[21.8532,47.4817],[21.8569,47.4835],[21.858,47.4867],[21.8601,47.4904],[21.8645,47.4942],[21.8663,47.4966],[21.8693,47.5037],[21.8696,47.5059],[21.8733,47.513],[21.8742,47.514],[21.875,47.5192],[21.8757,47.5208],[21.8759,47.5242],[21.877,47.5279],[21.8763,47.5307],[21.8772,47.5357],[21.8756,47.5403],[21.8758,47.5432],[21.875,47.5475],[21.8753,47.5495],[21.8755,47.5506],[21.878,47.5543],[21.8822,47.5575],[21.8837,47.5597],[21.8776,47.562],[21.8743,47.5639],[21.8729,47.5654],[21.8695,47.5674],[21.8686,47.5686],[21.8596,47.5707],[21.8563,47.5721],[21.8529,47.573],[21.8463,47.579],[21.8398,47.5839],[21.8371,47.5879],[21.8315,47.5884],[21.8263,47.5875],[21.8222,47.5862],[21.8208,47.5852],[21.812,47.5801],[21.8043,47.5776],[21.7991,47.5764],[21.7853,47.5718],[21.7814,47.569],[21.7771,47.5666],[21.7741,47.566],[21.7683,47.5655],[21.7622,47.5634],[21.7576,47.5644],[21.7514,47.5644],[21.7455,47.5615],[21.745,47.5609],[21.7447,47.56],[21.7437,47.5581],[21.7434,47.5577],[21.7412,47.5559],[21.7392,47.5544],[21.7388,47.5541],[21.7395,47.5507],[21.7392,47.5479],[21.7395,47.5466],[21.7401,47.5454],[21.7406,47.5445],[21.7408,47.5437],[21.7407,47.5432],[21.7402,47.5424],[21.7386,47.5401],[21.7372,47.5386],[21.7366,47.5378],[21.7363,47.5369],[21.7363,47.5362],[21.7367,47.5342],[21.7369,47.5329],[21.7369,47.5323],[21.7367,47.5317],[21.7364,47.5312],[21.7352,47.5297],[21.7349,47.5292],[21.7346,47.5288],[21.7345,47.5281],[21.7344,47.5274],[21.7075,47.5307],[21.7021,47.5313],[21.6989,47.5317],[21.6972,47.5318],[21.6954,47.5318],[21.6937,47.5318],[21.6891,47.5316],[21.6862,47.5314],[21.6843,47.5313],[21.6818,47.5311],[21.6801,47.531],[21.6793,47.531],[21.6775,47.5308],[21.6747,47.5307],[21.6739,47.5306],[21.6724,47.5306],[21.6712,47.5305],[21.6696,47.5303],[21.6689,47.5303],[21.667,47.5302],[21.6659,47.5301],[21.6655,47.5301],[21.6649,47.5301],[21.6641,47.53],[21.6624,47.5299],[21.6614,47.5298],[21.6609,47.5298],[21.6604,47.5297],[21.659,47.5292],[21.6584,47.5291],[21.6506,47.5289],[21.6483,47.529],[21.6455,47.5292],[21.646,47.5305],[21.6465,47.533],[21.6469,47.5352],[21.646,47.5354],[21.6453,47.5356],[21.6444,47.5358],[21.6425,47.5362],[21.6422,47.5363],[21.6419,47.5363],[21.6413,47.5363],[21.6402,47.5362],[21.6388,47.536],[21.6383,47.5373],[21.6389,47.5385],[21.6424,47.5431],[21.6483,47.5509],[21.65,47.5528],[21.6528,47.5684],[21.6546,47.578],[21.6556,47.5833],[21.6585,47.6002],[21.6544,47.6004],[21.6544,47.6007],[21.6545,47.6011],[21.6554,47.6046],[21.656,47.6071],[21.6585,47.6168],[21.6599,47.6219],[21.66,47.6225],[21.6601,47.623],[21.6415,47.6089],[21.6282,47.6015],[21.6262,47.6005],[21.6222,47.6025],[21.6281,47.6057],[21.6305,47.6094],[21.6346,47.6141],[21.6381,47.6202],[21.6403,47.6228],[21.6413,47.6271],[21.6471,47.6338],[21.6474,47.6366],[21.6443,47.637],[21.6417,47.6363],[21.6394,47.6366],[21.6305,47.6348],[21.6288,47.6342],[21.6261,47.6339],[21.6231,47.6348],[21.6208,47.6363],[21.6202,47.6377],[21.6153,47.6403],[21.6132,47.6424],[21.6217,47.6537],[21.6228,47.6617],[21.6229,47.6628],[21.621,47.6648],[21.6193,47.6683],[21.6189,47.674],[21.6169,47.6803],[21.6169,47.6879],[21.6096,47.689],[21.6026,47.6916],[21.5938,47.6938],[21.5902,47.6956],[21.5865,47.6961],[21.571,47.6999],[21.5702,47.7005],[21.564,47.7106],[21.5656,47.7148],[21.5744,47.721],[21.5987,47.7304],[21.5962,47.7324],[21.5905,47.7337],[21.5889,47.7348],[21.5873,47.7405],[21.5844,47.7455],[21.5809,47.7494],[21.5747,47.7546],[21.5661,47.7606],[21.5598,47.7667],[21.5568,47.7707],[21.5675,47.7702],[21.5744,47.771],[21.5844,47.7715],[21.5869,47.7718],[21.5888,47.7727],[21.5898,47.7727],[21.5903,47.7737],[21.5961,47.7715]]]}},{"type":"Feature","properties":{"id":"1102","name":"Jász-Nagykun-Szolnok vármegye 02. OEVK","regionId":"jasz","center":"Jászberény"},"geometry":{"type":"Polygon","coordinates":[[[19.6663,47.5886],[19.6755,47.5917],[19.6814,47.5913],[19.6851,47.5908],[19.6912,47.5884],[19.6943,47.5856],[19.6958,47.5855],[19.6965,47.5846],[19.698,47.5837],[19.6983,47.5845],[19.6996,47.5849],[19.6992,47.5848],[19.701,47.5841],[19.7051,47.5844],[19.702,47.6064],[19.7131,47.6115],[19.7256,47.6134],[19.727,47.6136],[19.7398,47.6195],[19.7579,47.6212],[19.7677,47.6162],[19.7724,47.6163],[19.7781,47.6138],[19.7966,47.6044],[19.8099,47.5983],[19.813,47.5972],[19.8186,47.5939],[19.8222,47.5975],[19.8303,47.6038],[19.8336,47.6041],[19.8364,47.606],[19.8433,47.6178],[19.8445,47.6208],[19.8539,47.6256],[19.8561,47.6266],[19.8718,47.6306],[19.8699,47.6374],[19.87,47.643],[19.8717,47.6535],[19.8734,47.6587],[19.8739,47.6645],[19.8747,47.6658],[19.8758,47.6676],[19.8847,47.6655],[19.8861,47.6631],[19.8904,47.6612],[19.9007,47.6584],[19.9051,47.6563],[19.9114,47.6545],[19.9212,47.658],[19.9275,47.6609],[19.9393,47.6633],[19.9437,47.6651],[19.9555,47.6662],[19.9608,47.6671],[19.9647,47.6698],[19.9695,47.676],[19.9709,47.6766],[19.9729,47.6767],[19.9737,47.6759],[19.9737,47.6742],[19.9757,47.674],[19.9769,47.6741],[19.9795,47.6728],[19.9811,47.6728],[19.9829,47.6739],[19.9838,47.6734],[19.9861,47.6735],[19.9866,47.6732],[19.9879,47.6739],[19.9915,47.6736],[19.9937,47.6727],[19.9957,47.6703],[19.997,47.67],[19.9985,47.669],[19.9993,47.6676],[19.9999,47.6673],[19.9995,47.6659],[19.9999,47.6655],[19.9993,47.6646],[19.9996,47.6632],[20.0015,47.6626],[20.002,47.6618],[20.0029,47.6615],[20.0038,47.6584],[20.0016,47.6559],[20.002,47.6554],[20.0038,47.6553],[20.0041,47.6473],[20.0064,47.6315],[20.0073,47.6284],[20.0098,47.6243],[20.0159,47.6181],[20.0189,47.616],[20.0169,47.6121],[20.0152,47.6101],[20.0086,47.5986],[20.0086,47.5955],[20.0053,47.5939],[20.011,47.5903],[20.018,47.583],[20.0196,47.58],[20.0232,47.5789],[20.0269,47.5787],[20.0314,47.577],[20.0325,47.5762],[20.0349,47.576],[20.039,47.5741],[20.0454,47.5703],[20.0516,47.5701],[20.0566,47.5685],[20.0642,47.5668],[20.0726,47.5638],[20.0773,47.5624],[20.085,47.5616],[20.0902,47.5599],[20.1003,47.5576],[20.1122,47.5533],[20.1144,47.5562],[20.1193,47.5601],[20.132,47.5652],[20.1343,47.5655],[20.1301,47.5682],[20.1256,47.57],[20.1228,47.5717],[20.1159,47.5732],[20.1099,47.5798],[20.1073,47.586],[20.1023,47.5899],[20.1077,47.5907],[20.1205,47.5955],[20.134,47.5978],[20.1379,47.5995],[20.1515,47.6013],[20.1571,47.6016],[20.166,47.6049],[20.1731,47.6066],[20.1975,47.6062],[20.2048,47.6066],[20.2087,47.6072],[20.2097,47.596],[20.2129,47.5891],[20.214,47.5828],[20.2249,47.5794],[20.2262,47.574],[20.2313,47.5706],[20.2287,47.5661],[20.2309,47.562],[20.2352,47.5623],[20.2428,47.5586],[20.2465,47.5573],[20.2598,47.5556],[20.2549,47.5477],[20.2663,47.5448],[20.2714,47.5445],[20.2759,47.5436],[20.2861,47.5428],[20.2877,47.5411],[20.297,47.5282],[20.2973,47.527],[20.3026,47.5188],[20.3023,47.5181],[20.3009,47.5183],[20.3018,47.5093],[20.3012,47.5069],[20.2932,47.4964],[20.2908,47.4941],[20.2912,47.4913],[20.2876,47.487],[20.2912,47.4826],[20.2984,47.4772],[20.2997,47.4746],[20.3134,47.4629],[20.32,47.4567],[20.3301,47.4483],[20.3351,47.4448],[20.3369,47.4425],[20.3527,47.4403],[20.3638,47.4408],[20.3799,47.4463],[20.3802,47.4459],[20.3799,47.4452],[20.381,47.4448],[20.3818,47.4436],[20.3799,47.4417],[20.3817,47.4401],[20.3809,47.4384],[20.3812,47.4371],[20.3804,47.4365],[20.3774,47.4367],[20.3764,47.4361],[20.3808,47.4331],[20.3803,47.4314],[20.3782,47.4301],[20.3779,47.4293],[20.3775,47.4269],[20.3792,47.4263],[20.3788,47.425],[20.3777,47.4247],[20.3771,47.424],[20.3747,47.4145],[20.3744,47.4069],[20.3764,47.399],[20.3788,47.3956],[20.3803,47.3945],[20.3824,47.3937],[20.3861,47.3937],[20.4054,47.3968],[20.4142,47.3976],[20.4215,47.3972],[20.4261,47.3959],[20.4364,47.3917],[20.4408,47.3885],[20.4422,47.3861],[20.4419,47.383],[20.4382,47.3788],[20.4367,47.3743],[20.4371,47.3692],[20.4399,47.3648],[20.4391,47.3647],[20.4393,47.3643],[20.4389,47.3648],[20.4358,47.3614],[20.4325,47.3594],[20.4298,47.3584],[20.4237,47.3583],[20.4217,47.3587],[20.4166,47.361],[20.4084,47.366],[20.4068,47.3667],[20.4054,47.3666],[20.4046,47.366],[20.4041,47.3647],[20.4043,47.3632],[20.4065,47.36],[20.4036,47.3587],[20.4044,47.3577],[20.394,47.3565],[20.3942,47.3553],[20.3855,47.3519],[20.3862,47.3457],[20.3641,47.3456],[20.361,47.3485],[20.355,47.3495],[20.3484,47.3494],[20.3415,47.3482],[20.3311,47.3403],[20.3116,47.3413],[20.2916,47.3452],[20.281,47.3484],[20.2794,47.3486],[20.2744,47.3373],[20.273,47.3329],[20.26,47.3175],[20.2539,47.314],[20.2412,47.3076],[20.2317,47.3105],[20.2224,47.3109],[20.2147,47.3095],[20.2029,47.311],[20.1938,47.3103],[20.184,47.3185],[20.173,47.321],[20.1554,47.324],[20.1516,47.3257],[20.1351,47.3288],[20.1286,47.3318],[20.1249,47.3347],[20.1159,47.3382],[20.106,47.3404],[20.104,47.3379],[20.0936,47.3313],[20.0923,47.3308],[20.0929,47.3301],[20.0928,47.3292],[20.0906,47.3273],[20.0842,47.3269],[20.0831,47.3265],[20.0801,47.3215],[20.0802,47.3207],[20.0821,47.3193],[20.0836,47.3172],[20.0851,47.3169],[20.0895,47.317],[20.0924,47.3163],[20.0928,47.3134],[20.0911,47.3089],[20.0918,47.3087],[20.0922,47.3032],[20.0951,47.2993],[20.0975,47.2991],[20.1004,47.2976],[20.1017,47.2965],[20.1028,47.2947],[20.1013,47.2922],[20.0962,47.2902],[20.0942,47.2886],[20.0945,47.288],[20.097,47.2869],[20.0998,47.2872],[20.1034,47.2856],[20.107,47.2859],[20.11,47.2855],[20.1015,47.2768],[20.098,47.2745],[20.0945,47.2713],[20.0907,47.267],[20.081,47.2574],[20.0701,47.2342],[20.0706,47.2305],[20.0678,47.2289],[20.0658,47.2247],[20.0589,47.229],[20.0544,47.2313],[20.0506,47.2349],[20.0447,47.2382],[20.0338,47.2428],[20.008,47.2485],[19.9975,47.2516],[19.9883,47.2531],[19.9906,47.2585],[20.0006,47.2776],[20.0034,47.2834],[20.0132,47.2949],[20.0166,47.2995],[20.0176,47.3039],[20.0122,47.307],[19.9999,47.3223],[19.992,47.3288],[19.9892,47.334],[19.9923,47.3424],[19.9905,47.3466],[19.9815,47.3521],[19.9802,47.3538],[19.9766,47.3564],[19.9688,47.3644],[19.9651,47.3672],[19.9502,47.3741],[19.9408,47.3769],[19.9379,47.3777],[19.9322,47.3792],[19.9287,47.3808],[19.926,47.3811],[19.9152,47.3864],[19.9092,47.3885],[19.9013,47.3928],[19.8968,47.3943],[19.8776,47.4043],[19.8667,47.4084],[19.8545,47.4137],[19.853,47.4148],[19.8379,47.4254],[19.8246,47.4288],[19.8266,47.4324],[19.8191,47.4444],[19.8142,47.4504],[19.8096,47.4547],[19.8071,47.4561],[19.8038,47.4597],[19.7896,47.467],[19.7774,47.4723],[19.7667,47.4777],[19.7588,47.4811],[19.7534,47.4842],[19.75,47.4871],[19.747,47.4889],[19.7506,47.4916],[19.7547,47.4953],[19.7611,47.4992],[19.7638,47.5014],[19.7691,47.5115],[19.769,47.513],[19.7699,47.5164],[19.7756,47.5194],[19.7806,47.5242],[19.7842,47.5267],[19.7866,47.5275],[19.7899,47.5314],[19.7911,47.5325],[19.7773,47.5388],[19.7679,47.5304],[19.7572,47.5358],[19.7548,47.5338],[19.7522,47.5344],[19.7516,47.5339],[19.7461,47.532],[19.7444,47.5336],[19.7402,47.5361],[19.7395,47.5376],[19.7378,47.5388],[19.7371,47.5383],[19.7363,47.5389],[19.7337,47.5351],[19.7289,47.5318],[19.7202,47.5279],[19.7178,47.5274],[19.7139,47.523],[19.7108,47.5184],[19.7027,47.5172],[19.6982,47.5209],[19.6972,47.5224],[19.6933,47.5248],[19.6913,47.5269],[19.6823,47.5335],[19.6764,47.5362],[19.6715,47.5398],[19.6606,47.5435],[19.6527,47.5478],[19.6546,47.551],[19.6586,47.5592],[19.651,47.5619],[19.6556,47.5667],[19.6577,47.5761],[19.6631,47.5832],[19.663,47.5845],[19.6642,47.5868],[19.6663,47.5886]]]}},{"type":"Feature","properties":{"id":"0904","name":"Hajdú-Bihar vármegye 04. OEVK","regionId":"hajdu","center":"Berettyóújfalu"},"geometry":{"type":"Polygon","coordinates":[[[21.8287,47.4407],[21.8281,47.4396],[21.8272,47.4391],[21.8271,47.4373],[21.8265,47.4358],[21.8244,47.4342],[21.8244,47.4326],[21.8227,47.4305],[21.823,47.4273],[21.8222,47.4241],[21.8195,47.4219],[21.812,47.4181],[21.8077,47.4153],[21.807,47.4141],[21.8074,47.4113],[21.8061,47.4067],[21.8045,47.4047],[21.8041,47.4031],[21.806,47.3955],[21.8058,47.3891],[21.8063,47.3877],[21.8058,47.3842],[21.8067,47.3839],[21.8088,47.3801],[21.8097,47.3769],[21.8166,47.369],[21.8167,47.3643],[21.8144,47.3567],[21.8147,47.3535],[21.8133,47.3518],[21.8149,47.3465],[21.8147,47.3366],[21.8157,47.3366],[21.8232,47.3331],[21.8282,47.3317],[21.8378,47.3325],[21.843,47.3343],[21.8459,47.3361],[21.863,47.3104],[21.8609,47.31],[21.8623,47.3085],[21.8634,47.3081],[21.8652,47.3065],[21.8657,47.3067],[21.8666,47.3052],[21.8683,47.3051],[21.8681,47.3061],[21.8735,47.3045],[21.8739,47.3037],[21.8778,47.3036],[21.8779,47.3021],[21.877,47.3004],[21.8817,47.3004],[21.8888,47.2968],[21.8882,47.2948],[21.8858,47.2934],[21.8848,47.2912],[21.8861,47.2897],[21.8858,47.2894],[21.8822,47.2888],[21.8788,47.2874],[21.8781,47.2855],[21.8786,47.2842],[21.8814,47.2816],[21.8854,47.2791],[21.8882,47.2779],[21.8863,47.2752],[21.8878,47.2721],[21.8861,47.2702],[21.8813,47.2665],[21.88,47.2648],[21.8765,47.265],[21.8746,47.264],[21.8721,47.2634],[21.8673,47.2594],[21.8652,47.2568],[21.8643,47.2528],[21.8628,47.2509],[21.86,47.2488],[21.858,47.2465],[21.8578,47.2459],[21.8583,47.2449],[21.8578,47.2438],[21.8517,47.2391],[21.8494,47.2304],[21.8486,47.2301],[21.8468,47.2238],[21.8485,47.2219],[21.8536,47.2211],[21.8542,47.2204],[21.8581,47.2201],[21.8599,47.2034],[21.858,47.187],[21.8563,47.1871],[21.853,47.1856],[21.8475,47.1844],[21.8387,47.1772],[21.8359,47.1774],[21.831,47.1789],[21.8292,47.1748],[21.8259,47.174],[21.8249,47.1733],[21.8223,47.1737],[21.8197,47.1724],[21.8175,47.1728],[21.8126,47.1656],[21.812,47.1659],[21.8032,47.1442],[21.8004,47.1372],[21.8029,47.1364],[21.8012,47.1337],[21.8004,47.1306],[21.7985,47.1279],[21.7967,47.1281],[21.7957,47.1277],[21.7934,47.1262],[21.7918,47.1246],[21.7912,47.1228],[21.7922,47.1198],[21.7892,47.1166],[21.7921,47.1156],[21.7892,47.1129],[21.7928,47.1113],[21.7912,47.1094],[21.7918,47.1082],[21.7927,47.1079],[21.7923,47.1063],[21.7908,47.106],[21.7723,47.109],[21.7708,47.1089],[21.7698,47.1084],[21.7653,47.108],[21.7544,47.1057],[21.7517,47.1056],[21.7512,47.1051],[21.7261,47.0985],[21.7238,47.0939],[21.7211,47.0929],[21.7208,47.0918],[21.7181,47.0897],[21.7178,47.0881],[21.7128,47.0826],[21.7126,47.0804],[21.7139,47.0795],[21.7164,47.0749],[21.7083,47.0714],[21.7068,47.0721],[21.7052,47.0715],[21.7063,47.07],[21.7013,47.0683],[21.7048,47.0634],[21.6957,47.0604],[21.6974,47.058],[21.6886,47.0556],[21.6897,47.0535],[21.6848,47.0523],[21.6835,47.0512],[21.6826,47.0457],[21.6804,47.0447],[21.6777,47.0454],[21.6765,47.0447],[21.6743,47.045],[21.6737,47.0446],[21.6702,47.0445],[21.6695,47.044],[21.6679,47.0442],[21.6644,47.0433],[21.6624,47.0417],[21.6599,47.0415],[21.6576,47.0408],[21.6504,47.0409],[21.6488,47.0404],[21.6487,47.039],[21.6501,47.0338],[21.652,47.0315],[21.653,47.031],[21.6593,47.0226],[21.6582,47.0216],[21.6525,47.019],[21.6417,47.0176],[21.6414,47.0216],[21.6398,47.025],[21.6347,47.0239],[21.6329,47.0227],[21.6275,47.0205],[21.6273,47.0185],[21.6263,47.0166],[21.6266,47.0161],[21.6284,47.0161],[21.6286,47.0157],[21.6265,47.0145],[21.6254,47.0132],[21.6245,47.0131],[21.6231,47.0141],[21.6193,47.0136],[21.6203,47.0121],[21.62,47.0106],[21.6229,47.0096],[21.6239,47.0086],[21.624,47.0078],[21.6211,47.0073],[21.6208,47.0062],[21.6189,47.006],[21.6185,47.0051],[21.615,47.0045],[21.6119,47.0035],[21.6035,46.9981],[21.5993,46.9979],[21.594,46.9971],[21.5755,46.9989],[21.572,47.0013],[21.5726,47.0016],[21.5705,47.0017],[21.5692,47.0028],[21.5674,47.0007],[21.5672,46.9992],[21.5647,46.9928],[21.5573,46.9884],[21.5536,46.9783],[21.5631,46.9615],[21.5565,46.9607],[21.5547,46.9598],[21.5539,46.96],[21.5483,46.9591],[21.5453,46.9607],[21.5433,46.9608],[21.5432,46.9595],[21.5426,46.9594],[21.5401,46.9611],[21.5389,46.961],[21.5383,46.9598],[21.5353,46.9573],[21.5346,46.9548],[21.5354,46.9535],[21.5353,46.9522],[21.5343,46.9517],[21.5296,46.9509],[21.5292,46.9512],[21.5296,46.9522],[21.5292,46.9525],[21.5256,46.9528],[21.5243,46.9548],[21.5241,46.9568],[21.5232,46.9569],[21.5218,46.9567],[21.5203,46.9559],[21.52,46.9551],[21.5214,46.9537],[21.5207,46.9532],[21.5189,46.9534],[21.518,46.9531],[21.5179,46.952],[21.5172,46.9512],[21.5151,46.9517],[21.5141,46.9545],[21.5037,46.9501],[21.5028,46.9502],[21.5013,46.9516],[21.4998,46.9496],[21.4992,46.9495],[21.4971,46.9518],[21.4947,46.9493],[21.4943,46.9476],[21.4907,46.9465],[21.4891,46.945],[21.4888,46.943],[21.4862,46.9414],[21.4848,46.9412],[21.4829,46.9415],[21.4818,46.9437],[21.4795,46.9414],[21.4769,46.9422],[21.4721,46.9492],[21.4439,46.9563],[21.4237,46.9429],[21.4257,46.9473],[21.4256,46.9508],[21.4317,46.9514],[21.4306,46.9573],[21.4428,46.9586],[21.4393,46.9658],[21.4387,46.9708],[21.4255,46.9689],[21.4212,46.9746],[21.4193,46.9747],[21.4179,46.9757],[21.4148,46.9765],[21.4132,46.9762],[21.4078,46.9769],[21.4052,46.9762],[21.4024,46.9762],[21.3952,46.9769],[21.3916,46.9779],[21.3895,46.9777],[21.3688,46.979],[21.3554,46.9797],[21.355,46.9794],[21.3552,46.9798],[21.355,46.9806],[21.3202,46.9912],[21.2917,46.999],[21.2749,47.0039],[21.2692,47.0046],[21.2642,47.0067],[21.255,47.0094],[21.2535,47.0096],[21.2491,47.0069],[21.2478,47.0067],[21.2472,47.0097],[21.2385,47.0169],[21.2332,47.0231],[21.2337,47.026],[21.2353,47.0306],[21.2395,47.0346],[21.2407,47.0372],[21.2393,47.0444],[21.237,47.0492],[21.2343,47.0517],[21.233,47.0542],[21.232,47.0594],[21.2323,47.0598],[21.2884,47.0816],[21.2956,47.0866],[21.2958,47.0912],[21.2953,47.0946],[21.2942,47.0988],[21.2919,47.1036],[21.3076,47.1107],[21.3044,47.1141],[21.3,47.1171],[21.301,47.1175],[21.3013,47.1209],[21.3009,47.1244],[21.3015,47.126],[21.2997,47.1291],[21.2969,47.1298],[21.2955,47.1298],[21.2942,47.1311],[21.3009,47.1507],[21.2939,47.1479],[21.2731,47.1472],[21.2731,47.1469],[21.2686,47.1467],[21.261,47.1472],[21.2548,47.147],[21.243,47.1522],[21.2406,47.153],[21.2344,47.151],[21.2304,47.1502],[21.2105,47.1648],[21.1687,47.1704],[21.1787,47.2011],[21.1926,47.2152],[21.1951,47.215],[21.2005,47.2131],[21.2024,47.2139],[21.2027,47.2153],[21.2023,47.216],[21.1988,47.2174],[21.1964,47.2197],[21.1963,47.2207],[21.197,47.2219],[21.1992,47.2229],[21.2016,47.2233],[21.2039,47.2228],[21.2081,47.221],[21.2105,47.2205],[21.2148,47.2199],[21.2189,47.2199],[21.2244,47.2211],[21.2276,47.2237],[21.2283,47.2266],[21.2268,47.2299],[21.2246,47.2319],[21.2232,47.2324],[21.2136,47.2388],[21.2148,47.2415],[21.2173,47.2437],[21.2167,47.2451],[21.2175,47.2453],[21.2168,47.2474],[21.2185,47.2481],[21.2183,47.2489],[21.2193,47.25],[21.221,47.251],[21.2223,47.2512],[21.2232,47.2546],[21.2246,47.2565],[21.228,47.2594],[21.2308,47.2611],[21.2455,47.2693],[21.2458,47.2688],[21.2459,47.2648],[21.2477,47.2621],[21.2505,47.2601],[21.2543,47.2591],[21.257,47.2574],[21.2575,47.257],[21.2611,47.2574],[21.2928,47.266],[21.2968,47.2658],[21.3037,47.2667],[21.3075,47.2675],[21.311,47.269],[21.3064,47.2707],[21.3067,47.2726],[21.3071,47.2726],[21.3075,47.2744],[21.3087,47.2755],[21.3144,47.2783],[21.3179,47.2752],[21.3204,47.2765],[21.3236,47.2745],[21.3295,47.278],[21.3326,47.2746],[21.334,47.2752],[21.3368,47.2726],[21.3423,47.2722],[21.3433,47.2707],[21.348,47.2689],[21.3553,47.2691],[21.3678,47.2682],[21.377,47.2666],[21.388,47.2683],[21.3894,47.2693],[21.3894,47.2699],[21.391,47.2714],[21.3969,47.2745],[21.4007,47.2777],[21.4049,47.2793],[21.4061,47.2793],[21.4076,47.2852],[21.4094,47.2861],[21.4106,47.2875],[21.4127,47.2887],[21.4154,47.2894],[21.4203,47.2895],[21.4228,47.289],[21.4302,47.2865],[21.4336,47.2849],[21.4362,47.2855],[21.437,47.2862],[21.4364,47.2874],[21.4372,47.2878],[21.4396,47.2873],[21.4408,47.2876],[21.442,47.2868],[21.4437,47.2874],[21.4456,47.2873],[21.4452,47.2863],[21.4464,47.2862],[21.4457,47.2847],[21.4476,47.2825],[21.4494,47.2822],[21.4516,47.2813],[21.4538,47.2816],[21.4548,47.2812],[21.4555,47.2813],[21.4566,47.2826],[21.4567,47.2835],[21.4587,47.2837],[21.4603,47.2844],[21.4617,47.2846],[21.4626,47.2852],[21.4623,47.286],[21.459,47.2879],[21.4593,47.2889],[21.4602,47.2896],[21.4612,47.2895],[21.4641,47.2878],[21.4645,47.2877],[21.4659,47.2886],[21.468,47.2873],[21.4703,47.2877],[21.4731,47.2866],[21.4747,47.2874],[21.4761,47.2866],[21.4775,47.2874],[21.4801,47.287],[21.4818,47.2874],[21.4829,47.2862],[21.4836,47.2877],[21.4798,47.2923],[21.4792,47.2962],[21.478,47.2985],[21.4741,47.3038],[21.4715,47.3084],[21.4706,47.3129],[21.4672,47.3121],[21.4629,47.3198],[21.4569,47.3232],[21.453,47.3244],[21.4508,47.3256],[21.4487,47.3277],[21.4448,47.3285],[21.4387,47.3334],[21.4464,47.3471],[21.4556,47.3473],[21.46,47.3498],[21.4664,47.3516],[21.4696,47.354],[21.4742,47.3548],[21.4832,47.3573],[21.4885,47.3592],[21.4914,47.3611],[21.4992,47.3646],[21.5048,47.3677],[21.5044,47.3684],[21.5087,47.3705],[21.514,47.3711],[21.5176,47.3725],[21.5231,47.3773],[21.5256,47.3805],[21.5257,47.3835],[21.5266,47.3854],[21.5263,47.3881],[21.5293,47.3913],[21.5351,47.3954],[21.5373,47.3977],[21.5379,47.399],[21.5437,47.3994],[21.5456,47.4016],[21.5498,47.4047],[21.5585,47.4142],[21.5523,47.4158],[21.548,47.4163],[21.5456,47.4169],[21.5504,47.4277],[21.5509,47.43],[21.5502,47.4329],[21.5557,47.4331],[21.5569,47.4334],[21.5691,47.4336],[21.5813,47.4372],[21.5925,47.4416],[21.5997,47.4435],[21.6064,47.4493],[21.6089,47.4504],[21.6112,47.4531],[21.6172,47.4548],[21.6254,47.4561],[21.6355,47.4563],[21.6442,47.4577],[21.6539,47.4581],[21.6568,47.4587],[21.6589,47.4587],[21.6611,47.4575],[21.6683,47.4551],[21.6735,47.4553],[21.6751,47.4539],[21.6805,47.4408],[21.681,47.4386],[21.6812,47.4277],[21.6826,47.4251],[21.6828,47.4249],[21.6857,47.4253],[21.6897,47.4301],[21.6903,47.4328],[21.6899,47.4342],[21.6954,47.4358],[21.696,47.4351],[21.6968,47.434],[21.6988,47.4341],[21.7004,47.4338],[21.716,47.4361],[21.7173,47.4358],[21.7194,47.4346],[21.7245,47.4352],[21.7298,47.4377],[21.7331,47.4385],[21.7377,47.438],[21.7424,47.4393],[21.7458,47.4392],[21.7489,47.4399],[21.7558,47.4402],[21.7597,47.4429],[21.7632,47.4416],[21.7659,47.4412],[21.7705,47.4415],[21.7779,47.4436],[21.7794,47.4447],[21.7826,47.4462],[21.7867,47.4491],[21.7894,47.4503],[21.8078,47.4691],[21.8099,47.4668],[21.8131,47.4648],[21.8158,47.4642],[21.8244,47.4636],[21.8296,47.4614],[21.8349,47.4611],[21.832,47.4584],[21.8292,47.4547],[21.8276,47.4538],[21.8263,47.4521],[21.827,47.4518],[21.827,47.4514],[21.8258,47.4476],[21.8287,47.4435],[21.8287,47.4407]]]}},{"type":"Feature","properties":{"id":"1202","name":"Komárom-Esztergom vármegye 02. OEVK","regionId":"komarom","center":"Esztergom"},"geometry":{"type":"Polygon","coordinates":[[[18.8485,47.8182],[18.8489,47.8183],[18.8504,47.8143],[18.8547,47.8136],[18.8684,47.8127],[18.8813,47.8105],[18.8869,47.8092],[18.8909,47.8078],[18.8969,47.8054],[18.9004,47.8032],[18.9017,47.8021],[18.9051,47.7969],[18.9055,47.7902],[18.9053,47.7876],[18.9074,47.7826],[18.9102,47.7733],[18.9131,47.7697],[18.9209,47.7664],[18.9268,47.7651],[18.923,47.7603],[18.9227,47.7591],[18.923,47.758],[18.9223,47.7559],[18.9248,47.7499],[18.9235,47.7489],[18.9212,47.745],[18.9189,47.7424],[18.9201,47.7395],[18.9207,47.7395],[18.9226,47.7379],[18.9233,47.736],[18.9242,47.7355],[18.9271,47.7358],[18.9299,47.7334],[18.9312,47.7336],[18.9314,47.7319],[18.9333,47.7311],[18.9342,47.7299],[18.9339,47.728],[18.9347,47.7272],[18.9378,47.7257],[18.9415,47.7247],[18.9387,47.7225],[18.9365,47.7199],[18.9345,47.7162],[18.9327,47.7142],[18.9309,47.7134],[18.9298,47.7134],[18.9268,47.7124],[18.9251,47.7111],[18.9211,47.7099],[18.9185,47.7123],[18.9023,47.7195],[18.8977,47.72],[18.896,47.7196],[18.8931,47.7205],[18.8902,47.7203],[18.8899,47.7207],[18.8864,47.7203],[18.8843,47.7184],[18.8825,47.7156],[18.8808,47.7156],[18.8798,47.7164],[18.8756,47.7151],[18.8744,47.7151],[18.8686,47.7173],[18.8661,47.7153],[18.8651,47.7156],[18.8616,47.7156],[18.8577,47.7145],[18.8567,47.7136],[18.8543,47.7147],[18.853,47.7139],[18.8516,47.7117],[18.8524,47.7086],[18.8546,47.7072],[18.8548,47.7067],[18.8532,47.704],[18.8533,47.7027],[18.8519,47.7013],[18.8517,47.6991],[18.8553,47.6965],[18.8541,47.6951],[18.8463,47.6926],[18.8507,47.6893],[18.8531,47.6869],[18.8546,47.6818],[18.8593,47.6782],[18.8594,47.6753],[18.8618,47.6722],[18.8636,47.6684],[18.8633,47.6597],[18.863,47.6577],[18.862,47.6562],[18.8648,47.6546],[18.8655,47.6533],[18.8648,47.6511],[18.8564,47.6534],[18.8497,47.6542],[18.843,47.6565],[18.8398,47.6551],[18.8292,47.6535],[18.8202,47.6565],[18.8116,47.6572],[18.8013,47.6641],[18.7938,47.6678],[18.78,47.6709],[18.7796,47.671],[18.7811,47.6668],[18.7789,47.6635],[18.7783,47.6607],[18.7736,47.6606],[18.7716,47.6602],[18.7663,47.6601],[18.76,47.6589],[18.7535,47.6605],[18.7477,47.6611],[18.7564,47.6559],[18.762,47.6532],[18.7681,47.6512],[18.772,47.6487],[18.7736,47.6483],[18.7748,47.6469],[18.7748,47.6455],[18.7756,47.6449],[18.7758,47.6436],[18.7777,47.6412],[18.7794,47.6412],[18.7821,47.6394],[18.7721,47.637],[18.7706,47.6382],[18.7613,47.6327],[18.7582,47.6316],[18.7581,47.6309],[18.7563,47.6297],[18.7473,47.6263],[18.7436,47.6235],[18.7431,47.6232],[18.7389,47.6146],[18.7332,47.6122],[18.7206,47.6085],[18.7191,47.602],[18.7194,47.6],[18.7215,47.5965],[18.7205,47.5949],[18.7171,47.5932],[18.7104,47.5911],[18.698,47.5848],[18.6945,47.5822],[18.6884,47.5771],[18.6851,47.5753],[18.6813,47.5753],[18.6793,47.5743],[18.6773,47.5753],[18.6717,47.5714],[18.667,47.5711],[18.6643,47.5704],[18.6561,47.571],[18.6438,47.5731],[18.6389,47.5719],[18.6296,47.5705],[18.6248,47.5717],[18.6224,47.5714],[18.6215,47.5695],[18.6216,47.5676],[18.6202,47.5666],[18.6179,47.5658],[18.6169,47.5646],[18.6109,47.5668],[18.6075,47.567],[18.6002,47.5692],[18.5927,47.5702],[18.5895,47.5715],[18.5862,47.5736],[18.5846,47.5741],[18.5774,47.5745],[18.5748,47.5737],[18.5734,47.573],[18.5701,47.5721],[18.5658,47.5688],[18.5621,47.5674],[18.5592,47.567],[18.5565,47.5672],[18.5528,47.5678],[18.5498,47.569],[18.5489,47.5693],[18.5344,47.5516],[18.533,47.5526],[18.5312,47.5531],[18.5294,47.5547],[18.5281,47.554],[18.5267,47.5545],[18.5265,47.554],[18.5223,47.5568],[18.4885,47.5547],[18.4921,47.5608],[18.4928,47.5629],[18.4927,47.5645],[18.4923,47.5656],[18.4892,47.5689],[18.4877,47.5724],[18.4845,47.5746],[18.4843,47.5753],[18.4805,47.5776],[18.4795,47.5813],[18.4785,47.5821],[18.4773,47.5824],[18.4739,47.5855],[18.4732,47.5858],[18.4708,47.5856],[18.4695,47.5859],[18.4665,47.5876],[18.4603,47.5935],[18.4577,47.593],[18.4529,47.5894],[18.4509,47.5891],[18.4484,47.5907],[18.4439,47.5911],[18.4425,47.5909],[18.4378,47.5912],[18.4335,47.592],[18.4332,47.5956],[18.432,47.6001],[18.433,47.6042],[18.4321,47.6088],[18.4323,47.6115],[18.4342,47.6125],[18.4257,47.622],[18.4233,47.6239],[18.4282,47.6302],[18.4316,47.6329],[18.433,47.6347],[18.432,47.642],[18.4271,47.6461],[18.4259,47.6478],[18.4245,47.6481],[18.4275,47.6514],[18.4244,47.6538],[18.4203,47.6547],[18.4196,47.6552],[18.4216,47.6574],[18.421,47.6592],[18.4203,47.6696],[18.4191,47.6761],[18.4192,47.6783],[18.4185,47.6789],[18.4184,47.6812],[18.4194,47.6845],[18.4207,47.6852],[18.4216,47.6848],[18.4227,47.6855],[18.4258,47.6857],[18.428,47.6869],[18.429,47.6889],[18.4298,47.6895],[18.4334,47.69],[18.438,47.6896],[18.4425,47.6912],[18.444,47.6914],[18.4457,47.6926],[18.443,47.6973],[18.4422,47.7002],[18.438,47.7026],[18.4371,47.7075],[18.4361,47.7097],[18.4325,47.7121],[18.4267,47.718],[18.4232,47.7221],[18.4234,47.723],[18.4219,47.7234],[18.4194,47.7225],[18.4179,47.7236],[18.4151,47.7273],[18.4143,47.7311],[18.4149,47.7316],[18.4127,47.7344],[18.411,47.7394],[18.4112,47.7401],[18.4121,47.7407],[18.4125,47.7428],[18.4094,47.7451],[18.4047,47.7523],[18.4109,47.753],[18.4212,47.7552],[18.4289,47.7556],[18.4309,47.756],[18.4328,47.7567],[18.4424,47.762],[18.4493,47.7646],[18.4556,47.7652],[18.4627,47.7642],[18.4659,47.7636],[18.4753,47.7606],[18.4784,47.7591],[18.4846,47.7548],[18.4876,47.7535],[18.4905,47.7528],[18.4935,47.7526],[18.5018,47.7535],[18.516,47.7558],[18.5216,47.7571],[18.5267,47.7588],[18.5301,47.7604],[18.5335,47.7629],[18.5378,47.7643],[18.5404,47.7646],[18.5504,47.7647],[18.566,47.7661],[18.5689,47.7659],[18.5861,47.763],[18.6067,47.7586],[18.6154,47.7575],[18.6198,47.7573],[18.6399,47.7594],[18.6466,47.7594],[18.6555,47.7601],[18.6669,47.762],[18.6751,47.7648],[18.6853,47.7691],[18.6899,47.7719],[18.6935,47.7734],[18.7009,47.7753],[18.705,47.777],[18.7151,47.7834],[18.7224,47.7868],[18.7261,47.7895],[18.7292,47.7929],[18.7304,47.7974],[18.7305,47.8023],[18.7328,47.8077],[18.7357,47.8105],[18.7408,47.8137],[18.7706,47.8197],[18.7821,47.8211],[18.7923,47.8227],[18.8033,47.8221],[18.8141,47.8191],[18.8213,47.8188],[18.8287,47.8185],[18.848,47.8159],[18.8485,47.8182]]]}},{"type":"Feature","properties":{"id":"0905","name":"Hajdú-Bihar vármegye 05. OEVK","regionId":"hajdu","center":"Hajdúszoboszló"},"geometry":{"type":"Polygon","coordinates":[[[21.013,47.7369],[21.0112,47.7355],[21.0114,47.735],[21.0169,47.736],[21.0282,47.7323],[21.0406,47.7301],[21.0426,47.729],[21.0481,47.7276],[21.0524,47.7258],[21.056,47.7255],[21.058,47.7246],[21.0648,47.7235],[21.0697,47.7221],[21.0728,47.7206],[21.0765,47.7187],[21.0775,47.7176],[21.078,47.7157],[21.0776,47.708],[21.0788,47.7076],[21.0892,47.7009],[21.0953,47.6998],[21.102,47.6961],[21.1084,47.695],[21.1208,47.6896],[21.1418,47.6876],[21.1511,47.6879],[21.1575,47.6889],[21.1513,47.6575],[21.1522,47.6557],[21.1611,47.6539],[21.1654,47.6522],[21.1675,47.6501],[21.1685,47.6479],[21.1712,47.6449],[21.1724,47.6416],[21.1741,47.6408],[21.1785,47.6415],[21.1797,47.6424],[21.1833,47.6438],[21.1846,47.6453],[21.1867,47.6458],[21.1902,47.6479],[21.2075,47.6598],[21.2176,47.6627],[21.2221,47.6651],[21.223,47.6652],[21.2306,47.6686],[21.2336,47.671],[21.2347,47.6734],[21.234,47.6763],[21.2322,47.6786],[21.2334,47.6789],[21.2453,47.6751],[21.2478,47.6735],[21.2834,47.6547],[21.2883,47.6517],[21.2895,47.6514],[21.2942,47.651],[21.2983,47.6473],[21.3078,47.6326],[21.2708,47.6143],[21.2712,47.6131],[21.2738,47.6129],[21.2776,47.6117],[21.2805,47.6097],[21.2391,47.601],[21.2385,47.6012],[21.2264,47.5981],[21.2164,47.596],[21.2441,47.5765],[21.255,47.5798],[21.3234,47.564],[21.3269,47.5649],[21.3301,47.5649],[21.3327,47.567],[21.3357,47.5722],[21.3465,47.5736],[21.3561,47.5774],[21.3606,47.5766],[21.3656,47.5752],[21.3779,47.5751],[21.4004,47.5735],[21.4214,47.5728],[21.4336,47.572],[21.4373,47.5706],[21.4506,47.5682],[21.4392,47.5516],[21.4367,47.5371],[21.4381,47.5319],[21.4405,47.5265],[21.5393,47.5197],[21.5357,47.4939],[21.5357,47.4938],[21.5425,47.485],[21.5455,47.4856],[21.5451,47.4829],[21.5551,47.4815],[21.5579,47.4815],[21.5606,47.4836],[21.5569,47.4334],[21.5557,47.4331],[21.5502,47.4329],[21.5509,47.43],[21.5504,47.4277],[21.5456,47.4169],[21.548,47.4163],[21.5523,47.4158],[21.5585,47.4142],[21.5498,47.4047],[21.5456,47.4016],[21.5437,47.3994],[21.5379,47.399],[21.5373,47.3977],[21.5351,47.3954],[21.5293,47.3913],[21.5263,47.3881],[21.5266,47.3854],[21.5257,47.3835],[21.5256,47.3805],[21.5231,47.3773],[21.5176,47.3725],[21.514,47.3711],[21.5087,47.3705],[21.5044,47.3684],[21.5048,47.3677],[21.4992,47.3646],[21.4914,47.3611],[21.4885,47.3592],[21.4832,47.3573],[21.4742,47.3548],[21.4696,47.354],[21.4664,47.3516],[21.46,47.3498],[21.4556,47.3473],[21.4464,47.3471],[21.4387,47.3334],[21.4448,47.3285],[21.4487,47.3277],[21.4508,47.3256],[21.453,47.3244],[21.4569,47.3232],[21.4629,47.3198],[21.4672,47.3121],[21.4706,47.3129],[21.4715,47.3084],[21.4741,47.3038],[21.478,47.2985],[21.4792,47.2962],[21.4798,47.2923],[21.4836,47.2877],[21.4829,47.2862],[21.4818,47.2874],[21.4801,47.287],[21.4775,47.2874],[21.4761,47.2866],[21.4747,47.2874],[21.4731,47.2866],[21.4703,47.2877],[21.468,47.2873],[21.4659,47.2886],[21.4645,47.2877],[21.4641,47.2878],[21.4612,47.2895],[21.4602,47.2896],[21.4593,47.2889],[21.459,47.2879],[21.4623,47.286],[21.4626,47.2852],[21.4617,47.2846],[21.4603,47.2844],[21.4587,47.2837],[21.4567,47.2835],[21.4566,47.2826],[21.4555,47.2813],[21.4548,47.2812],[21.4538,47.2816],[21.4516,47.2813],[21.4494,47.2822],[21.4476,47.2825],[21.4457,47.2847],[21.4464,47.2862],[21.4452,47.2863],[21.4456,47.2873],[21.4437,47.2874],[21.442,47.2868],[21.4408,47.2876],[21.4396,47.2873],[21.4372,47.2878],[21.4364,47.2874],[21.437,47.2862],[21.4362,47.2855],[21.4336,47.2849],[21.4302,47.2865],[21.4228,47.289],[21.4203,47.2895],[21.4154,47.2894],[21.4127,47.2887],[21.4106,47.2875],[21.4094,47.2861],[21.4076,47.2852],[21.4061,47.2793],[21.4049,47.2793],[21.4007,47.2777],[21.3969,47.2745],[21.391,47.2714],[21.3894,47.2699],[21.3894,47.2693],[21.388,47.2683],[21.377,47.2666],[21.3678,47.2682],[21.3553,47.2691],[21.348,47.2689],[21.3433,47.2707],[21.3423,47.2722],[21.3368,47.2726],[21.334,47.2752],[21.3326,47.2746],[21.3295,47.278],[21.3236,47.2745],[21.3204,47.2765],[21.3179,47.2752],[21.3144,47.2783],[21.3087,47.2755],[21.3075,47.2744],[21.3071,47.2726],[21.3067,47.2726],[21.3064,47.2707],[21.311,47.269],[21.3075,47.2675],[21.3037,47.2667],[21.2968,47.2658],[21.2928,47.266],[21.2611,47.2574],[21.2575,47.257],[21.257,47.2574],[21.2543,47.2591],[21.2505,47.2601],[21.2477,47.2621],[21.2459,47.2648],[21.2458,47.2688],[21.2455,47.2693],[21.2308,47.2611],[21.228,47.2594],[21.2246,47.2565],[21.2232,47.2546],[21.2223,47.2512],[21.221,47.251],[21.2193,47.25],[21.2183,47.2489],[21.2185,47.2481],[21.2168,47.2474],[21.2175,47.2453],[21.2167,47.2451],[21.2173,47.2437],[21.2148,47.2415],[21.2136,47.2388],[21.2232,47.2324],[21.2246,47.2319],[21.2268,47.2299],[21.2283,47.2266],[21.2276,47.2237],[21.2244,47.2211],[21.2189,47.2199],[21.2148,47.2199],[21.2105,47.2205],[21.2081,47.221],[21.2039,47.2228],[21.2016,47.2233],[21.1992,47.2229],[21.197,47.2219],[21.1963,47.2207],[21.1964,47.2197],[21.1988,47.2174],[21.2023,47.216],[21.2027,47.2153],[21.2024,47.2139],[21.2005,47.2131],[21.1951,47.215],[21.1926,47.2152],[21.1787,47.2011],[21.1687,47.1704],[21.1254,47.1748],[21.1218,47.1765],[21.1139,47.1799],[21.1025,47.1866],[21.0681,47.2073],[21.0607,47.2089],[21.0657,47.1937],[21.0618,47.1924],[21.0516,47.1904],[21.02,47.2254],[21.0143,47.2247],[21.0096,47.2319],[21.0029,47.2318],[20.9921,47.2323],[21.0163,47.2489],[21.0166,47.2495],[21.0303,47.3561],[21.0196,47.3789],[21.0054,47.4304],[20.9939,47.4732],[20.9945,47.4769],[20.9965,47.4816],[20.9986,47.4846],[21.0081,47.4907],[21.0055,47.4911],[20.9992,47.4955],[20.9956,47.4955],[20.9928,47.4968],[20.9921,47.4994],[20.9929,47.5029],[20.9898,47.506],[20.9886,47.508],[20.9896,47.5113],[20.9871,47.5147],[20.9864,47.5188],[20.9853,47.5194],[20.9852,47.5202],[20.9841,47.5201],[20.993,47.5271],[20.9965,47.5385],[20.9941,47.5539],[20.9945,47.5671],[20.9838,47.5751],[20.9741,47.5855],[20.9715,47.586],[20.9662,47.5879],[20.9604,47.5901],[20.9563,47.5922],[20.9508,47.5938],[20.9456,47.5961],[20.9364,47.5918],[20.9254,47.5882],[20.9158,47.5855],[20.9013,47.5834],[20.8956,47.5823],[20.8884,47.5824],[20.8829,47.582],[20.8666,47.5868],[20.855,47.5951],[20.849,47.5948],[20.8424,47.5966],[20.8371,47.6068],[20.8336,47.611],[20.8269,47.626],[20.825,47.6337],[20.825,47.6354],[20.8262,47.6362],[20.8263,47.6369],[20.824,47.6394],[20.8232,47.641],[20.8237,47.6414],[20.8248,47.6415],[20.8256,47.6441],[20.828,47.659],[20.8312,47.6568],[20.8326,47.6565],[20.8339,47.6569],[20.8351,47.6579],[20.8366,47.6623],[20.8374,47.6624],[20.84,47.6594],[20.8429,47.6575],[20.8453,47.6568],[20.8507,47.657],[20.8529,47.6583],[20.8536,47.6578],[20.8543,47.6579],[20.8543,47.6536],[20.8534,47.6524],[20.8546,47.6517],[20.8545,47.6501],[20.857,47.6485],[20.8574,47.6477],[20.8581,47.6475],[20.8594,47.6458],[20.8624,47.6443],[20.8677,47.6431],[20.8713,47.6427],[20.8765,47.6433],[20.8774,47.6437],[20.8796,47.646],[20.8801,47.6487],[20.8795,47.6497],[20.8781,47.6513],[20.8764,47.6521],[20.8636,47.656],[20.8615,47.6571],[20.8599,47.6584],[20.86,47.659],[20.8572,47.661],[20.8551,47.6615],[20.8553,47.6631],[20.8547,47.6652],[20.8523,47.6686],[20.8517,47.6708],[20.852,47.6753],[20.8549,47.6759],[20.8579,47.676],[20.8748,47.6731],[20.8782,47.6731],[20.8789,47.6726],[20.882,47.673],[20.886,47.6714],[20.8894,47.6707],[20.894,47.6707],[20.8937,47.6715],[20.8981,47.6728],[20.9012,47.6751],[20.9019,47.6763],[20.9014,47.6787],[20.8992,47.68],[20.8958,47.6804],[20.8955,47.6802],[20.896,47.6799],[20.8938,47.6791],[20.8913,47.6789],[20.8873,47.6778],[20.8854,47.684],[20.885,47.6869],[20.8833,47.6906],[20.8835,47.6927],[20.8846,47.6955],[20.8873,47.698],[20.8897,47.6982],[20.8917,47.6977],[20.8921,47.6952],[20.8947,47.6904],[20.8982,47.6878],[20.9027,47.687],[20.903,47.6858],[20.9103,47.6901],[20.9181,47.694],[20.9268,47.6961],[20.9273,47.6955],[20.931,47.6954],[20.9347,47.6939],[20.9354,47.6946],[20.934,47.6984],[20.9328,47.7016],[20.9341,47.7048],[20.9367,47.707],[20.9403,47.7085],[20.9436,47.7109],[20.9455,47.7104],[20.9505,47.7167],[20.952,47.716],[20.9534,47.7167],[20.9609,47.7185],[20.9675,47.7193],[20.9844,47.7176],[20.9872,47.7177],[20.993,47.7187],[20.9969,47.7206],[20.9988,47.7222],[21.0003,47.7243],[21.0008,47.7297],[20.9987,47.7318],[20.9955,47.7333],[20.9968,47.7351],[20.9961,47.7357],[20.9968,47.7362],[20.9976,47.7361],[20.9958,47.7379],[21.0024,47.7423],[21.0033,47.7429],[21.013,47.7369]]]}},{"type":"Feature","properties":{"id":"0906","name":"Hajdú-Bihar vármegye 06. OEVK","regionId":"hajdu","center":"Hajdúböszörmény"},"geometry":{"type":"Polygon","coordinates":[[[21.1756,47.9629],[21.184,47.9574],[21.1867,47.9578],[21.1874,47.957],[21.1906,47.9571],[21.1942,47.9577],[21.1962,47.957],[21.2,47.9546],[21.2111,47.9497],[21.222,47.9439],[21.227,47.9427],[21.2318,47.9407],[21.2341,47.9347],[21.2404,47.9306],[21.2476,47.9286],[21.2533,47.9275],[21.2617,47.9243],[21.2618,47.9215],[21.2631,47.9187],[21.2617,47.9119],[21.2649,47.9094],[21.2708,47.9048],[21.2729,47.9052],[21.2977,47.9102],[21.3042,47.9129],[21.3043,47.9161],[21.3202,47.9199],[21.3487,47.9216],[21.3561,47.9215],[21.3571,47.9198],[21.3589,47.9191],[21.3617,47.9186],[21.3708,47.9183],[21.3761,47.919],[21.3812,47.9209],[21.3878,47.9199],[21.3929,47.9203],[21.3946,47.9198],[21.4004,47.9204],[21.4028,47.9204],[21.4047,47.9211],[21.414,47.9206],[21.4167,47.9222],[21.421,47.922],[21.4301,47.9227],[21.4311,47.9285],[21.4383,47.9273],[21.4533,47.9283],[21.4658,47.9268],[21.4725,47.9257],[21.4827,47.9261],[21.4971,47.9256],[21.4998,47.9339],[21.5088,47.9345],[21.5099,47.9344],[21.5099,47.934],[21.5113,47.9337],[21.5137,47.9367],[21.5161,47.9412],[21.5196,47.9411],[21.5237,47.9406],[21.5331,47.9379],[21.5455,47.935],[21.559,47.931],[21.5659,47.9297],[21.5601,47.9219],[21.5577,47.916],[21.5573,47.9141],[21.5536,47.9057],[21.5561,47.8962],[21.5545,47.8896],[21.5625,47.8881],[21.5662,47.8883],[21.5628,47.8851],[21.5562,47.8752],[21.5559,47.8691],[21.5542,47.8664],[21.5545,47.8648],[21.5521,47.8548],[21.5518,47.8499],[21.5487,47.8403],[21.547,47.8321],[21.5449,47.8258],[21.545,47.8231],[21.5444,47.8179],[21.5451,47.8121],[21.5446,47.7979],[21.5416,47.7903],[21.5464,47.7891],[21.5602,47.7838],[21.5633,47.7831],[21.5744,47.7792],[21.578,47.7784],[21.5903,47.7737],[21.5898,47.7727],[21.5888,47.7727],[21.5869,47.7718],[21.5844,47.7715],[21.5744,47.771],[21.5675,47.7702],[21.5568,47.7707],[21.5598,47.7667],[21.5661,47.7606],[21.5747,47.7546],[21.5809,47.7494],[21.5844,47.7455],[21.5873,47.7405],[21.5889,47.7348],[21.5905,47.7337],[21.5962,47.7324],[21.5987,47.7304],[21.5744,47.721],[21.5656,47.7148],[21.564,47.7106],[21.5702,47.7005],[21.571,47.6999],[21.5865,47.6961],[21.5902,47.6956],[21.5938,47.6938],[21.6026,47.6916],[21.6096,47.689],[21.6169,47.6879],[21.6169,47.6803],[21.6189,47.674],[21.6193,47.6683],[21.621,47.6648],[21.6229,47.6628],[21.6228,47.6617],[21.6217,47.6537],[21.6132,47.6424],[21.6153,47.6403],[21.6202,47.6377],[21.6208,47.6363],[21.6231,47.6348],[21.6261,47.6339],[21.6288,47.6342],[21.6305,47.6348],[21.6303,47.6322],[21.629,47.6279],[21.6281,47.6282],[21.6156,47.6243],[21.6131,47.6231],[21.6106,47.6206],[21.6075,47.6209],[21.6022,47.6199],[21.5998,47.619],[21.5969,47.617],[21.5917,47.6155],[21.5895,47.6145],[21.5897,47.6141],[21.5853,47.6131],[21.5834,47.6131],[21.5786,47.6123],[21.5767,47.6128],[21.5712,47.6132],[21.5702,47.6139],[21.5677,47.6132],[21.5642,47.6111],[21.5613,47.6105],[21.5386,47.6081],[21.5181,47.6017],[21.5007,47.6002],[21.4847,47.6024],[21.4841,47.5981],[21.4709,47.5995],[21.47,47.5993],[21.4689,47.5976],[21.4684,47.5975],[21.464,47.5901],[21.4633,47.5879],[21.4595,47.5837],[21.4506,47.5682],[21.4373,47.5706],[21.4336,47.572],[21.4214,47.5728],[21.4004,47.5735],[21.3779,47.5751],[21.3656,47.5752],[21.3606,47.5766],[21.3561,47.5774],[21.3465,47.5736],[21.3357,47.5722],[21.3327,47.567],[21.3301,47.5649],[21.3269,47.5649],[21.3234,47.564],[21.255,47.5798],[21.2441,47.5765],[21.2164,47.596],[21.2264,47.5981],[21.2385,47.6012],[21.2391,47.601],[21.2805,47.6097],[21.2776,47.6117],[21.2738,47.6129],[21.2712,47.6131],[21.2708,47.6143],[21.3078,47.6326],[21.2983,47.6473],[21.2942,47.651],[21.2895,47.6514],[21.2883,47.6517],[21.2834,47.6547],[21.2478,47.6735],[21.2453,47.6751],[21.2334,47.6789],[21.2322,47.6786],[21.234,47.6763],[21.2347,47.6734],[21.2336,47.671],[21.2306,47.6686],[21.223,47.6652],[21.2221,47.6651],[21.2176,47.6627],[21.2075,47.6598],[21.1902,47.6479],[21.1867,47.6458],[21.1846,47.6453],[21.1833,47.6438],[21.1797,47.6424],[21.1785,47.6415],[21.1741,47.6408],[21.1724,47.6416],[21.1712,47.6449],[21.1685,47.6479],[21.1675,47.6501],[21.1654,47.6522],[21.1611,47.6539],[21.1522,47.6557],[21.1513,47.6575],[21.1575,47.6889],[21.1511,47.6879],[21.1418,47.6876],[21.1208,47.6896],[21.1084,47.695],[21.102,47.6961],[21.0953,47.6998],[21.0892,47.7009],[21.0788,47.7076],[21.0776,47.708],[21.078,47.7157],[21.0775,47.7176],[21.0765,47.7187],[21.0728,47.7206],[21.0697,47.7221],[21.0648,47.7235],[21.058,47.7246],[21.056,47.7255],[21.0524,47.7258],[21.0481,47.7276],[21.0426,47.729],[21.0406,47.7301],[21.0282,47.7323],[21.0169,47.736],[21.0114,47.735],[21.0112,47.7355],[21.013,47.7369],[21.0033,47.7429],[21.0024,47.7423],[20.9996,47.7434],[20.9979,47.7446],[20.9969,47.7464],[20.9965,47.7497],[20.9996,47.753],[21.0076,47.7572],[21.0137,47.7582],[21.0217,47.758],[21.0252,47.757],[21.0286,47.7547],[21.0304,47.7527],[21.0312,47.7499],[21.0327,47.7476],[21.0337,47.7469],[21.0359,47.7463],[21.0441,47.7595],[21.0435,47.76],[21.0416,47.7603],[21.0419,47.7622],[21.0446,47.7654],[21.0453,47.7655],[21.0472,47.7646],[21.0528,47.7736],[21.0531,47.7741],[21.0527,47.7743],[21.0497,47.775],[21.0487,47.7756],[21.0482,47.7767],[21.0494,47.7784],[21.0504,47.7787],[21.0536,47.7784],[21.0554,47.7777],[21.0606,47.786],[21.0597,47.7878],[21.0598,47.7888],[21.061,47.7897],[21.0649,47.7898],[21.0662,47.7905],[21.0654,47.7937],[21.0672,47.7961],[21.0673,47.7969],[21.0669,47.798],[21.0654,47.7996],[21.0654,47.8002],[21.0669,47.8016],[21.0677,47.8044],[21.07,47.8054],[21.071,47.8066],[21.0711,47.8071],[21.0697,47.8079],[21.07,47.8091],[21.0809,47.8205],[21.0817,47.8208],[21.0793,47.8229],[21.0786,47.8247],[21.0758,47.8314],[21.0764,47.8339],[21.0752,47.8343],[21.0739,47.8341],[21.0723,47.8345],[21.0712,47.8358],[21.0682,47.8363],[21.0613,47.8427],[21.0585,47.846],[21.0615,47.847],[21.0611,47.8484],[21.0577,47.8503],[21.0519,47.8517],[21.0527,47.8532],[21.0561,47.854],[21.0582,47.8574],[21.0614,47.8594],[21.0701,47.858],[21.0715,47.8582],[21.0717,47.8593],[21.071,47.8608],[21.07,47.8612],[21.0712,47.8619],[21.0761,47.8639],[21.0824,47.8642],[21.0848,47.8737],[21.0851,47.8794],[21.0865,47.8857],[21.0859,47.8858],[21.0849,47.8872],[21.0834,47.8903],[21.0917,47.896],[21.0968,47.9026],[21.101,47.9039],[21.1041,47.9042],[21.1079,47.905],[21.1144,47.9052],[21.1215,47.9073],[21.1214,47.9094],[21.1248,47.9147],[21.1249,47.916],[21.1238,47.9178],[21.1216,47.9187],[21.1102,47.9178],[21.1096,47.9182],[21.1081,47.9181],[21.1057,47.92],[21.104,47.9217],[21.1037,47.9236],[21.103,47.9236],[21.103,47.9199],[21.1011,47.9189],[21.097,47.9171],[21.0941,47.9191],[21.0939,47.9186],[21.0911,47.9183],[21.0913,47.9208],[21.0921,47.9227],[21.0932,47.9248],[21.0948,47.926],[21.0976,47.9272],[21.1079,47.93],[21.1107,47.9316],[21.1125,47.9335],[21.1134,47.9352],[21.115,47.9428],[21.1222,47.9618],[21.1277,47.9575],[21.1346,47.9613],[21.1461,47.9534],[21.1474,47.9542],[21.1487,47.956],[21.1515,47.9621],[21.151,47.9622],[21.151,47.9634],[21.1517,47.9649],[21.1756,47.9629]]]}},{"type":"Feature","properties":{"id":"1401","name":"Pest vármegye 01. OEVK","regionId":"pest","center":"Érd"},"geometry":{"type":"Polygon","coordinates":[[[18.7895,47.4257],[18.7946,47.4257],[18.7992,47.4278],[18.8099,47.4311],[18.8139,47.4315],[18.8208,47.4333],[18.8357,47.4332],[18.8471,47.4295],[18.8606,47.4326],[18.8671,47.435],[18.8673,47.4314],[18.8722,47.4314],[18.8715,47.4302],[18.8718,47.4299],[18.8731,47.4328],[18.8724,47.4354],[18.8691,47.4374],[18.8657,47.4377],[18.864,47.4384],[18.8633,47.4382],[18.8518,47.4477],[18.8598,47.4538],[18.8575,47.4562],[18.8624,47.4594],[18.8601,47.4622],[18.8566,47.4638],[18.8577,47.4654],[18.8569,47.4657],[18.8588,47.4701],[18.8613,47.4695],[18.8659,47.4676],[18.8742,47.4617],[18.8764,47.4594],[18.8806,47.452],[18.8851,47.4553],[18.8898,47.4597],[18.9038,47.455],[18.9054,47.4548],[18.908,47.4537],[18.9143,47.4527],[18.9181,47.4529],[18.9189,47.4513],[18.9238,47.45],[18.9322,47.4489],[18.9391,47.4491],[18.9482,47.4484],[18.9546,47.447],[18.9575,47.4466],[18.9582,47.4469],[18.9611,47.4392],[18.9634,47.4356],[18.9686,47.4296],[18.9697,47.4269],[18.957,47.4186],[18.9568,47.4143],[18.9614,47.4052],[18.9624,47.3993],[18.9541,47.3971],[18.9522,47.3956],[18.9515,47.394],[18.9513,47.3926],[18.9521,47.389],[18.9549,47.3836],[18.9536,47.3832],[18.9535,47.3829],[18.9545,47.3812],[18.9553,47.3782],[18.9572,47.3759],[18.9624,47.3726],[18.9583,47.3695],[18.954,47.3642],[18.9504,47.3574],[18.9495,47.3539],[18.9495,47.3468],[18.9515,47.3414],[18.9283,47.3394],[18.9156,47.3338],[18.9122,47.3373],[18.903,47.3491],[18.8984,47.3403],[18.8925,47.332],[18.8918,47.3316],[18.8912,47.3294],[18.8916,47.322],[18.8766,47.3184],[18.8678,47.3146],[18.8666,47.3152],[18.8621,47.3205],[18.8541,47.3271],[18.8479,47.3321],[18.8418,47.3359],[18.8339,47.34],[18.8319,47.3389],[18.8301,47.34],[18.8254,47.3429],[18.8115,47.3537],[18.8072,47.3584],[18.8079,47.3589],[18.8046,47.3632],[18.8004,47.3665],[18.7945,47.3702],[18.7928,47.3714],[18.7919,47.3709],[18.7908,47.3719],[18.7843,47.3805],[18.7799,47.3874],[18.7759,47.3905],[18.7651,47.3971],[18.7622,47.4],[18.7572,47.4033],[18.7602,47.4087],[18.7635,47.4128],[18.7704,47.4169],[18.7763,47.4184],[18.7895,47.4257]]]}},{"type":"Feature","properties":{"id":"1001","name":"Heves vármegye 01. OEVK","regionId":"heves","center":"Eger"},"geometry":{"type":"Polygon","coordinates":[[[20.4195,48.0478],[20.4203,48.0481],[20.4231,48.0481],[20.4246,48.0489],[20.4261,48.0487],[20.4271,48.0492],[20.4304,48.0479],[20.4307,48.0498],[20.4342,48.0508],[20.4344,48.0526],[20.4376,48.053],[20.4398,48.0524],[20.4416,48.0525],[20.4429,48.0519],[20.4433,48.0549],[20.4454,48.055],[20.446,48.0559],[20.4472,48.0557],[20.4507,48.0563],[20.4539,48.055],[20.4557,48.0551],[20.4567,48.0547],[20.4572,48.0557],[20.4591,48.0553],[20.4601,48.056],[20.4615,48.0561],[20.4627,48.0578],[20.4629,48.0593],[20.4641,48.0602],[20.4661,48.0607],[20.4712,48.06],[20.4784,48.0586],[20.481,48.0567],[20.4805,48.0547],[20.4816,48.0509],[20.483,48.0492],[20.4832,48.048],[20.4889,48.0443],[20.4913,48.0436],[20.4925,48.0408],[20.4917,48.038],[20.4902,48.0366],[20.4899,48.0351],[20.4916,48.0327],[20.4918,48.0314],[20.4903,48.0289],[20.4892,48.0281],[20.489,48.0271],[20.4904,48.0256],[20.4906,48.0239],[20.49,48.0228],[20.4886,48.0219],[20.4888,48.0208],[20.4879,48.0201],[20.4846,48.019],[20.4856,48.0155],[20.4836,48.0152],[20.4833,48.0133],[20.482,48.0112],[20.4817,48.0087],[20.4802,48.0065],[20.4796,48.0029],[20.4824,47.9989],[20.4812,47.9959],[20.4812,47.995],[20.4797,47.9939],[20.479,47.9923],[20.4777,47.9917],[20.474,47.991],[20.471,47.9916],[20.4614,47.9759],[20.4611,47.974],[20.4599,47.9731],[20.4584,47.9726],[20.4538,47.9726],[20.4537,47.9719],[20.4522,47.971],[20.4516,47.97],[20.4513,47.9684],[20.4545,47.9673],[20.4574,47.9651],[20.4614,47.9638],[20.4633,47.9619],[20.4668,47.961],[20.4695,47.9588],[20.4733,47.9575],[20.4771,47.9531],[20.481,47.9508],[20.4877,47.949],[20.4922,47.9465],[20.4985,47.9412],[20.501,47.942],[20.5033,47.9406],[20.5075,47.9414],[20.511,47.9412],[20.5121,47.9399],[20.5176,47.9287],[20.5118,47.9276],[20.5112,47.9247],[20.5068,47.9237],[20.5061,47.923],[20.5041,47.9229],[20.5021,47.9216],[20.4981,47.9219],[20.4939,47.9202],[20.4972,47.918],[20.4946,47.9166],[20.4931,47.9152],[20.4976,47.9108],[20.4996,47.9071],[20.4974,47.906],[20.4944,47.9071],[20.4931,47.908],[20.4914,47.9081],[20.4858,47.9054],[20.4827,47.9051],[20.4809,47.9041],[20.477,47.9072],[20.4738,47.909],[20.4733,47.91],[20.4708,47.9102],[20.4679,47.9105],[20.4652,47.9093],[20.464,47.9092],[20.4628,47.9087],[20.4618,47.9065],[20.4618,47.9048],[20.4524,47.9021],[20.451,47.9002],[20.4481,47.8988],[20.4498,47.8968],[20.4497,47.8899],[20.4552,47.8839],[20.4579,47.879],[20.4599,47.8785],[20.4611,47.8759],[20.4642,47.8741],[20.467,47.874],[20.4842,47.8704],[20.4902,47.8697],[20.4943,47.8687],[20.496,47.8679],[20.5008,47.8653],[20.5031,47.8631],[20.5061,47.8559],[20.5065,47.853],[20.5085,47.8483],[20.5119,47.8437],[20.5128,47.8415],[20.513,47.8384],[20.5114,47.8279],[20.5056,47.8219],[20.5035,47.8205],[20.5038,47.8189],[20.5016,47.8194],[20.5027,47.8137],[20.5018,47.813],[20.5015,47.8114],[20.5027,47.8065],[20.5056,47.8034],[20.507,47.803],[20.5064,47.8019],[20.508,47.8002],[20.5076,47.799],[20.5085,47.7984],[20.5103,47.7983],[20.5127,47.7975],[20.5127,47.7966],[20.5151,47.7957],[20.5159,47.7946],[20.5199,47.7916],[20.5205,47.7892],[20.5216,47.7881],[20.5201,47.7864],[20.5237,47.7839],[20.5246,47.7819],[20.5287,47.7771],[20.5313,47.7732],[20.5334,47.7726],[20.5376,47.7735],[20.5415,47.7731],[20.5421,47.7725],[20.5424,47.7699],[20.5453,47.7671],[20.5447,47.7671],[20.5456,47.7663],[20.5503,47.7662],[20.5548,47.7627],[20.5556,47.7629],[20.5557,47.7634],[20.5561,47.7633],[20.5565,47.7621],[20.5561,47.7618],[20.5571,47.7614],[20.5574,47.7618],[20.5589,47.7614],[20.5584,47.7606],[20.5592,47.7608],[20.5602,47.7604],[20.5595,47.7594],[20.5608,47.7587],[20.5606,47.7581],[20.5616,47.7575],[20.5612,47.7571],[20.5621,47.7564],[20.5733,47.7518],[20.576,47.7514],[20.5774,47.7508],[20.5889,47.7431],[20.596,47.7401],[20.5932,47.7383],[20.5898,47.7351],[20.5835,47.7317],[20.5817,47.73],[20.5813,47.7301],[20.5778,47.7268],[20.5783,47.726],[20.5776,47.7238],[20.5749,47.7221],[20.5707,47.7185],[20.5693,47.7183],[20.5689,47.7178],[20.5707,47.7163],[20.5736,47.7153],[20.5734,47.7144],[20.5778,47.7116],[20.579,47.712],[20.5802,47.711],[20.5843,47.713],[20.5892,47.7112],[20.5896,47.71],[20.5891,47.7081],[20.5907,47.707],[20.5946,47.7063],[20.5961,47.7043],[20.5965,47.7035],[20.5983,47.7013],[20.6028,47.6983],[20.6083,47.6963],[20.6167,47.6955],[20.6335,47.6907],[20.6378,47.6872],[20.6414,47.6864],[20.6494,47.6856],[20.6534,47.6873],[20.6641,47.687],[20.6729,47.6861],[20.6769,47.6943],[20.6843,47.6883],[20.6879,47.6868],[20.6935,47.6876],[20.6992,47.6889],[20.7041,47.6909],[20.7061,47.6901],[20.7094,47.69],[20.7109,47.6886],[20.7122,47.6882],[20.7187,47.6862],[20.724,47.6824],[20.7255,47.6798],[20.7281,47.6788],[20.7415,47.6707],[20.7419,47.6697],[20.743,47.6692],[20.7442,47.6679],[20.7457,47.6673],[20.7475,47.6677],[20.7506,47.6675],[20.7536,47.6665],[20.7557,47.6647],[20.7596,47.6596],[20.7621,47.6573],[20.7667,47.6556],[20.7717,47.6545],[20.7695,47.6522],[20.7665,47.6503],[20.7619,47.644],[20.7601,47.6425],[20.7571,47.6411],[20.7538,47.6406],[20.7505,47.6406],[20.7413,47.6424],[20.7335,47.643],[20.7316,47.6428],[20.7301,47.6424],[20.7267,47.6401],[20.7203,47.6377],[20.7164,47.6352],[20.7147,47.6324],[20.7148,47.6293],[20.7162,47.6266],[20.7201,47.6221],[20.7202,47.6197],[20.7192,47.6176],[20.7164,47.6145],[20.7159,47.6134],[20.717,47.6098],[20.7172,47.6073],[20.7154,47.6062],[20.7096,47.6053],[20.7021,47.6034],[20.6999,47.6023],[20.6972,47.5998],[20.6964,47.5983],[20.6961,47.5963],[20.6968,47.594],[20.698,47.5925],[20.7001,47.5911],[20.7068,47.5898],[20.7077,47.5893],[20.7087,47.5881],[20.7089,47.5848],[20.707,47.579],[20.7038,47.5759],[20.7008,47.5742],[20.6921,47.5705],[20.6874,47.5694],[20.6811,47.5688],[20.6774,47.569],[20.6668,47.5707],[20.6643,47.5706],[20.6637,47.5697],[20.6668,47.5653],[20.6681,47.5619],[20.6686,47.5568],[20.6677,47.5549],[20.6665,47.5535],[20.6642,47.5523],[20.6553,47.5497],[20.6455,47.5448],[20.6396,47.5424],[20.6253,47.539],[20.6124,47.5344],[20.6105,47.5353],[20.6096,47.5351],[20.604,47.5309],[20.6024,47.5301],[20.6011,47.5302],[20.5963,47.5272],[20.5941,47.5265],[20.5934,47.5247],[20.5912,47.5226],[20.5847,47.5208],[20.5806,47.5164],[20.5787,47.515],[20.5601,47.5095],[20.5487,47.5077],[20.541,47.5049],[20.5405,47.5066],[20.5391,47.5083],[20.532,47.514],[20.4919,47.5488],[20.488,47.5512],[20.4822,47.5522],[20.4594,47.5542],[20.444,47.5766],[20.4411,47.5808],[20.4364,47.5791],[20.4402,47.5735],[20.4049,47.5604],[20.3983,47.5637],[20.393,47.5671],[20.3924,47.57],[20.3927,47.5712],[20.3916,47.5731],[20.3899,47.5748],[20.3874,47.5758],[20.3831,47.5754],[20.3786,47.5779],[20.3731,47.5839],[20.3697,47.5852],[20.3529,47.589],[20.3458,47.5916],[20.3484,47.5951],[20.3457,47.5968],[20.3416,47.5985],[20.3376,47.601],[20.3294,47.6087],[20.3262,47.6107],[20.3206,47.6132],[20.3139,47.6191],[20.323,47.6266],[20.3298,47.637],[20.3393,47.6324],[20.3417,47.6332],[20.3437,47.6333],[20.3469,47.6344],[20.3478,47.6352],[20.3572,47.6373],[20.3606,47.6391],[20.3639,47.6401],[20.3681,47.6432],[20.374,47.643],[20.3793,47.6555],[20.3796,47.6577],[20.3804,47.6589],[20.3824,47.6601],[20.3834,47.662],[20.3865,47.6629],[20.389,47.6668],[20.3921,47.6688],[20.3964,47.6708],[20.4016,47.67],[20.4043,47.6704],[20.408,47.6717],[20.4114,47.6734],[20.4091,47.676],[20.4084,47.6797],[20.384,47.6767],[20.3823,47.6797],[20.3814,47.6806],[20.3861,47.6835],[20.3883,47.6859],[20.3755,47.6855],[20.3632,47.6958],[20.361,47.6993],[20.3699,47.7059],[20.3691,47.7071],[20.3681,47.7155],[20.3662,47.7179],[20.3645,47.7239],[20.3531,47.7211],[20.3276,47.7474],[20.324,47.7508],[20.3216,47.7523],[20.3142,47.7565],[20.3056,47.7613],[20.3024,47.7639],[20.2996,47.7691],[20.2952,47.7807],[20.3074,47.7883],[20.3078,47.7929],[20.3077,47.7935],[20.3062,47.8037],[20.3045,47.807],[20.3012,47.8102],[20.3004,47.8146],[20.2978,47.8163],[20.298,47.818],[20.2967,47.82],[20.2912,47.8256],[20.2899,47.8279],[20.2903,47.83],[20.2888,47.8342],[20.289,47.8359],[20.2883,47.8371],[20.2878,47.8378],[20.2859,47.8387],[20.2849,47.8399],[20.2832,47.8408],[20.2808,47.8461],[20.2709,47.8544],[20.2678,47.858],[20.2656,47.864],[20.2619,47.8678],[20.2615,47.8723],[20.2609,47.8736],[20.258,47.8759],[20.2567,47.8781],[20.2496,47.8857],[20.249,47.8889],[20.2467,47.8912],[20.2444,47.8944],[20.2444,47.8972],[20.2428,47.901],[20.2424,47.9038],[20.2394,47.9077],[20.2406,47.9123],[20.2512,47.916],[20.2534,47.9175],[20.2522,47.9196],[20.2526,47.9206],[20.2503,47.9229],[20.2467,47.9248],[20.2465,47.9254],[20.2476,47.9265],[20.2481,47.9297],[20.2461,47.9326],[20.2447,47.9337],[20.2456,47.9344],[20.2453,47.9355],[20.2478,47.9378],[20.2494,47.9415],[20.2509,47.9426],[20.2502,47.9437],[20.2472,47.9455],[20.248,47.9483],[20.2502,47.95],[20.2513,47.952],[20.2512,47.9524],[20.2481,47.9547],[20.2484,47.9559],[20.2505,47.9571],[20.2517,47.9602],[20.2557,47.9617],[20.2673,47.9631],[20.2768,47.9647],[20.2778,47.9645],[20.2882,47.9657],[20.3079,47.9661],[20.3155,47.967],[20.3115,47.9712],[20.3107,47.9762],[20.3086,47.9804],[20.3068,47.9816],[20.307,47.9823],[20.3105,47.9869],[20.3131,47.9885],[20.3166,47.9914],[20.3182,47.9916],[20.3185,47.993],[20.319,47.9938],[20.3209,47.9941],[20.3196,47.9943],[20.3189,47.9953],[20.3191,47.9965],[20.3209,47.9977],[20.3213,47.9985],[20.3208,48.0002],[20.3196,48.0013],[20.3172,48.0014],[20.3164,48.0027],[20.3169,48.0027],[20.3177,48.0042],[20.3213,48.005],[20.323,48.0042],[20.3245,48.0043],[20.3277,48.0057],[20.3324,48.0034],[20.3324,48.0029],[20.334,48.0017],[20.3361,48.0045],[20.3397,48.0065],[20.3401,48.0078],[20.3594,48.0014],[20.3728,47.9977],[20.3749,47.998],[20.3762,47.9974],[20.3805,47.9965],[20.3829,47.9974],[20.385,47.9971],[20.3859,47.9989],[20.3855,47.9996],[20.3882,48.0002],[20.3883,48.0016],[20.3901,48.0033],[20.3913,48.0126],[20.39,48.016],[20.3871,48.0193],[20.3852,48.0265],[20.381,48.0302],[20.3811,48.0329],[20.3835,48.036],[20.3857,48.0373],[20.3862,48.0383],[20.386,48.0389],[20.3901,48.0404],[20.3901,48.0427],[20.3913,48.0432],[20.3999,48.0449],[20.4014,48.0458],[20.4058,48.0467],[20.4065,48.0463],[20.4093,48.0466],[20.4121,48.0475],[20.4129,48.0482],[20.4152,48.0469],[20.4159,48.0457],[20.4156,48.0452],[20.4173,48.0452],[20.4195,48.0461],[20.4192,48.0475],[20.4195,48.0478]]]}},{"type":"Feature","properties":{"id":"1402","name":"Pest vármegye 02. OEVK","regionId":"pest","center":"Budakeszi"},"geometry":{"type":"Polygon","coordinates":[[[18.8648,47.6511],[18.866,47.6471],[18.8646,47.6386],[18.8646,47.6356],[18.864,47.6346],[18.8661,47.6313],[18.8582,47.6236],[18.8562,47.6209],[18.8632,47.6189],[18.8708,47.6185],[18.8764,47.6166],[18.8805,47.6157],[18.8825,47.6177],[18.8886,47.6163],[18.8883,47.6159],[18.8942,47.6138],[18.8982,47.6118],[18.9027,47.6106],[18.9125,47.6091],[18.9121,47.6062],[18.9138,47.6057],[18.9152,47.6064],[18.9193,47.6061],[18.9231,47.605],[18.9241,47.6066],[18.9262,47.606],[18.9282,47.6047],[18.9318,47.6037],[18.9343,47.6035],[18.94,47.6044],[18.9443,47.6045],[18.9506,47.6022],[18.9541,47.6072],[18.9565,47.6092],[18.9584,47.6068],[18.9763,47.5963],[18.9782,47.5962],[18.9803,47.5944],[18.9864,47.5909],[18.9888,47.589],[18.9934,47.5876],[18.997,47.5858],[18.9939,47.584],[18.9898,47.5852],[18.9834,47.5886],[18.9776,47.5852],[18.9847,47.5833],[18.9836,47.5825],[18.9839,47.5811],[18.9768,47.5748],[18.9778,47.5732],[18.9759,47.5733],[18.9737,47.5744],[18.968,47.5761],[18.9633,47.5762],[18.9548,47.5778],[18.9531,47.5774],[18.9486,47.5776],[18.9432,47.5786],[18.9394,47.5755],[18.9294,47.5718],[18.9382,47.5572],[18.9336,47.5559],[18.9384,47.5531],[18.9405,47.5528],[18.9409,47.5521],[18.9405,47.5516],[18.9409,47.5508],[18.9403,47.5503],[18.9338,47.5466],[18.9326,47.546],[18.9307,47.5459],[18.928,47.5442],[18.9261,47.5435],[18.9265,47.5428],[18.9288,47.5419],[18.9358,47.5434],[18.9359,47.5434],[18.9355,47.5392],[18.9348,47.5375],[18.934,47.5354],[18.9344,47.5331],[18.9337,47.5315],[18.9345,47.5305],[18.9353,47.5226],[18.9303,47.5246],[18.929,47.5241],[18.9275,47.5243],[18.9268,47.5223],[18.9337,47.5207],[18.9351,47.5221],[18.9427,47.5188],[18.9448,47.5175],[18.9429,47.5172],[18.9397,47.5124],[18.9382,47.5124],[18.9384,47.5122],[18.9354,47.5093],[18.9338,47.5071],[18.9412,47.5049],[18.9443,47.5033],[18.9436,47.5022],[18.9439,47.5012],[18.9455,47.4993],[18.9444,47.4982],[18.945,47.4978],[18.9446,47.497],[18.9399,47.4978],[18.9359,47.4915],[18.9417,47.4885],[18.9415,47.487],[18.9471,47.4824],[18.9523,47.4843],[18.9551,47.4863],[18.9637,47.4823],[18.9673,47.4797],[18.9703,47.4761],[18.9789,47.4689],[18.9827,47.4607],[18.981,47.4553],[18.9768,47.4552],[18.9757,47.4541],[18.97,47.4512],[18.9718,47.4498],[18.9774,47.4473],[18.9785,47.4472],[18.9779,47.4453],[18.979,47.4413],[18.9791,47.4378],[18.9774,47.4319],[18.9762,47.4301],[18.9744,47.4295],[18.9697,47.4269],[18.9686,47.4296],[18.9634,47.4356],[18.9611,47.4392],[18.9582,47.4469],[18.9575,47.4466],[18.9546,47.447],[18.9482,47.4484],[18.9391,47.4491],[18.9322,47.4489],[18.9238,47.45],[18.9189,47.4513],[18.9181,47.4529],[18.9143,47.4527],[18.908,47.4537],[18.9054,47.4548],[18.9038,47.455],[18.8898,47.4597],[18.8851,47.4553],[18.8806,47.452],[18.8764,47.4594],[18.8742,47.4617],[18.8659,47.4676],[18.8613,47.4695],[18.8588,47.4701],[18.8569,47.4657],[18.8577,47.4654],[18.8566,47.4638],[18.8601,47.4622],[18.8624,47.4594],[18.8575,47.4562],[18.8598,47.4538],[18.8518,47.4477],[18.8633,47.4382],[18.864,47.4384],[18.8657,47.4377],[18.8691,47.4374],[18.8724,47.4354],[18.8731,47.4328],[18.8718,47.4299],[18.8715,47.4302],[18.8722,47.4314],[18.8673,47.4314],[18.8671,47.435],[18.8606,47.4326],[18.8471,47.4295],[18.8357,47.4332],[18.8208,47.4333],[18.8139,47.4315],[18.8099,47.4311],[18.7992,47.4278],[18.7946,47.4257],[18.7895,47.4257],[18.7871,47.4323],[18.7907,47.4353],[18.7884,47.438],[18.7861,47.4442],[18.7868,47.4508],[18.7856,47.4569],[18.7817,47.4625],[18.7801,47.4662],[18.7713,47.4724],[18.7676,47.4757],[18.7624,47.4781],[18.7609,47.4802],[18.7599,47.4827],[18.7574,47.4858],[18.7573,47.4866],[18.7579,47.4869],[18.7577,47.4879],[18.7515,47.4924],[18.7468,47.4911],[18.7426,47.489],[18.7416,47.4889],[18.7407,47.4893],[18.7357,47.4902],[18.7337,47.4918],[18.7327,47.492],[18.7303,47.491],[18.7293,47.4913],[18.7273,47.4933],[18.725,47.4943],[18.7224,47.4964],[18.7245,47.4966],[18.7182,47.5046],[18.7107,47.5158],[18.6952,47.5323],[18.6961,47.5365],[18.6943,47.539],[18.6948,47.5449],[18.6922,47.5482],[18.6931,47.5522],[18.6947,47.5555],[18.7002,47.5605],[18.7005,47.5613],[18.6988,47.5661],[18.6938,47.5709],[18.6884,47.5771],[18.6945,47.5822],[18.698,47.5848],[18.7104,47.5911],[18.7171,47.5932],[18.7205,47.5949],[18.7215,47.5965],[18.7194,47.6],[18.7191,47.602],[18.7206,47.6085],[18.7332,47.6122],[18.7389,47.6146],[18.7431,47.6232],[18.7436,47.6235],[18.7473,47.6263],[18.7563,47.6297],[18.7581,47.6309],[18.7582,47.6316],[18.7613,47.6327],[18.7706,47.6382],[18.7721,47.637],[18.7821,47.6394],[18.7794,47.6412],[18.7777,47.6412],[18.7758,47.6436],[18.7756,47.6449],[18.7748,47.6455],[18.7748,47.6469],[18.7736,47.6483],[18.772,47.6487],[18.7681,47.6512],[18.762,47.6532],[18.7564,47.6559],[18.7477,47.6611],[18.7535,47.6605],[18.76,47.6589],[18.7663,47.6601],[18.7716,47.6602],[18.7736,47.6606],[18.7783,47.6607],[18.7789,47.6635],[18.7811,47.6668],[18.7796,47.671],[18.78,47.6709],[18.7938,47.6678],[18.8013,47.6641],[18.8116,47.6572],[18.8202,47.6565],[18.8292,47.6535],[18.8398,47.6551],[18.843,47.6565],[18.8497,47.6542],[18.8564,47.6534],[18.8648,47.6511]]]}},{"type":"Feature","properties":{"id":"1002","name":"Heves vármegye 02. OEVK","regionId":"heves","center":"Gyöngyös"},"geometry":{"type":"Polygon","coordinates":[[[20.4116,48.1509],[20.4158,48.1496],[20.4203,48.1508],[20.4279,48.1506],[20.4283,48.1501],[20.431,48.1509],[20.4328,48.151],[20.4342,48.1509],[20.4345,48.1502],[20.4376,48.1525],[20.44,48.1516],[20.4431,48.1511],[20.4463,48.1504],[20.4474,48.1508],[20.4493,48.1508],[20.45,48.1512],[20.4506,48.1504],[20.4529,48.1511],[20.4542,48.1506],[20.4555,48.1489],[20.4517,48.1478],[20.4515,48.1471],[20.4554,48.1454],[20.459,48.1447],[20.4618,48.1425],[20.4633,48.1408],[20.4655,48.1339],[20.4666,48.1328],[20.4678,48.1322],[20.4684,48.1311],[20.4742,48.1317],[20.4749,48.1302],[20.4758,48.1297],[20.4742,48.128],[20.4745,48.1272],[20.4766,48.127],[20.4777,48.1257],[20.4767,48.1244],[20.4766,48.1236],[20.4779,48.1216],[20.4777,48.1189],[20.4783,48.1176],[20.4788,48.1171],[20.4818,48.1164],[20.4831,48.1155],[20.483,48.1141],[20.4841,48.1125],[20.4833,48.1093],[20.4816,48.108],[20.4809,48.1052],[20.4815,48.1043],[20.4838,48.1035],[20.4848,48.103],[20.4848,48.1013],[20.4818,48.0979],[20.4818,48.0957],[20.4825,48.0945],[20.4863,48.0913],[20.4876,48.0894],[20.4916,48.0873],[20.4917,48.0862],[20.493,48.0847],[20.4941,48.0822],[20.4952,48.0814],[20.4956,48.0796],[20.4952,48.0777],[20.4969,48.0735],[20.5009,48.0685],[20.5021,48.0677],[20.5022,48.067],[20.5016,48.0647],[20.4998,48.0618],[20.491,48.0607],[20.4784,48.0586],[20.4712,48.06],[20.4661,48.0607],[20.4641,48.0602],[20.4629,48.0593],[20.4627,48.0578],[20.4615,48.0561],[20.4601,48.056],[20.4591,48.0553],[20.4572,48.0557],[20.4567,48.0547],[20.4557,48.0551],[20.4539,48.055],[20.4507,48.0563],[20.4472,48.0557],[20.446,48.0559],[20.4454,48.055],[20.4433,48.0549],[20.4429,48.0519],[20.4416,48.0525],[20.4398,48.0524],[20.4376,48.053],[20.4344,48.0526],[20.4342,48.0508],[20.4307,48.0498],[20.4304,48.0479],[20.4271,48.0492],[20.4261,48.0487],[20.4246,48.0489],[20.4231,48.0481],[20.4203,48.0481],[20.4195,48.0478],[20.4192,48.0475],[20.4195,48.0461],[20.4173,48.0452],[20.4156,48.0452],[20.4159,48.0457],[20.4152,48.0469],[20.4129,48.0482],[20.4121,48.0475],[20.4093,48.0466],[20.4065,48.0463],[20.4058,48.0467],[20.4014,48.0458],[20.3999,48.0449],[20.3913,48.0432],[20.3901,48.0427],[20.3901,48.0404],[20.386,48.0389],[20.3862,48.0383],[20.3857,48.0373],[20.3835,48.036],[20.3811,48.0329],[20.381,48.0302],[20.3852,48.0265],[20.3871,48.0193],[20.39,48.016],[20.3913,48.0126],[20.3901,48.0033],[20.3883,48.0016],[20.3882,48.0002],[20.3855,47.9996],[20.3859,47.9989],[20.385,47.9971],[20.3829,47.9974],[20.3805,47.9965],[20.3762,47.9974],[20.3749,47.998],[20.3728,47.9977],[20.3594,48.0014],[20.3401,48.0078],[20.3397,48.0065],[20.3361,48.0045],[20.334,48.0017],[20.3324,48.0029],[20.3324,48.0034],[20.3277,48.0057],[20.3245,48.0043],[20.323,48.0042],[20.3213,48.005],[20.3177,48.0042],[20.3169,48.0027],[20.3164,48.0027],[20.3172,48.0014],[20.3196,48.0013],[20.3208,48.0002],[20.3213,47.9985],[20.3209,47.9977],[20.3191,47.9965],[20.3189,47.9953],[20.3196,47.9943],[20.3209,47.9941],[20.319,47.9938],[20.3185,47.993],[20.3182,47.9916],[20.3166,47.9914],[20.3131,47.9885],[20.3105,47.9869],[20.307,47.9823],[20.3068,47.9816],[20.3086,47.9804],[20.3107,47.9762],[20.3115,47.9712],[20.3155,47.967],[20.3079,47.9661],[20.2882,47.9657],[20.2778,47.9645],[20.2768,47.9647],[20.2673,47.9631],[20.2557,47.9617],[20.2517,47.9602],[20.2505,47.9571],[20.2484,47.9559],[20.2481,47.9547],[20.2512,47.9524],[20.2513,47.952],[20.2502,47.95],[20.248,47.9483],[20.2472,47.9455],[20.2502,47.9437],[20.2509,47.9426],[20.2494,47.9415],[20.2478,47.9378],[20.2453,47.9355],[20.2456,47.9344],[20.2447,47.9337],[20.2461,47.9326],[20.2481,47.9297],[20.2476,47.9265],[20.2465,47.9254],[20.2467,47.9248],[20.2503,47.9229],[20.2526,47.9206],[20.2522,47.9196],[20.2534,47.9175],[20.2512,47.916],[20.2406,47.9123],[20.2394,47.9077],[20.2424,47.9038],[20.2428,47.901],[20.2444,47.8972],[20.2444,47.8944],[20.2467,47.8912],[20.249,47.8889],[20.2496,47.8857],[20.2567,47.8781],[20.258,47.8759],[20.2609,47.8736],[20.2615,47.8723],[20.2619,47.8678],[20.2656,47.864],[20.2678,47.858],[20.2709,47.8544],[20.2808,47.8461],[20.2832,47.8408],[20.2849,47.8399],[20.2859,47.8387],[20.2878,47.8378],[20.2883,47.8371],[20.289,47.8359],[20.2888,47.8342],[20.2903,47.83],[20.2899,47.8279],[20.2912,47.8256],[20.2967,47.82],[20.298,47.818],[20.2978,47.8163],[20.3004,47.8146],[20.3012,47.8102],[20.3045,47.807],[20.3062,47.8037],[20.3077,47.7935],[20.3078,47.7929],[20.3074,47.7883],[20.2952,47.7807],[20.2996,47.7691],[20.3024,47.7639],[20.3056,47.7613],[20.3142,47.7565],[20.3216,47.7523],[20.324,47.7508],[20.3276,47.7474],[20.3531,47.7211],[20.308,47.713],[20.2803,47.7059],[20.2751,47.6963],[20.2808,47.6942],[20.2834,47.6914],[20.2788,47.6899],[20.2748,47.6893],[20.2729,47.6936],[20.2681,47.6918],[20.2648,47.6888],[20.2553,47.6867],[20.2445,47.6854],[20.2425,47.6887],[20.2402,47.69],[20.2303,47.6921],[20.2282,47.6946],[20.2216,47.6926],[20.2219,47.6919],[20.215,47.6898],[20.2082,47.6983],[20.1955,47.7065],[20.1933,47.7075],[20.1953,47.7124],[20.2057,47.716],[20.2078,47.7195],[20.1939,47.7184],[20.1885,47.7308],[20.1865,47.7303],[20.183,47.7365],[20.158,47.7306],[20.1492,47.731],[20.1481,47.7314],[20.1441,47.7303],[20.1415,47.7335],[20.1259,47.7261],[20.1217,47.7257],[20.1172,47.7246],[20.1109,47.7295],[20.108,47.7324],[20.0979,47.7372],[20.0895,47.7438],[20.0734,47.7356],[20.0623,47.7325],[20.0584,47.7329],[20.0475,47.7426],[20.0465,47.7417],[20.0341,47.7461],[20.0344,47.7488],[20.0337,47.7505],[20.034,47.7511],[20.0307,47.7499],[20.0223,47.7497],[20.02,47.7489],[20.0136,47.7493],[20.0052,47.749],[19.9994,47.7493],[19.9907,47.7545],[19.9913,47.7548],[19.9901,47.7558],[19.9871,47.7546],[19.9883,47.7534],[19.9827,47.754],[19.9806,47.7545],[19.9742,47.7636],[19.973,47.7644],[19.9725,47.7663],[19.9702,47.7679],[19.9649,47.7681],[19.9538,47.7663],[19.9555,47.7635],[19.9531,47.7584],[19.9554,47.7544],[19.9545,47.7528],[19.9552,47.7521],[19.9606,47.7529],[19.9608,47.7524],[19.9617,47.7525],[19.9618,47.7523],[19.9646,47.7527],[19.9671,47.7526],[19.9632,47.7485],[19.9628,47.7461],[19.9637,47.7442],[19.9564,47.7444],[19.956,47.7403],[19.9588,47.7351],[19.9583,47.7348],[19.9584,47.734],[19.9529,47.733],[19.9518,47.7333],[19.9515,47.733],[19.9429,47.7325],[19.9421,47.7345],[19.9439,47.7349],[19.9437,47.7355],[19.9428,47.7374],[19.9413,47.7372],[19.9374,47.7455],[19.934,47.7449],[19.9337,47.7461],[19.9342,47.7463],[19.9341,47.7478],[19.9349,47.7481],[19.9433,47.7499],[19.9436,47.7494],[19.9458,47.7502],[19.9443,47.7514],[19.9439,47.7524],[19.9448,47.7525],[19.9451,47.7529],[19.9453,47.7533],[19.9445,47.7534],[19.9455,47.7552],[19.9379,47.7536],[19.9335,47.7536],[19.933,47.7586],[19.9335,47.762],[19.9342,47.7622],[19.9343,47.763],[19.9276,47.7632],[19.9272,47.7596],[19.9257,47.7596],[19.9252,47.7533],[19.9209,47.7526],[19.9199,47.7533],[19.9176,47.7531],[19.9106,47.7514],[19.9066,47.752],[19.8979,47.7513],[19.8946,47.7519],[19.8938,47.7526],[19.8936,47.7589],[19.8956,47.7599],[19.8894,47.7624],[19.8873,47.7642],[19.8898,47.7648],[19.8893,47.7669],[19.8965,47.7676],[19.8944,47.7741],[19.8878,47.7737],[19.8869,47.7756],[19.8863,47.7754],[19.8816,47.7791],[19.8709,47.7779],[19.8678,47.7797],[19.864,47.7802],[19.8613,47.779],[19.854,47.7823],[19.8546,47.783],[19.8491,47.7847],[19.8379,47.7893],[19.8355,47.7909],[19.8332,47.789],[19.8322,47.7891],[19.8308,47.7874],[19.8298,47.7874],[19.8289,47.788],[19.8276,47.7879],[19.8229,47.7828],[19.8222,47.7812],[19.8208,47.7804],[19.8194,47.7789],[19.8192,47.7757],[19.8156,47.7762],[19.81,47.7758],[19.8047,47.7728],[19.8019,47.7719],[19.7959,47.772],[19.7946,47.7717],[19.7919,47.7701],[19.7854,47.7874],[19.7833,47.7909],[19.7811,47.7923],[19.78,47.7938],[19.7787,47.7996],[19.7777,47.8017],[19.7778,47.8041],[19.7796,47.807],[19.7778,47.8087],[19.7738,47.8102],[19.7699,47.8128],[19.7641,47.8156],[19.7457,47.8235],[19.7338,47.8279],[19.7265,47.8299],[19.722,47.8305],[19.722,47.8346],[19.7228,47.8351],[19.7237,47.8371],[19.7261,47.8399],[19.7249,47.8406],[19.7247,47.8407],[19.7254,47.8411],[19.7278,47.841],[19.7298,47.8424],[19.7314,47.8455],[19.7318,47.8454],[19.7361,47.8502],[19.7417,47.853],[19.7436,47.8547],[19.7485,47.8576],[19.7505,47.8598],[19.7602,47.8646],[19.7626,47.8669],[19.7642,47.8695],[19.7632,47.8719],[19.7631,47.8756],[19.7636,47.8768],[19.7625,47.8802],[19.765,47.8822],[19.7665,47.8843],[19.7657,47.8864],[19.7658,47.8886],[19.7637,47.8891],[19.7594,47.8882],[19.7594,47.8911],[19.7615,47.8929],[19.7633,47.8932],[19.7656,47.8957],[19.7675,47.8965],[19.7672,47.901],[19.7679,47.9029],[19.7772,47.9047],[19.7786,47.9034],[19.7802,47.9031],[19.7828,47.9017],[19.7846,47.8996],[19.7962,47.8926],[19.7975,47.8911],[19.7975,47.8896],[19.8003,47.8874],[19.8021,47.8865],[19.8032,47.8867],[19.8044,47.8862],[19.807,47.8859],[19.8105,47.886],[19.813,47.8855],[19.8159,47.8843],[19.8163,47.8836],[19.8197,47.8815],[19.8194,47.8805],[19.8205,47.8801],[19.8241,47.8765],[19.8255,47.8756],[19.8267,47.8761],[19.8303,47.8745],[19.8312,47.8738],[19.8318,47.8741],[19.836,47.8744],[19.8382,47.8753],[19.8433,47.8764],[19.8475,47.8817],[19.8483,47.8829],[19.8483,47.8842],[19.8481,47.8856],[19.847,47.887],[19.8495,47.8902],[19.8545,47.8906],[19.8553,47.8909],[19.8411,47.9015],[19.8395,47.9014],[19.8381,47.9003],[19.8368,47.9002],[19.8367,47.8992],[19.835,47.8991],[19.8343,47.8999],[19.8328,47.8993],[19.8314,47.8985],[19.8344,47.8963],[19.8303,47.896],[19.8222,47.897],[19.8211,47.8976],[19.8206,47.8991],[19.8154,47.9019],[19.8131,47.9018],[19.809,47.9044],[19.8132,47.9072],[19.8139,47.9071],[19.8141,47.9073],[19.8094,47.9086],[19.8115,47.9133],[19.8108,47.9142],[19.8108,47.9162],[19.8097,47.9185],[19.8091,47.9228],[19.8101,47.9226],[19.8146,47.9233],[19.8163,47.9229],[19.8183,47.9243],[19.8182,47.9247],[19.8222,47.9264],[19.8248,47.9257],[19.8327,47.9277],[19.8338,47.9284],[19.8381,47.9289],[19.8399,47.9286],[19.8416,47.9292],[19.843,47.9292],[19.8472,47.928],[19.8493,47.928],[19.851,47.9291],[19.8525,47.9294],[19.8552,47.9289],[19.8582,47.9276],[19.861,47.9278],[19.8638,47.9273],[19.8654,47.9283],[19.8708,47.9303],[19.8773,47.9297],[19.8789,47.9305],[19.8811,47.9299],[19.8851,47.9242],[19.8878,47.9234],[19.8882,47.9226],[19.8951,47.917],[19.896,47.9173],[19.8999,47.9167],[19.9038,47.9182],[19.9079,47.9183],[19.9106,47.9189],[19.9118,47.9182],[19.9122,47.9167],[19.913,47.9162],[19.9155,47.9162],[19.9159,47.9195],[19.9164,47.9194],[19.9202,47.9237],[19.9203,47.9231],[19.9222,47.923],[19.9219,47.918],[19.9228,47.9184],[19.9229,47.9216],[19.9239,47.9223],[19.9276,47.9238],[19.9304,47.9238],[19.9318,47.9248],[19.9333,47.9253],[19.9327,47.926],[19.9331,47.9271],[19.9361,47.9309],[19.9363,47.932],[19.9349,47.9343],[19.9369,47.9359],[19.9379,47.939],[19.9398,47.9399],[19.9389,47.9416],[19.941,47.944],[19.944,47.9437],[19.9455,47.9439],[19.9467,47.9441],[19.9473,47.9449],[19.9501,47.9464],[19.9524,47.9468],[19.9582,47.9464],[19.9649,47.9482],[19.9679,47.9502],[19.9693,47.9538],[19.9692,47.9561],[19.9681,47.9574],[19.9678,47.9587],[19.9678,47.9629],[19.9673,47.964],[19.9651,47.9654],[19.9646,47.9661],[19.9637,47.9702],[19.9642,47.9715],[19.9654,47.9727],[19.9681,47.9735],[19.9758,47.9735],[19.977,47.9743],[19.9773,47.9758],[19.979,47.978],[19.9831,47.9791],[19.9839,47.9789],[19.9858,47.9792],[19.9864,47.98],[19.9865,47.982],[19.9813,47.9841],[19.9813,47.9854],[19.9802,47.9864],[19.9767,47.9874],[19.9756,47.989],[19.9757,47.991],[19.9767,47.9921],[19.98,47.9941],[19.9803,47.9962],[19.9799,47.9969],[19.9804,47.9982],[19.9821,47.9988],[19.9904,47.9992],[19.9961,48.0071],[19.9982,48.0066],[19.9978,48.006],[19.9997,48.0052],[20.0036,48.0043],[20.012,48.006],[20.0174,48.0054],[20.0193,48.0056],[20.0206,48.0064],[20.022,48.0063],[20.0225,48.0068],[20.0233,48.0068],[20.0243,48.0075],[20.0267,48.0082],[20.0316,48.0074],[20.0321,48.0094],[20.0306,48.0105],[20.0304,48.0113],[20.0282,48.013],[20.0266,48.013],[20.0268,48.0153],[20.024,48.0149],[20.0225,48.0153],[20.02,48.0152],[20.0187,48.0157],[20.0182,48.0167],[20.0161,48.0176],[20.0152,48.0185],[20.0152,48.0213],[20.0133,48.0243],[20.0135,48.026],[20.0131,48.0271],[20.0133,48.0286],[20.0156,48.0306],[20.0157,48.0312],[20.0137,48.0325],[20.0138,48.0341],[20.0127,48.0358],[20.0134,48.0377],[20.0104,48.0415],[20.0104,48.0421],[20.0134,48.0443],[20.0111,48.0456],[20.0106,48.0466],[20.0111,48.0478],[20.0103,48.0497],[20.0081,48.0518],[20.0093,48.0535],[20.0117,48.0541],[20.0136,48.0532],[20.018,48.0533],[20.0131,48.0554],[20.0138,48.0559],[20.0108,48.0572],[20.008,48.0567],[20.0083,48.0582],[20.0066,48.0589],[20.0058,48.0582],[20.0031,48.06],[20.0056,48.0609],[20.0038,48.0618],[20.0023,48.0606],[20.0018,48.0616],[19.9993,48.0619],[19.9973,48.063],[19.9952,48.0636],[19.9953,48.064],[19.9939,48.0652],[19.9943,48.0658],[19.9938,48.0663],[19.992,48.0663],[19.9935,48.0674],[19.9935,48.0678],[19.9897,48.0684],[19.9863,48.0701],[19.9859,48.0706],[19.9872,48.0714],[19.9865,48.0726],[19.9876,48.0736],[19.9867,48.0755],[19.9821,48.0754],[19.9803,48.077],[19.9775,48.0785],[19.9749,48.0775],[19.9734,48.0777],[19.9726,48.0782],[19.972,48.0796],[19.9721,48.0829],[19.9731,48.084],[19.9745,48.0843],[19.9736,48.0851],[19.973,48.0873],[19.9698,48.0879],[19.9684,48.0891],[19.9683,48.0898],[19.9691,48.0907],[19.9719,48.0911],[19.9763,48.0956],[19.9772,48.0957],[19.9781,48.0945],[19.9776,48.0938],[19.9784,48.0931],[19.9809,48.0924],[19.9836,48.0936],[19.9853,48.0933],[19.9891,48.0941],[19.9905,48.0967],[19.9911,48.0963],[19.9927,48.0969],[19.9954,48.0969],[19.9999,48.0991],[20.003,48.0997],[20.0039,48.1015],[20.0054,48.1021],[20.0092,48.1014],[20.0116,48.1023],[20.0153,48.1021],[20.0171,48.1028],[20.0185,48.1024],[20.0206,48.1043],[20.0223,48.1036],[20.0295,48.1069],[20.0323,48.1076],[20.0399,48.106],[20.0415,48.1066],[20.043,48.1095],[20.0455,48.1115],[20.0461,48.1126],[20.0479,48.1134],[20.0492,48.1151],[20.0475,48.117],[20.0477,48.118],[20.0465,48.1199],[20.0468,48.1207],[20.0472,48.1207],[20.0473,48.1228],[20.0481,48.1232],[20.0504,48.124],[20.0524,48.1233],[20.0547,48.123],[20.0583,48.124],[20.0608,48.123],[20.0629,48.1231],[20.0648,48.1228],[20.0663,48.1232],[20.0711,48.1212],[20.0726,48.1218],[20.0738,48.1231],[20.0749,48.1258],[20.0783,48.1269],[20.0778,48.1284],[20.0764,48.1297],[20.0772,48.1306],[20.0786,48.1312],[20.0783,48.1364],[20.0791,48.1371],[20.0806,48.1374],[20.0831,48.1365],[20.0879,48.1403],[20.0885,48.1412],[20.0931,48.1432],[20.0962,48.1429],[20.0976,48.1431],[20.0982,48.1424],[20.0985,48.1391],[20.1007,48.1379],[20.1033,48.1388],[20.1051,48.1385],[20.1108,48.1396],[20.1122,48.1395],[20.1181,48.14],[20.1189,48.1424],[20.1202,48.1422],[20.1215,48.1435],[20.1241,48.1435],[20.1263,48.1448],[20.1282,48.1446],[20.1296,48.1438],[20.1315,48.1435],[20.1348,48.1428],[20.1378,48.1436],[20.1399,48.1431],[20.1406,48.1425],[20.1442,48.1418],[20.1479,48.1402],[20.1488,48.1396],[20.1499,48.1373],[20.15,48.136],[20.1513,48.1354],[20.155,48.1344],[20.1565,48.135],[20.1587,48.1345],[20.1607,48.1345],[20.1628,48.1353],[20.1645,48.135],[20.1675,48.1296],[20.1675,48.1287],[20.1656,48.1277],[20.1654,48.1269],[20.1667,48.1264],[20.168,48.125],[20.1691,48.1234],[20.1686,48.1217],[20.1707,48.1197],[20.1704,48.1189],[20.1711,48.1176],[20.1703,48.1166],[20.1702,48.1156],[20.1732,48.1143],[20.1776,48.1133],[20.181,48.1143],[20.1828,48.1129],[20.1869,48.1116],[20.1899,48.1112],[20.1933,48.1092],[20.1952,48.1093],[20.1962,48.1088],[20.1973,48.1091],[20.2027,48.1078],[20.2037,48.1064],[20.2011,48.1053],[20.1999,48.1028],[20.2038,48.1004],[20.2032,48.0986],[20.2043,48.0967],[20.206,48.0966],[20.2072,48.096],[20.208,48.0951],[20.2095,48.0952],[20.2152,48.0937],[20.2176,48.0925],[20.2194,48.0929],[20.2215,48.0921],[20.2239,48.0928],[20.2252,48.0928],[20.2261,48.0923],[20.2291,48.0924],[20.2306,48.0922],[20.2333,48.093],[20.2355,48.0928],[20.2388,48.0937],[20.2402,48.0935],[20.2414,48.0921],[20.2412,48.091],[20.2451,48.0911],[20.247,48.0904],[20.2489,48.089],[20.2522,48.0914],[20.2526,48.0926],[20.2551,48.0945],[20.2566,48.0941],[20.2595,48.0944],[20.2601,48.0967],[20.2689,48.0968],[20.273,48.095],[20.2745,48.095],[20.2783,48.0975],[20.2799,48.098],[20.2803,48.0984],[20.279,48.1004],[20.2807,48.103],[20.2839,48.1033],[20.2841,48.1038],[20.2823,48.1073],[20.2797,48.1076],[20.278,48.1082],[20.2788,48.1093],[20.2798,48.1097],[20.2794,48.1116],[20.2826,48.1118],[20.284,48.1135],[20.2838,48.1146],[20.2862,48.1163],[20.2862,48.1177],[20.2856,48.1188],[20.285,48.119],[20.2866,48.119],[20.2875,48.1198],[20.2876,48.1233],[20.2899,48.1225],[20.2915,48.1229],[20.2964,48.1218],[20.2975,48.1205],[20.2997,48.1202],[20.3025,48.1192],[20.3039,48.1204],[20.3092,48.1205],[20.3106,48.1209],[20.3136,48.1229],[20.3156,48.1229],[20.3184,48.1237],[20.3196,48.1235],[20.3204,48.1224],[20.3222,48.1213],[20.3219,48.1193],[20.3221,48.1188],[20.3235,48.118],[20.3235,48.1175],[20.3211,48.1163],[20.3206,48.1148],[20.3248,48.113],[20.3256,48.113],[20.3262,48.1124],[20.3267,48.1118],[20.3259,48.111],[20.3257,48.1096],[20.3286,48.1085],[20.3325,48.108],[20.3334,48.1075],[20.3339,48.1046],[20.3368,48.1045],[20.3381,48.1049],[20.3386,48.1055],[20.3409,48.1048],[20.343,48.1032],[20.3447,48.1033],[20.3454,48.1005],[20.3473,48.1001],[20.3487,48.0992],[20.3499,48.0969],[20.3507,48.0962],[20.3525,48.0954],[20.3544,48.0954],[20.3547,48.0933],[20.3567,48.0916],[20.3585,48.0914],[20.3614,48.0923],[20.3623,48.0931],[20.3622,48.0939],[20.3606,48.0954],[20.3608,48.0975],[20.3618,48.098],[20.3621,48.0992],[20.3637,48.0996],[20.3643,48.1017],[20.363,48.1031],[20.3628,48.1043],[20.3598,48.1047],[20.361,48.1061],[20.3631,48.1068],[20.3634,48.1073],[20.3636,48.1108],[20.3621,48.1123],[20.3645,48.1129],[20.3651,48.1144],[20.3676,48.1157],[20.3697,48.1187],[20.3741,48.1203],[20.3747,48.1224],[20.3736,48.1236],[20.3753,48.1264],[20.3756,48.129],[20.3789,48.1297],[20.3858,48.1323],[20.3893,48.1323],[20.3951,48.1369],[20.3944,48.1403],[20.3926,48.1419],[20.3908,48.1452],[20.3883,48.1476],[20.3881,48.1487],[20.3867,48.1494],[20.3891,48.1504],[20.3925,48.1504],[20.3934,48.1506],[20.3971,48.1502],[20.398,48.1494],[20.4056,48.1523],[20.408,48.1538],[20.4116,48.1509]]]}},{"type":"Feature","properties":{"id":"1003","name":"Heves vármegye 03. OEVK","regionId":"heves","center":"Hatvan"},"geometry":{"type":"Polygon","coordinates":[[[19.5709,47.7349],[19.5848,47.7456],[19.5873,47.7467],[19.5971,47.7509],[19.5993,47.7514],[19.6019,47.7552],[19.6057,47.7567],[19.6084,47.7586],[19.6108,47.7595],[19.6121,47.7621],[19.6131,47.7624],[19.6175,47.7613],[19.6226,47.7595],[19.6254,47.7573],[19.6261,47.7561],[19.6294,47.7541],[19.6312,47.7553],[19.6346,47.7593],[19.6388,47.763],[19.6423,47.768],[19.6385,47.7694],[19.6409,47.773],[19.6428,47.7778],[19.6453,47.7801],[19.6428,47.7825],[19.6412,47.7882],[19.6411,47.7914],[19.636,47.7976],[19.6355,47.8014],[19.6323,47.8058],[19.6343,47.8063],[19.64,47.8089],[19.6488,47.8119],[19.6534,47.8134],[19.6551,47.8119],[19.655,47.8113],[19.6561,47.8116],[19.6564,47.8114],[19.6549,47.8108],[19.6541,47.8111],[19.6535,47.8109],[19.6527,47.8102],[19.6531,47.809],[19.652,47.809],[19.6519,47.8081],[19.6542,47.808],[19.6543,47.807],[19.6548,47.8065],[19.656,47.807],[19.6565,47.8069],[19.6561,47.8057],[19.6576,47.8059],[19.6566,47.8049],[19.6572,47.8048],[19.6579,47.8052],[19.6584,47.805],[19.6573,47.8042],[19.658,47.8035],[19.657,47.8032],[19.657,47.8028],[19.6582,47.8024],[19.6592,47.8025],[19.6602,47.8037],[19.6608,47.8027],[19.6619,47.803],[19.6613,47.8011],[19.6623,47.7999],[19.6638,47.7998],[19.6648,47.8],[19.6658,47.8007],[19.6663,47.802],[19.6681,47.8021],[19.6666,47.8052],[19.6667,47.81],[19.67,47.8105],[19.6761,47.8108],[19.6819,47.8107],[19.6831,47.8111],[19.6821,47.8124],[19.683,47.8125],[19.6831,47.8133],[19.6846,47.8139],[19.6828,47.8147],[19.6838,47.8158],[19.6833,47.8163],[19.684,47.8164],[19.6835,47.8171],[19.6841,47.8172],[19.6837,47.8177],[19.6853,47.82],[19.6902,47.8202],[19.6916,47.8192],[19.6948,47.8191],[19.696,47.8181],[19.701,47.8166],[19.7039,47.8163],[19.7041,47.8156],[19.706,47.8165],[19.7087,47.8155],[19.717,47.8184],[19.7178,47.8185],[19.7202,47.8179],[19.7203,47.8182],[19.7169,47.8217],[19.7159,47.8243],[19.7168,47.8255],[19.7189,47.8268],[19.7194,47.8275],[19.7193,47.8292],[19.722,47.8305],[19.7265,47.8299],[19.7338,47.8279],[19.7457,47.8235],[19.7641,47.8156],[19.7699,47.8128],[19.7738,47.8102],[19.7778,47.8087],[19.7796,47.807],[19.7778,47.8041],[19.7777,47.8017],[19.7787,47.7996],[19.78,47.7938],[19.7811,47.7923],[19.7833,47.7909],[19.7854,47.7874],[19.7919,47.7701],[19.7946,47.7717],[19.7959,47.772],[19.8019,47.7719],[19.8047,47.7728],[19.81,47.7758],[19.8156,47.7762],[19.8192,47.7757],[19.8194,47.7789],[19.8208,47.7804],[19.8222,47.7812],[19.8229,47.7828],[19.8276,47.7879],[19.8289,47.788],[19.8298,47.7874],[19.8308,47.7874],[19.8322,47.7891],[19.8332,47.789],[19.8355,47.7909],[19.8379,47.7893],[19.8491,47.7847],[19.8546,47.783],[19.854,47.7823],[19.8613,47.779],[19.864,47.7802],[19.8678,47.7797],[19.8709,47.7779],[19.8816,47.7791],[19.8863,47.7754],[19.8869,47.7756],[19.8878,47.7737],[19.8944,47.7741],[19.8965,47.7676],[19.8893,47.7669],[19.8898,47.7648],[19.8873,47.7642],[19.8894,47.7624],[19.8956,47.7599],[19.8936,47.7589],[19.8938,47.7526],[19.8946,47.7519],[19.8979,47.7513],[19.9066,47.752],[19.9106,47.7514],[19.9176,47.7531],[19.9199,47.7533],[19.9209,47.7526],[19.9252,47.7533],[19.9257,47.7596],[19.9272,47.7596],[19.9276,47.7632],[19.9343,47.763],[19.9342,47.7622],[19.9335,47.762],[19.933,47.7586],[19.9335,47.7536],[19.9379,47.7536],[19.9455,47.7552],[19.9445,47.7534],[19.9453,47.7533],[19.9451,47.7529],[19.9448,47.7525],[19.9439,47.7524],[19.9443,47.7514],[19.9458,47.7502],[19.9436,47.7494],[19.9433,47.7499],[19.9349,47.7481],[19.9341,47.7478],[19.9342,47.7463],[19.9337,47.7461],[19.934,47.7449],[19.9374,47.7455],[19.9413,47.7372],[19.9428,47.7374],[19.9437,47.7355],[19.9439,47.7349],[19.9421,47.7345],[19.9429,47.7325],[19.9515,47.733],[19.9518,47.7333],[19.9529,47.733],[19.9584,47.734],[19.9583,47.7348],[19.9588,47.7351],[19.956,47.7403],[19.9564,47.7444],[19.9637,47.7442],[19.9628,47.7461],[19.9632,47.7485],[19.9671,47.7526],[19.9646,47.7527],[19.9618,47.7523],[19.9617,47.7525],[19.9608,47.7524],[19.9606,47.7529],[19.9552,47.7521],[19.9545,47.7528],[19.9554,47.7544],[19.9531,47.7584],[19.9555,47.7635],[19.9538,47.7663],[19.9649,47.7681],[19.9702,47.7679],[19.9725,47.7663],[19.973,47.7644],[19.9742,47.7636],[19.9806,47.7545],[19.9827,47.754],[19.9883,47.7534],[19.9871,47.7546],[19.9901,47.7558],[19.9913,47.7548],[19.9907,47.7545],[19.9994,47.7493],[20.0052,47.749],[20.0136,47.7493],[20.02,47.7489],[20.0223,47.7497],[20.0307,47.7499],[20.034,47.7511],[20.0337,47.7505],[20.0344,47.7488],[20.0341,47.7461],[20.0465,47.7417],[20.0475,47.7426],[20.0584,47.7329],[20.0623,47.7325],[20.0734,47.7356],[20.0895,47.7438],[20.0979,47.7372],[20.108,47.7324],[20.1109,47.7295],[20.1172,47.7246],[20.1217,47.7257],[20.1259,47.7261],[20.1415,47.7335],[20.1441,47.7303],[20.1481,47.7314],[20.1492,47.731],[20.158,47.7306],[20.183,47.7365],[20.1865,47.7303],[20.1885,47.7308],[20.1939,47.7184],[20.2078,47.7195],[20.2057,47.716],[20.1953,47.7124],[20.1933,47.7075],[20.1955,47.7065],[20.2082,47.6983],[20.215,47.6898],[20.2219,47.6919],[20.2216,47.6926],[20.2282,47.6946],[20.2303,47.6921],[20.2402,47.69],[20.2425,47.6887],[20.2445,47.6854],[20.2553,47.6867],[20.2648,47.6888],[20.2681,47.6918],[20.2729,47.6936],[20.2748,47.6893],[20.2788,47.6899],[20.2834,47.6914],[20.2808,47.6942],[20.2751,47.6963],[20.2803,47.7059],[20.308,47.713],[20.3531,47.7211],[20.3645,47.7239],[20.3662,47.7179],[20.3681,47.7155],[20.3691,47.7071],[20.3699,47.7059],[20.361,47.6993],[20.3632,47.6958],[20.3755,47.6855],[20.3883,47.6859],[20.3861,47.6835],[20.3814,47.6806],[20.3823,47.6797],[20.384,47.6767],[20.4084,47.6797],[20.4091,47.676],[20.4114,47.6734],[20.408,47.6717],[20.4043,47.6704],[20.4016,47.67],[20.3964,47.6708],[20.3921,47.6688],[20.389,47.6668],[20.3865,47.6629],[20.3834,47.662],[20.3824,47.6601],[20.3804,47.6589],[20.3796,47.6577],[20.3793,47.6555],[20.374,47.643],[20.3681,47.6432],[20.3639,47.6401],[20.3606,47.6391],[20.3572,47.6373],[20.3478,47.6352],[20.3469,47.6344],[20.3437,47.6333],[20.3417,47.6332],[20.3393,47.6324],[20.3298,47.637],[20.323,47.6266],[20.3139,47.6191],[20.3206,47.6132],[20.3262,47.6107],[20.3294,47.6087],[20.3376,47.601],[20.3416,47.5985],[20.3457,47.5968],[20.3484,47.5951],[20.3458,47.5916],[20.3529,47.589],[20.3697,47.5852],[20.3731,47.5839],[20.3786,47.5779],[20.3831,47.5754],[20.3874,47.5758],[20.3899,47.5748],[20.3916,47.5731],[20.3927,47.5712],[20.3924,47.57],[20.393,47.5671],[20.3983,47.5637],[20.4049,47.5604],[20.4402,47.5735],[20.4364,47.5791],[20.4411,47.5808],[20.444,47.5766],[20.4594,47.5542],[20.4822,47.5522],[20.488,47.5512],[20.4919,47.5488],[20.532,47.514],[20.5391,47.5083],[20.5405,47.5066],[20.541,47.5049],[20.5335,47.503],[20.5246,47.502],[20.5213,47.5006],[20.5204,47.4996],[20.5188,47.4907],[20.5178,47.4872],[20.5132,47.4782],[20.5084,47.4725],[20.5028,47.4682],[20.4958,47.4648],[20.4924,47.4638],[20.487,47.4629],[20.4848,47.4629],[20.4754,47.4653],[20.4731,47.4653],[20.4695,47.4647],[20.4649,47.4617],[20.455,47.4563],[20.4504,47.4527],[20.4492,47.4511],[20.4481,47.4491],[20.4476,47.4465],[20.4485,47.4405],[20.4476,47.4389],[20.4461,47.4376],[20.4416,47.4339],[20.4293,47.4267],[20.4238,47.4243],[20.4167,47.4227],[20.4096,47.4222],[20.4003,47.4206],[20.3942,47.4205],[20.389,47.4212],[20.3806,47.4248],[20.3788,47.425],[20.3792,47.4263],[20.3775,47.4269],[20.3779,47.4293],[20.3782,47.4301],[20.3803,47.4314],[20.3808,47.4331],[20.3764,47.4361],[20.3774,47.4367],[20.3804,47.4365],[20.3812,47.4371],[20.3809,47.4384],[20.3817,47.4401],[20.3799,47.4417],[20.3818,47.4436],[20.381,47.4448],[20.3799,47.4452],[20.3802,47.4459],[20.3799,47.4463],[20.3638,47.4408],[20.3527,47.4403],[20.3369,47.4425],[20.3351,47.4448],[20.3301,47.4483],[20.32,47.4567],[20.3134,47.4629],[20.2997,47.4746],[20.2984,47.4772],[20.2912,47.4826],[20.2876,47.487],[20.2912,47.4913],[20.2908,47.4941],[20.2932,47.4964],[20.3012,47.5069],[20.3018,47.5093],[20.3009,47.5183],[20.3023,47.5181],[20.3026,47.5188],[20.2973,47.527],[20.297,47.5282],[20.2877,47.5411],[20.2861,47.5428],[20.2759,47.5436],[20.2714,47.5445],[20.2663,47.5448],[20.2549,47.5477],[20.2598,47.5556],[20.2465,47.5573],[20.2428,47.5586],[20.2352,47.5623],[20.2309,47.562],[20.2287,47.5661],[20.2313,47.5706],[20.2262,47.574],[20.2249,47.5794],[20.214,47.5828],[20.2129,47.5891],[20.2097,47.596],[20.2087,47.6072],[20.2048,47.6066],[20.1975,47.6062],[20.1731,47.6066],[20.166,47.6049],[20.1571,47.6016],[20.1515,47.6013],[20.1379,47.5995],[20.134,47.5978],[20.1205,47.5955],[20.1077,47.5907],[20.1023,47.5899],[20.1073,47.586],[20.1099,47.5798],[20.1159,47.5732],[20.1228,47.5717],[20.1256,47.57],[20.1301,47.5682],[20.1343,47.5655],[20.132,47.5652],[20.1193,47.5601],[20.1144,47.5562],[20.1122,47.5533],[20.1003,47.5576],[20.0902,47.5599],[20.085,47.5616],[20.0773,47.5624],[20.0726,47.5638],[20.0642,47.5668],[20.0566,47.5685],[20.0516,47.5701],[20.0454,47.5703],[20.039,47.5741],[20.0349,47.576],[20.0325,47.5762],[20.0314,47.577],[20.0269,47.5787],[20.0232,47.5789],[20.0196,47.58],[20.018,47.583],[20.011,47.5903],[20.0053,47.5939],[20.0086,47.5955],[20.0086,47.5986],[20.0152,47.6101],[20.0169,47.6121],[20.0189,47.616],[20.0159,47.6181],[20.0098,47.6243],[20.0073,47.6284],[20.0064,47.6315],[20.0041,47.6473],[20.0038,47.6553],[20.002,47.6554],[20.0016,47.6559],[20.0038,47.6584],[20.0029,47.6615],[20.002,47.6618],[20.0015,47.6626],[19.9996,47.6632],[19.9993,47.6646],[19.9999,47.6655],[19.9995,47.6659],[19.9999,47.6673],[19.9993,47.6676],[19.9985,47.669],[19.997,47.67],[19.9957,47.6703],[19.9937,47.6727],[19.9915,47.6736],[19.9879,47.6739],[19.9866,47.6732],[19.9861,47.6735],[19.9838,47.6734],[19.9829,47.6739],[19.9811,47.6728],[19.9795,47.6728],[19.9769,47.6741],[19.9757,47.674],[19.9737,47.6742],[19.9737,47.6759],[19.9729,47.6767],[19.9709,47.6766],[19.9695,47.676],[19.9647,47.6698],[19.9608,47.6671],[19.9555,47.6662],[19.9437,47.6651],[19.9393,47.6633],[19.9275,47.6609],[19.9212,47.658],[19.9114,47.6545],[19.9051,47.6563],[19.9007,47.6584],[19.8904,47.6612],[19.8861,47.6631],[19.8847,47.6655],[19.8758,47.6676],[19.8747,47.6658],[19.8739,47.6645],[19.8734,47.6587],[19.8717,47.6535],[19.87,47.643],[19.8699,47.6374],[19.8718,47.6306],[19.8561,47.6266],[19.8539,47.6256],[19.8445,47.6208],[19.8433,47.6178],[19.8364,47.606],[19.8336,47.6041],[19.8303,47.6038],[19.8222,47.5975],[19.8186,47.5939],[19.813,47.5972],[19.8099,47.5983],[19.7966,47.6044],[19.7781,47.6138],[19.7724,47.6163],[19.7677,47.6162],[19.7579,47.6212],[19.7398,47.6195],[19.727,47.6136],[19.7256,47.6134],[19.7131,47.6115],[19.702,47.6064],[19.7051,47.5844],[19.701,47.5841],[19.6992,47.5848],[19.6996,47.5849],[19.6983,47.5845],[19.698,47.5837],[19.6965,47.5846],[19.6958,47.5855],[19.6943,47.5856],[19.6912,47.5884],[19.6851,47.5908],[19.6814,47.5913],[19.6755,47.5917],[19.6663,47.5886],[19.6567,47.5957],[19.6537,47.5985],[19.6573,47.6121],[19.6565,47.6165],[19.6512,47.622],[19.6471,47.6278],[19.6433,47.6302],[19.6428,47.6349],[19.6369,47.637],[19.6432,47.6439],[19.6444,47.6461],[19.6429,47.647],[19.6411,47.6475],[19.6335,47.6476],[19.6291,47.6492],[19.6234,47.6504],[19.6143,47.6552],[19.612,47.657],[19.6102,47.6597],[19.6074,47.6614],[19.6071,47.6624],[19.6079,47.6651],[19.6072,47.6674],[19.6038,47.6728],[19.5992,47.6783],[19.5951,47.6821],[19.5914,47.6879],[19.6012,47.6933],[19.5994,47.6945],[19.5954,47.696],[19.5948,47.6969],[19.5993,47.7026],[19.6008,47.7025],[19.6037,47.7015],[19.605,47.7071],[19.6042,47.7075],[19.6067,47.7119],[19.588,47.7231],[19.5808,47.7297],[19.5709,47.7349]]]}},{"type":"Feature","properties":{"id":"1101","name":"Jász-Nagykun-Szolnok vármegye 01. OEVK","regionId":"jasz","center":"Szolnok"},"geometry":{"type":"Polygon","coordinates":[[[20.4655,47.3538],[20.4693,47.3499],[20.4753,47.3452],[20.4759,47.3436],[20.4746,47.3422],[20.4695,47.3397],[20.4635,47.3381],[20.458,47.3379],[20.4478,47.3403],[20.4458,47.3396],[20.4471,47.3292],[20.4483,47.3266],[20.4499,47.3246],[20.4523,47.323],[20.4551,47.322],[20.4623,47.3202],[20.4699,47.319],[20.4757,47.3166],[20.4774,47.3149],[20.4781,47.3133],[20.477,47.3068],[20.4757,47.3019],[20.474,47.2985],[20.4685,47.2912],[20.4673,47.2887],[20.4671,47.2871],[20.4795,47.2836],[20.4971,47.2805],[20.5012,47.2789],[20.5018,47.2759],[20.5015,47.2751],[20.5002,47.2739],[20.4968,47.2725],[20.4912,47.2717],[20.4857,47.2715],[20.4805,47.272],[20.475,47.2739],[20.4698,47.2769],[20.467,47.2771],[20.466,47.2745],[20.4637,47.2709],[20.4606,47.2687],[20.4591,47.2682],[20.4601,47.2667],[20.4619,47.2655],[20.4642,47.2646],[20.4677,47.2643],[20.4763,47.2646],[20.4807,47.2636],[20.4857,47.261],[20.4897,47.2597],[20.4933,47.2589],[20.5002,47.2581],[20.5043,47.2586],[20.5078,47.2602],[20.509,47.2615],[20.5111,47.2661],[20.5123,47.2672],[20.5133,47.2674],[20.5149,47.2671],[20.5173,47.2657],[20.5187,47.2641],[20.5205,47.2606],[20.5206,47.2592],[20.5197,47.2566],[20.5172,47.2539],[20.5124,47.2514],[20.5069,47.2495],[20.5028,47.2494],[20.4956,47.2511],[20.4902,47.2548],[20.4869,47.2562],[20.4832,47.2571],[20.4805,47.2572],[20.4781,47.2569],[20.4751,47.2558],[20.4666,47.2505],[20.4632,47.2479],[20.4614,47.2459],[20.4601,47.2433],[20.4598,47.2409],[20.4611,47.2371],[20.4608,47.2357],[20.4588,47.2347],[20.4536,47.2349],[20.4508,47.2355],[20.4482,47.2367],[20.4451,47.239],[20.4415,47.2435],[20.4405,47.2462],[20.4406,47.2479],[20.4429,47.2535],[20.443,47.2552],[20.442,47.2569],[20.4401,47.2579],[20.4392,47.2582],[20.4361,47.2568],[20.4288,47.2546],[20.426,47.2503],[20.4243,47.2486],[20.4235,47.2483],[20.4215,47.2491],[20.4208,47.25],[20.4199,47.2541],[20.4188,47.2556],[20.4147,47.2589],[20.4121,47.2601],[20.4089,47.2605],[20.4056,47.2594],[20.4011,47.2568],[20.3983,47.2533],[20.3962,47.2524],[20.3943,47.2523],[20.3925,47.2533],[20.3902,47.2565],[20.3862,47.26],[20.3781,47.2637],[20.3746,47.2647],[20.372,47.265],[20.3633,47.2647],[20.3609,47.265],[20.3583,47.266],[20.355,47.2663],[20.3534,47.2655],[20.3514,47.2634],[20.348,47.2556],[20.3413,47.2492],[20.3378,47.2473],[20.3278,47.2436],[20.3205,47.2404],[20.3185,47.2397],[20.3154,47.2393],[20.3123,47.24],[20.3096,47.2425],[20.3087,47.2454],[20.308,47.2523],[20.3054,47.2528],[20.3007,47.252],[20.2968,47.2509],[20.2944,47.2495],[20.2929,47.2464],[20.2927,47.2434],[20.2953,47.2237],[20.2942,47.2218],[20.2938,47.2183],[20.2943,47.212],[20.2939,47.2078],[20.2918,47.2017],[20.2919,47.1989],[20.2921,47.1971],[20.2936,47.1934],[20.2928,47.1909],[20.2904,47.189],[20.2821,47.1847],[20.2786,47.1832],[20.2761,47.1828],[20.2762,47.1836],[20.2731,47.1842],[20.271,47.1855],[20.2689,47.1876],[20.2677,47.1899],[20.2677,47.1917],[20.2687,47.1948],[20.273,47.2028],[20.2714,47.204],[20.2715,47.2044],[20.2688,47.2049],[20.2659,47.2041],[20.2614,47.2014],[20.2593,47.1995],[20.2587,47.1975],[20.2597,47.1929],[20.2595,47.1914],[20.256,47.1822],[20.2541,47.1803],[20.2525,47.1752],[20.2504,47.1721],[20.2512,47.1717],[20.2454,47.1624],[20.2448,47.1594],[20.2459,47.1581],[20.2482,47.157],[20.2508,47.1565],[20.2568,47.1565],[20.2627,47.1557],[20.2789,47.1524],[20.2843,47.1498],[20.2855,47.1479],[20.286,47.1456],[20.285,47.144],[20.2857,47.1435],[20.2926,47.1208],[20.296,47.1207],[20.2961,47.1156],[20.2933,47.1096],[20.2925,47.109],[20.2916,47.1089],[20.2848,47.1104],[20.2824,47.1053],[20.2804,47.0987],[20.2821,47.0984],[20.2794,47.0957],[20.2785,47.0898],[20.28,47.0809],[20.2798,47.0776],[20.2812,47.0731],[20.2827,47.0716],[20.2823,47.0709],[20.2831,47.0685],[20.2852,47.0656],[20.2882,47.0626],[20.2931,47.0602],[20.2956,47.0599],[20.2995,47.0608],[20.3025,47.0599],[20.3072,47.0602],[20.3113,47.0562],[20.3147,47.0537],[20.3186,47.0494],[20.3235,47.047],[20.3335,47.0446],[20.3376,47.0416],[20.3394,47.0357],[20.3434,47.0339],[20.3518,47.031],[20.3543,47.0264],[20.3486,47.0266],[20.3367,47.0261],[20.3107,47.026],[20.3028,47.0262],[20.2942,47.0274],[20.2946,47.0292],[20.2944,47.0337],[20.2935,47.0341],[20.3034,47.0465],[20.2828,47.0542],[20.2742,47.0478],[20.2753,47.0472],[20.2768,47.0446],[20.2818,47.0451],[20.2839,47.0436],[20.2853,47.0389],[20.2916,47.0294],[20.2919,47.0256],[20.2902,47.0236],[20.2874,47.0226],[20.2824,47.0219],[20.2698,47.0216],[20.2626,47.0225],[20.2508,47.0248],[20.2459,47.0252],[20.2428,47.0248],[20.2398,47.0238],[20.234,47.0208],[20.2303,47.0179],[20.2233,47.0109],[20.2202,47.0083],[20.2146,47.0052],[20.2104,47.0039],[20.1943,47.0015],[20.1784,47.0001],[20.1745,46.9996],[20.1736,46.9992],[20.1695,46.9979],[20.1665,46.9959],[20.1594,46.9924],[20.1536,46.9887],[20.1496,46.9866],[20.1391,46.9837],[20.1293,46.9921],[20.1249,46.9946],[20.1162,46.999],[20.0946,47.0074],[20.1064,47.0232],[20.1127,47.0334],[20.1084,47.0394],[20.1047,47.041],[20.1007,47.0421],[20.0919,47.0438],[20.0818,47.0707],[20.0796,47.0764],[20.0758,47.0801],[20.0734,47.0842],[20.0649,47.0903],[20.0663,47.0938],[20.0564,47.1033],[20.0545,47.1062],[20.0587,47.1087],[20.057,47.1122],[20.0519,47.1201],[20.0472,47.1252],[20.0553,47.1417],[20.0559,47.1455],[20.0636,47.1491],[20.071,47.1562],[20.0846,47.1648],[20.099,47.1815],[20.0985,47.1815],[20.0956,47.1884],[20.0896,47.1972],[20.085,47.208],[20.0802,47.2102],[20.0796,47.2204],[20.0658,47.2247],[20.0678,47.2289],[20.0706,47.2305],[20.0701,47.2342],[20.081,47.2574],[20.0907,47.267],[20.0945,47.2713],[20.098,47.2745],[20.1015,47.2768],[20.11,47.2855],[20.107,47.2859],[20.1034,47.2856],[20.0998,47.2872],[20.097,47.2869],[20.0945,47.288],[20.0942,47.2886],[20.0962,47.2902],[20.1013,47.2922],[20.1028,47.2947],[20.1017,47.2965],[20.1004,47.2976],[20.0975,47.2991],[20.0951,47.2993],[20.0922,47.3032],[20.0918,47.3087],[20.0911,47.3089],[20.0928,47.3134],[20.0924,47.3163],[20.0895,47.317],[20.0851,47.3169],[20.0836,47.3172],[20.0821,47.3193],[20.0802,47.3207],[20.0801,47.3215],[20.0831,47.3265],[20.0842,47.3269],[20.0906,47.3273],[20.0928,47.3292],[20.0929,47.3301],[20.0923,47.3308],[20.0936,47.3313],[20.104,47.3379],[20.106,47.3404],[20.1159,47.3382],[20.1249,47.3347],[20.1286,47.3318],[20.1351,47.3288],[20.1516,47.3257],[20.1554,47.324],[20.173,47.321],[20.184,47.3185],[20.1938,47.3103],[20.2029,47.311],[20.2147,47.3095],[20.2224,47.3109],[20.2317,47.3105],[20.2412,47.3076],[20.2539,47.314],[20.26,47.3175],[20.273,47.3329],[20.2744,47.3373],[20.2794,47.3486],[20.281,47.3484],[20.2916,47.3452],[20.3116,47.3413],[20.3311,47.3403],[20.3415,47.3482],[20.3484,47.3494],[20.355,47.3495],[20.361,47.3485],[20.3641,47.3456],[20.3862,47.3457],[20.3855,47.3519],[20.3942,47.3553],[20.394,47.3565],[20.4044,47.3577],[20.4036,47.3587],[20.4065,47.36],[20.4094,47.3571],[20.413,47.3551],[20.4154,47.3544],[20.4223,47.353],[20.4289,47.3528],[20.434,47.3543],[20.4407,47.3586],[20.4406,47.359],[20.4423,47.3602],[20.4464,47.3613],[20.4502,47.3635],[20.46,47.3662],[20.4649,47.3661],[20.4672,47.3648],[20.4677,47.3639],[20.4652,47.3577],[20.465,47.3554],[20.4655,47.3538]]]}},{"type":"Feature","properties":{"id":"1103","name":"Jász-Nagykun-Szolnok vármegye 03. OEVK","regionId":"jasz","center":"Karcag"},"geometry":{"type":"Polygon","coordinates":[[[20.3788,47.425],[20.3806,47.4248],[20.389,47.4212],[20.3942,47.4205],[20.4003,47.4206],[20.4096,47.4222],[20.4167,47.4227],[20.4238,47.4243],[20.4293,47.4267],[20.4416,47.4339],[20.4461,47.4376],[20.4476,47.4389],[20.4485,47.4405],[20.4476,47.4465],[20.4481,47.4491],[20.4492,47.4511],[20.4504,47.4527],[20.455,47.4563],[20.4649,47.4617],[20.4695,47.4647],[20.4731,47.4653],[20.4754,47.4653],[20.4848,47.4629],[20.487,47.4629],[20.4924,47.4638],[20.4958,47.4648],[20.5028,47.4682],[20.5084,47.4725],[20.5132,47.4782],[20.5178,47.4872],[20.5188,47.4907],[20.5204,47.4996],[20.5213,47.5006],[20.5246,47.502],[20.5335,47.503],[20.541,47.5049],[20.5487,47.5077],[20.5601,47.5095],[20.5787,47.515],[20.5806,47.5164],[20.5847,47.5208],[20.5912,47.5226],[20.5934,47.5247],[20.5941,47.5265],[20.5963,47.5272],[20.6011,47.5302],[20.6024,47.5301],[20.604,47.5309],[20.6096,47.5351],[20.6105,47.5353],[20.6124,47.5344],[20.6253,47.539],[20.6396,47.5424],[20.6455,47.5448],[20.6553,47.5497],[20.6642,47.5523],[20.6665,47.5535],[20.6677,47.5549],[20.6686,47.5568],[20.6681,47.5619],[20.6668,47.5653],[20.6637,47.5697],[20.6643,47.5706],[20.6668,47.5707],[20.6774,47.569],[20.6811,47.5688],[20.6874,47.5694],[20.6921,47.5705],[20.7008,47.5742],[20.7038,47.5759],[20.707,47.579],[20.7089,47.5848],[20.7087,47.5881],[20.7077,47.5893],[20.7068,47.5898],[20.7001,47.5911],[20.698,47.5925],[20.6968,47.594],[20.6961,47.5963],[20.6964,47.5983],[20.6972,47.5998],[20.6999,47.6023],[20.7021,47.6034],[20.7096,47.6053],[20.7154,47.6062],[20.7172,47.6073],[20.717,47.6098],[20.7159,47.6134],[20.7164,47.6145],[20.7192,47.6176],[20.7202,47.6197],[20.7201,47.6221],[20.7162,47.6266],[20.7148,47.6293],[20.7147,47.6324],[20.7164,47.6352],[20.7203,47.6377],[20.7267,47.6401],[20.7301,47.6424],[20.7316,47.6428],[20.7335,47.643],[20.7413,47.6424],[20.7505,47.6406],[20.7538,47.6406],[20.7571,47.6411],[20.7601,47.6425],[20.7619,47.644],[20.7665,47.6503],[20.7695,47.6522],[20.7717,47.6545],[20.7716,47.6555],[20.7649,47.6634],[20.7642,47.6662],[20.7649,47.6675],[20.7686,47.6707],[20.7749,47.675],[20.7795,47.677],[20.793,47.6819],[20.7963,47.6826],[20.8014,47.6822],[20.8052,47.6799],[20.8112,47.6747],[20.8165,47.6716],[20.8234,47.6693],[20.8306,47.669],[20.8278,47.6627],[20.828,47.659],[20.8256,47.6441],[20.8248,47.6415],[20.8237,47.6414],[20.8232,47.641],[20.824,47.6394],[20.8263,47.6369],[20.8262,47.6362],[20.825,47.6354],[20.825,47.6337],[20.8269,47.626],[20.8336,47.611],[20.8371,47.6068],[20.8424,47.5966],[20.849,47.5948],[20.855,47.5951],[20.8666,47.5868],[20.8829,47.582],[20.8884,47.5824],[20.8956,47.5823],[20.9013,47.5834],[20.9158,47.5855],[20.9254,47.5882],[20.9364,47.5918],[20.9456,47.5961],[20.9508,47.5938],[20.9563,47.5922],[20.9604,47.5901],[20.9662,47.5879],[20.9715,47.586],[20.9741,47.5855],[20.9838,47.5751],[20.9945,47.5671],[20.9941,47.5539],[20.9965,47.5385],[20.993,47.5271],[20.9841,47.5201],[20.9852,47.5202],[20.9853,47.5194],[20.9864,47.5188],[20.9871,47.5147],[20.9896,47.5113],[20.9886,47.508],[20.9898,47.506],[20.9929,47.5029],[20.9921,47.4994],[20.9928,47.4968],[20.9956,47.4955],[20.9992,47.4955],[21.0055,47.4911],[21.0081,47.4907],[20.9986,47.4846],[20.9965,47.4816],[20.9945,47.4769],[20.9939,47.4732],[21.0054,47.4304],[21.0196,47.3789],[21.0303,47.3561],[21.0166,47.2495],[21.0163,47.2489],[20.9921,47.2323],[20.9878,47.2257],[20.9776,47.2306],[20.9676,47.2254],[20.9631,47.2188],[20.9551,47.2087],[20.9533,47.2032],[20.9463,47.1896],[20.946,47.1874],[20.9454,47.1865],[20.9434,47.1861],[20.9325,47.1876],[20.9266,47.1851],[20.9265,47.1835],[20.9257,47.1826],[20.9198,47.1819],[20.9179,47.1812],[20.9108,47.1757],[20.9097,47.173],[20.894,47.1743],[20.8477,47.1482],[20.8559,47.1389],[20.8565,47.1374],[20.8605,47.1336],[20.8609,47.1318],[20.8603,47.1265],[20.8616,47.1235],[20.8646,47.1215],[20.8669,47.1216],[20.8682,47.1207],[20.8669,47.1201],[20.8544,47.1181],[20.8516,47.118],[20.8449,47.1166],[20.8448,47.1123],[20.8455,47.1096],[20.8452,47.1087],[20.8478,47.1036],[20.8477,47.0999],[20.8465,47.0965],[20.8441,47.0931],[20.8503,47.093],[20.8521,47.0925],[20.8511,47.0894],[20.8452,47.0823],[20.8433,47.079],[20.8445,47.0762],[20.8476,47.0739],[20.8615,47.0669],[20.86,47.0654],[20.8616,47.0634],[20.8613,47.0628],[20.8565,47.0612],[20.8568,47.0646],[20.8489,47.067],[20.8485,47.0667],[20.844,47.0694],[20.8415,47.0647],[20.8405,47.0596],[20.8382,47.061],[20.8353,47.0576],[20.8259,47.0521],[20.8119,47.048],[20.8123,47.0474],[20.8029,47.046],[20.8113,47.0377],[20.8062,47.0367],[20.7598,47.0357],[20.7595,47.0378],[20.7601,47.0429],[20.7599,47.0459],[20.7563,47.053],[20.746,47.051],[20.7278,47.0435],[20.7257,47.0341],[20.7229,47.0304],[20.7203,47.0312],[20.7167,47.0342],[20.7115,47.0337],[20.71,47.0339],[20.7078,47.035],[20.708,47.0352],[20.7044,47.0392],[20.7036,47.0429],[20.7057,47.0453],[20.7036,47.0468],[20.7021,47.0467],[20.699,47.0457],[20.6959,47.0471],[20.7015,47.0532],[20.7017,47.055],[20.7011,47.0559],[20.6991,47.0566],[20.6973,47.0562],[20.6949,47.0541],[20.6927,47.0533],[20.6894,47.0537],[20.6854,47.0555],[20.6822,47.0553],[20.6786,47.0545],[20.6741,47.0548],[20.6731,47.0545],[20.6678,47.0505],[20.6626,47.0493],[20.6617,47.0487],[20.6615,47.0478],[20.6636,47.0457],[20.6641,47.0441],[20.6632,47.0408],[20.6616,47.0394],[20.6593,47.0394],[20.6559,47.0421],[20.6518,47.0437],[20.6495,47.044],[20.6474,47.0433],[20.6416,47.0401],[20.639,47.0381],[20.6363,47.0377],[20.6291,47.0454],[20.6192,47.0551],[20.6037,47.0867],[20.5973,47.0869],[20.5877,47.0856],[20.5884,47.0905],[20.589,47.109],[20.5783,47.1249],[20.5759,47.1291],[20.5847,47.1536],[20.5846,47.1552],[20.5853,47.1554],[20.5891,47.1662],[20.5933,47.178],[20.5957,47.178],[20.6008,47.1732],[20.6099,47.1695],[20.6145,47.1721],[20.6207,47.1742],[20.6232,47.1775],[20.6246,47.183],[20.6241,47.186],[20.6226,47.1879],[20.621,47.1927],[20.6166,47.202],[20.6126,47.2063],[20.6112,47.2112],[20.6112,47.2113],[20.5803,47.2075],[20.5682,47.2144],[20.5582,47.21],[20.5574,47.2114],[20.55,47.2087],[20.5499,47.2035],[20.5477,47.2035],[20.5409,47.2023],[20.5331,47.1999],[20.5247,47.2075],[20.5189,47.2145],[20.5148,47.2184],[20.5113,47.227],[20.5091,47.2292],[20.5067,47.2282],[20.4902,47.2339],[20.4886,47.2374],[20.491,47.2388],[20.4876,47.2411],[20.4773,47.2437],[20.478,47.2441],[20.4666,47.2505],[20.4751,47.2558],[20.4781,47.2569],[20.4805,47.2572],[20.4832,47.2571],[20.4869,47.2562],[20.4902,47.2548],[20.4956,47.2511],[20.5028,47.2494],[20.5069,47.2495],[20.5124,47.2514],[20.5172,47.2539],[20.5197,47.2566],[20.5206,47.2592],[20.5205,47.2606],[20.5187,47.2641],[20.5173,47.2657],[20.5149,47.2671],[20.5133,47.2674],[20.5123,47.2672],[20.5111,47.2661],[20.509,47.2615],[20.5078,47.2602],[20.5043,47.2586],[20.5002,47.2581],[20.4933,47.2589],[20.4897,47.2597],[20.4857,47.261],[20.4807,47.2636],[20.4763,47.2646],[20.4677,47.2643],[20.4642,47.2646],[20.4619,47.2655],[20.4601,47.2667],[20.4591,47.2682],[20.4606,47.2687],[20.4637,47.2709],[20.466,47.2745],[20.467,47.2771],[20.4698,47.2769],[20.475,47.2739],[20.4805,47.272],[20.4857,47.2715],[20.4912,47.2717],[20.4968,47.2725],[20.5002,47.2739],[20.5015,47.2751],[20.5018,47.2759],[20.5012,47.2789],[20.4971,47.2805],[20.4795,47.2836],[20.4671,47.2871],[20.4673,47.2887],[20.4685,47.2912],[20.474,47.2985],[20.4757,47.3019],[20.477,47.3068],[20.4781,47.3133],[20.4774,47.3149],[20.4757,47.3166],[20.4699,47.319],[20.4623,47.3202],[20.4551,47.322],[20.4523,47.323],[20.4499,47.3246],[20.4483,47.3266],[20.4471,47.3292],[20.4458,47.3396],[20.4478,47.3403],[20.458,47.3379],[20.4635,47.3381],[20.4695,47.3397],[20.4746,47.3422],[20.4759,47.3436],[20.4753,47.3452],[20.4693,47.3499],[20.4655,47.3538],[20.465,47.3554],[20.4652,47.3577],[20.4677,47.3639],[20.4672,47.3648],[20.4649,47.3661],[20.46,47.3662],[20.4502,47.3635],[20.4464,47.3613],[20.4423,47.3602],[20.4406,47.359],[20.4407,47.3586],[20.434,47.3543],[20.4289,47.3528],[20.4223,47.353],[20.4154,47.3544],[20.413,47.3551],[20.4094,47.3571],[20.4065,47.36],[20.4043,47.3632],[20.4041,47.3647],[20.4046,47.366],[20.4054,47.3666],[20.4068,47.3667],[20.4084,47.366],[20.4166,47.361],[20.4217,47.3587],[20.4237,47.3583],[20.4298,47.3584],[20.4325,47.3594],[20.4358,47.3614],[20.4389,47.3648],[20.4393,47.3643],[20.4391,47.3647],[20.4399,47.3648],[20.4371,47.3692],[20.4367,47.3743],[20.4382,47.3788],[20.4419,47.383],[20.4422,47.3861],[20.4408,47.3885],[20.4364,47.3917],[20.4261,47.3959],[20.4215,47.3972],[20.4142,47.3976],[20.4054,47.3968],[20.3861,47.3937],[20.3824,47.3937],[20.3803,47.3945],[20.3788,47.3956],[20.3764,47.399],[20.3744,47.4069],[20.3747,47.4145],[20.3771,47.424],[20.3777,47.4247],[20.3788,47.425]]]}},{"type":"Feature","properties":{"id":"1403","name":"Pest vármegye 03. OEVK","regionId":"pest","center":"Szentendre"},"geometry":{"type":"Polygon","coordinates":[[[19.1266,47.7175],[19.1251,47.7118],[19.1249,47.7076],[19.1262,47.6991],[19.1262,47.6962],[19.126,47.6936],[19.1252,47.691],[19.125,47.6862],[19.1248,47.6838],[19.1232,47.6809],[19.1207,47.674],[19.1183,47.6694],[19.1167,47.664],[19.1158,47.6566],[19.1161,47.6477],[19.1154,47.6445],[19.109,47.6314],[19.1078,47.6268],[19.1057,47.6219],[19.1038,47.6187],[19.099,47.613],[19.0873,47.6028],[19.0812,47.5956],[19.0736,47.5854],[19.0708,47.5862],[19.0683,47.5868],[19.0709,47.589],[19.0711,47.5948],[19.0725,47.6009],[19.0744,47.6042],[19.0767,47.6069],[19.0748,47.6076],[19.072,47.6076],[19.0602,47.6095],[19.0563,47.6092],[19.0537,47.609],[19.0462,47.6101],[19.0382,47.6096],[19.0373,47.609],[19.0292,47.606],[19.0251,47.6046],[19.0297,47.5997],[19.0344,47.5872],[19.0259,47.5882],[19.0213,47.5878],[19.0137,47.5867],[19.0017,47.5834],[18.9998,47.5836],[18.997,47.5858],[18.9934,47.5876],[18.9888,47.589],[18.9864,47.5909],[18.9803,47.5944],[18.9782,47.5962],[18.9763,47.5963],[18.9584,47.6068],[18.9565,47.6092],[18.9541,47.6072],[18.9506,47.6022],[18.9443,47.6045],[18.94,47.6044],[18.9343,47.6035],[18.9318,47.6037],[18.9282,47.6047],[18.9262,47.606],[18.9241,47.6066],[18.9231,47.605],[18.9193,47.6061],[18.9152,47.6064],[18.9138,47.6057],[18.9121,47.6062],[18.9125,47.6091],[18.9027,47.6106],[18.8982,47.6118],[18.8942,47.6138],[18.8883,47.6159],[18.8886,47.6163],[18.8825,47.6177],[18.8805,47.6157],[18.8764,47.6166],[18.8708,47.6185],[18.8632,47.6189],[18.8562,47.6209],[18.8582,47.6236],[18.8661,47.6313],[18.864,47.6346],[18.8646,47.6356],[18.8646,47.6386],[18.866,47.6471],[18.8648,47.6511],[18.8655,47.6533],[18.8648,47.6546],[18.862,47.6562],[18.863,47.6577],[18.8633,47.6597],[18.8636,47.6684],[18.8618,47.6722],[18.8594,47.6753],[18.8593,47.6782],[18.8546,47.6818],[18.8531,47.6869],[18.8507,47.6893],[18.8463,47.6926],[18.8541,47.6951],[18.8553,47.6965],[18.8517,47.6991],[18.8519,47.7013],[18.8533,47.7027],[18.8532,47.704],[18.8548,47.7067],[18.8546,47.7072],[18.8524,47.7086],[18.8516,47.7117],[18.853,47.7139],[18.8543,47.7147],[18.8567,47.7136],[18.8577,47.7145],[18.8616,47.7156],[18.8651,47.7156],[18.8661,47.7153],[18.8686,47.7173],[18.8744,47.7151],[18.8756,47.7151],[18.8798,47.7164],[18.8808,47.7156],[18.8825,47.7156],[18.8843,47.7184],[18.8864,47.7203],[18.8899,47.7207],[18.8902,47.7203],[18.8931,47.7205],[18.896,47.7196],[18.8977,47.72],[18.9023,47.7195],[18.9185,47.7123],[18.9211,47.7099],[18.9251,47.7111],[18.9268,47.7124],[18.9298,47.7134],[18.9309,47.7134],[18.9327,47.7142],[18.9345,47.7162],[18.9365,47.7199],[18.9387,47.7225],[18.9415,47.7247],[18.9378,47.7257],[18.9347,47.7272],[18.9339,47.728],[18.9342,47.7299],[18.9333,47.7311],[18.9314,47.7319],[18.9312,47.7336],[18.9299,47.7334],[18.9271,47.7358],[18.9242,47.7355],[18.9233,47.736],[18.9226,47.7379],[18.9207,47.7395],[18.9201,47.7395],[18.9189,47.7424],[18.9212,47.745],[18.9235,47.7489],[18.9248,47.7499],[18.9223,47.7559],[18.923,47.758],[18.9227,47.7591],[18.923,47.7603],[18.9268,47.7651],[18.9298,47.7646],[18.9342,47.7645],[18.9427,47.7661],[18.9454,47.7673],[18.9498,47.7707],[18.9565,47.7736],[18.9596,47.7768],[18.9608,47.7792],[18.9622,47.7847],[18.9694,47.7956],[18.9762,47.8023],[18.9841,47.8072],[18.9925,47.8147],[18.9998,47.8176],[19.0065,47.8186],[19.0121,47.8187],[19.0323,47.8184],[19.0633,47.8141],[19.0688,47.813],[19.0731,47.8114],[19.1022,47.7938],[19.1063,47.7905],[19.1188,47.7788],[19.1225,47.7761],[19.1286,47.7682],[19.1305,47.7649],[19.1317,47.7589],[19.1324,47.7501],[19.1324,47.7415],[19.1314,47.7349],[19.1303,47.7323],[19.1266,47.7175]]]}},{"type":"Feature","properties":{"id":"1104","name":"Jász-Nagykun-Szolnok vármegye 04. OEVK","regionId":"jasz","center":"Törökszentmiklós"},"geometry":{"type":"Polygon","coordinates":[[[20.3609,47.265],[20.3633,47.2647],[20.372,47.265],[20.3746,47.2647],[20.3781,47.2637],[20.3862,47.26],[20.3902,47.2565],[20.3925,47.2533],[20.3943,47.2523],[20.3962,47.2524],[20.3983,47.2533],[20.4011,47.2568],[20.4056,47.2594],[20.4089,47.2605],[20.4121,47.2601],[20.4147,47.2589],[20.4188,47.2556],[20.4199,47.2541],[20.4208,47.25],[20.4215,47.2491],[20.4235,47.2483],[20.4243,47.2486],[20.426,47.2503],[20.4288,47.2546],[20.4361,47.2568],[20.4392,47.2582],[20.4401,47.2579],[20.442,47.2569],[20.443,47.2552],[20.4429,47.2535],[20.4406,47.2479],[20.4405,47.2462],[20.4415,47.2435],[20.4451,47.239],[20.4482,47.2367],[20.4508,47.2355],[20.4536,47.2349],[20.4588,47.2347],[20.4608,47.2357],[20.4611,47.2371],[20.4598,47.2409],[20.4601,47.2433],[20.4614,47.2459],[20.4632,47.2479],[20.4666,47.2505],[20.478,47.2441],[20.4773,47.2437],[20.4876,47.2411],[20.491,47.2388],[20.4886,47.2374],[20.4902,47.2339],[20.5067,47.2282],[20.5091,47.2292],[20.5113,47.227],[20.5148,47.2184],[20.5189,47.2145],[20.5247,47.2075],[20.5331,47.1999],[20.5409,47.2023],[20.5477,47.2035],[20.5499,47.2035],[20.55,47.2087],[20.5574,47.2114],[20.5582,47.21],[20.5682,47.2144],[20.5803,47.2075],[20.6112,47.2113],[20.6112,47.2112],[20.6126,47.2063],[20.6166,47.202],[20.621,47.1927],[20.6226,47.1879],[20.6241,47.186],[20.6246,47.183],[20.6232,47.1775],[20.6207,47.1742],[20.6145,47.1721],[20.6099,47.1695],[20.6008,47.1732],[20.5957,47.178],[20.5933,47.178],[20.5891,47.1662],[20.5853,47.1554],[20.5846,47.1552],[20.5847,47.1536],[20.5759,47.1291],[20.5783,47.1249],[20.589,47.109],[20.5884,47.0905],[20.5877,47.0856],[20.5973,47.0869],[20.6037,47.0867],[20.6192,47.0551],[20.6291,47.0454],[20.6363,47.0377],[20.639,47.0381],[20.6416,47.0401],[20.6474,47.0433],[20.6495,47.044],[20.6518,47.0437],[20.6559,47.0421],[20.6593,47.0394],[20.6616,47.0394],[20.6632,47.0408],[20.6641,47.0441],[20.6636,47.0457],[20.6615,47.0478],[20.6617,47.0487],[20.6626,47.0493],[20.6678,47.0505],[20.6731,47.0545],[20.6741,47.0548],[20.6786,47.0545],[20.6822,47.0553],[20.6854,47.0555],[20.6894,47.0537],[20.6927,47.0533],[20.6949,47.0541],[20.6973,47.0562],[20.6991,47.0566],[20.7011,47.0559],[20.7017,47.055],[20.7015,47.0532],[20.6959,47.0471],[20.699,47.0457],[20.7021,47.0467],[20.7036,47.0468],[20.7057,47.0453],[20.7036,47.0429],[20.7044,47.0392],[20.708,47.0352],[20.7078,47.035],[20.702,47.0155],[20.7023,47.0123],[20.7107,47.012],[20.7121,47.0097],[20.7165,47.0054],[20.7158,47.0013],[20.7164,47.0005],[20.7184,47.0001],[20.7133,46.9961],[20.7122,46.986],[20.711,46.9841],[20.7094,46.978],[20.7204,46.9753],[20.7142,46.9752],[20.7137,46.9747],[20.7139,46.9732],[20.7165,46.9706],[20.7226,46.9681],[20.7254,46.9645],[20.7268,46.9611],[20.7263,46.9593],[20.7255,46.9586],[20.724,46.9581],[20.7169,46.9602],[20.7122,46.9625],[20.7097,46.9622],[20.7055,46.9609],[20.7045,46.9603],[20.7042,46.9595],[20.7045,46.9586],[20.7061,46.9571],[20.7111,46.9554],[20.7167,46.9552],[20.7224,46.9559],[20.7256,46.9556],[20.7269,46.9546],[20.7275,46.9533],[20.7255,46.9486],[20.726,46.9473],[20.7274,46.9464],[20.7276,46.9455],[20.7269,46.9406],[20.7251,46.9388],[20.7212,46.9364],[20.7202,46.9348],[20.72,46.9332],[20.7206,46.9315],[20.7093,46.924],[20.7042,46.9212],[20.6932,46.9107],[20.6843,46.9118],[20.6805,46.913],[20.6726,46.9138],[20.6626,46.9098],[20.6414,46.9002],[20.6069,46.9172],[20.6061,46.9168],[20.6047,46.9167],[20.6015,46.9179],[20.5987,46.9182],[20.5896,46.913],[20.5875,46.9124],[20.5825,46.9119],[20.5602,46.9133],[20.5548,46.9167],[20.5533,46.917],[20.5462,46.9146],[20.5457,46.9136],[20.5466,46.9104],[20.546,46.9067],[20.545,46.9052],[20.5402,46.9021],[20.5396,46.9012],[20.5389,46.9014],[20.5389,46.9009],[20.5375,46.9001],[20.4978,46.8903],[20.4944,46.8909],[20.4908,46.8908],[20.4865,46.8914],[20.4761,46.8941],[20.4751,46.895],[20.4742,46.8968],[20.4732,46.8973],[20.46,46.9028],[20.4578,46.9008],[20.4541,46.8995],[20.452,46.8981],[20.4516,46.8967],[20.453,46.8955],[20.4436,46.8894],[20.4369,46.8788],[20.4329,46.8743],[20.427,46.8706],[20.4177,46.8657],[20.4168,46.8647],[20.4107,46.8616],[20.4076,46.8592],[20.4104,46.8505],[20.4167,46.8345],[20.4173,46.8279],[20.4184,46.8233],[20.4183,46.8202],[20.422,46.8144],[20.4243,46.8035],[20.4247,46.7991],[20.4173,46.7951],[20.4169,46.7932],[20.4109,46.7928],[20.4071,46.7917],[20.4044,46.7893],[20.4042,46.7883],[20.4008,46.7884],[20.3939,46.7871],[20.3892,46.7866],[20.3803,46.787],[20.3766,46.7867],[20.3626,46.784],[20.3523,46.7847],[20.3463,46.7792],[20.3454,46.7764],[20.3457,46.7738],[20.3451,46.7672],[20.3412,46.764],[20.3356,46.7631],[20.3326,46.7619],[20.3271,46.7634],[20.32,46.7642],[20.3159,46.7643],[20.3108,46.7653],[20.2907,46.7675],[20.2843,46.7752],[20.2777,46.7806],[20.2753,46.7818],[20.2648,46.7922],[20.2427,46.7985],[20.2358,46.7989],[20.2308,46.7986],[20.2255,46.7964],[20.2232,46.7944],[20.2236,46.7927],[20.2184,46.7919],[20.2175,46.7903],[20.2175,46.7889],[20.2183,46.7885],[20.2177,46.788],[20.2219,46.7867],[20.2232,46.7854],[20.2231,46.7839],[20.2209,46.7818],[20.2178,46.7803],[20.2159,46.7796],[20.2143,46.7796],[20.2122,46.7801],[20.2082,46.7823],[20.2021,46.7841],[20.201,46.7842],[20.1991,46.7834],[20.1984,46.7815],[20.1929,46.777],[20.1926,46.7758],[20.1935,46.7754],[20.1893,46.7717],[20.187,46.767],[20.1851,46.7654],[20.1818,46.7603],[20.1752,46.7545],[20.1344,46.7724],[20.1263,46.7787],[20.1173,46.7841],[20.1108,46.7852],[20.1076,46.785],[20.1058,46.7846],[20.1037,46.7828],[20.1028,46.7816],[20.102,46.7781],[20.102,46.7766],[20.1034,46.7729],[20.1066,46.7701],[20.1069,46.7692],[20.1065,46.7676],[20.104,46.7656],[20.1017,46.7645],[20.0907,46.7622],[20.0891,46.766],[20.0891,46.7677],[20.0915,46.7722],[20.0915,46.7732],[20.0869,46.7781],[20.0835,46.7861],[20.0817,46.7877],[20.0774,46.7891],[20.0719,46.789],[20.0692,46.7893],[20.0663,46.7907],[20.0646,46.7926],[20.0635,46.7949],[20.0617,46.8008],[20.0612,46.8064],[20.0615,46.8066],[20.061,46.8124],[20.0575,46.815],[20.05,46.8173],[20.0471,46.819],[20.0447,46.8215],[20.0439,46.8241],[20.0435,46.8241],[20.0399,46.8242],[20.0356,46.8233],[20.0327,46.8217],[20.0312,46.8198],[20.0312,46.8177],[20.0325,46.8156],[20.0377,46.8114],[20.0406,46.8073],[20.0406,46.8046],[20.0395,46.8013],[20.0379,46.7987],[20.0352,46.7968],[20.0322,46.7963],[20.0296,46.7964],[20.0285,46.7969],[20.0245,46.7994],[20.0203,46.8028],[20.0145,46.805],[20.0117,46.8065],[20.0055,46.8106],[20.0029,46.8132],[20.001,46.8174],[20.0019,46.8214],[20.0033,46.8223],[20.0136,46.824],[20.0189,46.8268],[20.0243,46.8285],[20.0361,46.8289],[20.0416,46.8305],[20.0429,46.8322],[20.0435,46.8349],[20.0432,46.8369],[20.0675,46.8419],[20.0708,46.8421],[20.0756,46.8406],[20.0935,46.8401],[20.1033,46.8388],[20.1078,46.841],[20.1147,46.8426],[20.1151,46.8448],[20.1157,46.8448],[20.1124,46.8492],[20.1116,46.849],[20.1073,46.8552],[20.1027,46.8572],[20.1027,46.8577],[20.1005,46.8587],[20.0979,46.8591],[20.0941,46.8607],[20.0856,46.8745],[20.0881,46.875],[20.0928,46.8768],[20.0999,46.882],[20.1175,46.8919],[20.1221,46.8954],[20.1233,46.8975],[20.1236,46.8998],[20.1228,46.9043],[20.1231,46.9054],[20.124,46.9062],[20.1292,46.9075],[20.1423,46.9091],[20.151,46.9115],[20.1539,46.9127],[20.1569,46.915],[20.1588,46.9171],[20.1596,46.919],[20.1596,46.9241],[20.1578,46.9289],[20.1513,46.9368],[20.1484,46.9391],[20.1468,46.9399],[20.1404,46.9417],[20.134,46.943],[20.1297,46.9435],[20.1258,46.9433],[20.1203,46.9421],[20.1167,46.9405],[20.1124,46.9372],[20.1098,46.9364],[20.1088,46.9366],[20.1071,46.9379],[20.1043,46.9441],[20.1034,46.9493],[20.1037,46.9519],[20.1049,46.9534],[20.107,46.955],[20.1123,46.9569],[20.1187,46.958],[20.1287,46.9585],[20.1309,46.9594],[20.1326,46.9609],[20.1335,46.9631],[20.1336,46.9654],[20.1326,46.967],[20.1277,46.9709],[20.1271,46.972],[20.1269,46.9745],[20.1278,46.9765],[20.1304,46.9792],[20.1345,46.9817],[20.1391,46.9837],[20.1496,46.9866],[20.1536,46.9887],[20.1594,46.9924],[20.1665,46.9959],[20.1695,46.9979],[20.1736,46.9992],[20.1745,46.9996],[20.1784,47.0001],[20.1943,47.0015],[20.2104,47.0039],[20.2146,47.0052],[20.2202,47.0083],[20.2233,47.0109],[20.2303,47.0179],[20.234,47.0208],[20.2398,47.0238],[20.2428,47.0248],[20.2459,47.0252],[20.2508,47.0248],[20.2626,47.0225],[20.2698,47.0216],[20.2824,47.0219],[20.2874,47.0226],[20.2902,47.0236],[20.2919,47.0256],[20.2916,47.0294],[20.2853,47.0389],[20.2839,47.0436],[20.2818,47.0451],[20.2768,47.0446],[20.2753,47.0472],[20.2742,47.0478],[20.2828,47.0542],[20.3034,47.0465],[20.2935,47.0341],[20.2944,47.0337],[20.2946,47.0292],[20.2942,47.0274],[20.3028,47.0262],[20.3107,47.026],[20.3367,47.0261],[20.3486,47.0266],[20.3543,47.0264],[20.3518,47.031],[20.3434,47.0339],[20.3394,47.0357],[20.3376,47.0416],[20.3335,47.0446],[20.3235,47.047],[20.3186,47.0494],[20.3147,47.0537],[20.3113,47.0562],[20.3072,47.0602],[20.3025,47.0599],[20.2995,47.0608],[20.2956,47.0599],[20.2931,47.0602],[20.2882,47.0626],[20.2852,47.0656],[20.2831,47.0685],[20.2823,47.0709],[20.2827,47.0716],[20.2812,47.0731],[20.2798,47.0776],[20.28,47.0809],[20.2785,47.0898],[20.2794,47.0957],[20.2821,47.0984],[20.2804,47.0987],[20.2824,47.1053],[20.2848,47.1104],[20.2916,47.1089],[20.2925,47.109],[20.2933,47.1096],[20.2961,47.1156],[20.296,47.1207],[20.2926,47.1208],[20.2857,47.1435],[20.285,47.144],[20.286,47.1456],[20.2855,47.1479],[20.2843,47.1498],[20.2789,47.1524],[20.2627,47.1557],[20.2568,47.1565],[20.2508,47.1565],[20.2482,47.157],[20.2459,47.1581],[20.2448,47.1594],[20.2454,47.1624],[20.2512,47.1717],[20.2504,47.1721],[20.2525,47.1752],[20.2541,47.1803],[20.256,47.1822],[20.2595,47.1914],[20.2597,47.1929],[20.2587,47.1975],[20.2593,47.1995],[20.2614,47.2014],[20.2659,47.2041],[20.2688,47.2049],[20.2715,47.2044],[20.2714,47.204],[20.273,47.2028],[20.2687,47.1948],[20.2677,47.1917],[20.2677,47.1899],[20.2689,47.1876],[20.271,47.1855],[20.2731,47.1842],[20.2762,47.1836],[20.2761,47.1828],[20.2786,47.1832],[20.2821,47.1847],[20.2904,47.189],[20.2928,47.1909],[20.2936,47.1934],[20.2921,47.1971],[20.2919,47.1989],[20.2918,47.2017],[20.2939,47.2078],[20.2943,47.212],[20.2938,47.2183],[20.2942,47.2218],[20.2953,47.2237],[20.2927,47.2434],[20.2929,47.2464],[20.2944,47.2495],[20.2968,47.2509],[20.3007,47.252],[20.3054,47.2528],[20.308,47.2523],[20.3087,47.2454],[20.3096,47.2425],[20.3123,47.24],[20.3154,47.2393],[20.3185,47.2397],[20.3205,47.2404],[20.3278,47.2436],[20.3378,47.2473],[20.3413,47.2492],[20.348,47.2556],[20.3514,47.2634],[20.3534,47.2655],[20.355,47.2663],[20.3583,47.266],[20.3609,47.265]]]}},{"type":"Feature","properties":{"id":"1201","name":"Komárom-Esztergom vármegye 01. OEVK","regionId":"komarom","center":"Tatabánya"},"geometry":{"type":"Polygon","coordinates":[[[18.4192,47.6783],[18.4191,47.6761],[18.4203,47.6696],[18.421,47.6592],[18.4216,47.6574],[18.4196,47.6552],[18.4203,47.6547],[18.4244,47.6538],[18.4275,47.6514],[18.4245,47.6481],[18.4259,47.6478],[18.4271,47.6461],[18.432,47.642],[18.433,47.6347],[18.4316,47.6329],[18.4282,47.6302],[18.4233,47.6239],[18.4257,47.622],[18.4342,47.6125],[18.4323,47.6115],[18.4321,47.6088],[18.433,47.6042],[18.432,47.6001],[18.4332,47.5956],[18.4335,47.592],[18.4378,47.5912],[18.4425,47.5909],[18.4439,47.5911],[18.4484,47.5907],[18.4509,47.5891],[18.4529,47.5894],[18.4577,47.593],[18.4603,47.5935],[18.4665,47.5876],[18.4695,47.5859],[18.4708,47.5856],[18.4732,47.5858],[18.4739,47.5855],[18.4773,47.5824],[18.4785,47.5821],[18.4795,47.5813],[18.4805,47.5776],[18.4843,47.5753],[18.4845,47.5746],[18.4877,47.5724],[18.4892,47.5689],[18.4923,47.5656],[18.4927,47.5645],[18.4928,47.5629],[18.4921,47.5608],[18.4885,47.5547],[18.4857,47.552],[18.485,47.5488],[18.4876,47.5458],[18.4897,47.5415],[18.4918,47.5418],[18.4919,47.5404],[18.494,47.5387],[18.4951,47.5366],[18.4956,47.5367],[18.496,47.5363],[18.4959,47.536],[18.4933,47.5355],[18.4929,47.5364],[18.4923,47.5363],[18.4939,47.5321],[18.4932,47.5321],[18.4936,47.5279],[18.4955,47.5277],[18.496,47.5288],[18.497,47.5266],[18.4972,47.5241],[18.4972,47.5234],[18.4997,47.5195],[18.5022,47.5167],[18.5052,47.5156],[18.5084,47.5125],[18.5124,47.5103],[18.5159,47.5063],[18.5203,47.5032],[18.5304,47.5009],[18.5302,47.4948],[18.5335,47.4909],[18.5395,47.4856],[18.5439,47.4822],[18.5386,47.4821],[18.5275,47.4848],[18.5272,47.4845],[18.5214,47.4886],[18.5186,47.492],[18.5143,47.4927],[18.5121,47.4934],[18.5099,47.4955],[18.5061,47.498],[18.5044,47.4975],[18.5031,47.4952],[18.5016,47.4949],[18.5002,47.4939],[18.498,47.4938],[18.4948,47.4946],[18.4925,47.4959],[18.4914,47.4957],[18.4912,47.4954],[18.4925,47.4943],[18.4926,47.4938],[18.4894,47.4923],[18.4894,47.4896],[18.4865,47.4877],[18.4849,47.4874],[18.4808,47.489],[18.4799,47.4888],[18.4819,47.4867],[18.4826,47.4851],[18.4824,47.4844],[18.48,47.4839],[18.4796,47.4827],[18.4809,47.4815],[18.4793,47.4808],[18.4809,47.4794],[18.4812,47.4765],[18.4808,47.4762],[18.4784,47.4766],[18.4753,47.4745],[18.4745,47.4726],[18.4747,47.4703],[18.4677,47.4746],[18.4661,47.4764],[18.4625,47.477],[18.4614,47.478],[18.4601,47.481],[18.4585,47.4834],[18.4555,47.4858],[18.4552,47.4864],[18.4559,47.489],[18.4545,47.4902],[18.4518,47.4908],[18.4449,47.4969],[18.4387,47.5],[18.4304,47.5056],[18.4309,47.5096],[18.4305,47.5104],[18.4282,47.5114],[18.4238,47.5117],[18.4207,47.5138],[18.4198,47.5137],[18.415,47.516],[18.4139,47.5163],[18.4127,47.5161],[18.4118,47.5169],[18.4091,47.5174],[18.407,47.5184],[18.4062,47.5185],[18.4029,47.5173],[18.4021,47.5178],[18.3967,47.5181],[18.3948,47.5196],[18.3918,47.5208],[18.386,47.5242],[18.3821,47.5256],[18.3804,47.5271],[18.3765,47.5294],[18.3718,47.5331],[18.3721,47.534],[18.3737,47.5353],[18.3713,47.537],[18.3656,47.5427],[18.3606,47.5459],[18.3556,47.551],[18.3531,47.5529],[18.3587,47.5606],[18.3545,47.564],[18.3571,47.5658],[18.3553,47.5653],[18.3545,47.5657],[18.3555,47.5668],[18.3468,47.5717],[18.338,47.5759],[18.3485,47.5848],[18.3532,47.588],[18.3567,47.5913],[18.3471,47.5984],[18.354,47.6026],[18.3452,47.6104],[18.3405,47.6157],[18.3337,47.611],[18.3234,47.6047],[18.3235,47.6043],[18.3181,47.6017],[18.3102,47.5962],[18.3115,47.5948],[18.3128,47.5923],[18.3068,47.588],[18.2993,47.5839],[18.2908,47.5803],[18.287,47.5831],[18.2711,47.5771],[18.2682,47.5795],[18.2648,47.5814],[18.2667,47.5872],[18.2675,47.5882],[18.2662,47.5923],[18.2662,47.5948],[18.2582,47.6112],[18.2509,47.6199],[18.2489,47.6213],[18.2472,47.6263],[18.2424,47.6323],[18.2393,47.635],[18.2325,47.6391],[18.2301,47.6409],[18.2365,47.6473],[18.2512,47.6536],[18.2482,47.6562],[18.246,47.6619],[18.2479,47.6632],[18.2423,47.6683],[18.2515,47.6737],[18.26,47.6682],[18.2644,47.6705],[18.2665,47.6688],[18.2687,47.67],[18.2691,47.6697],[18.2727,47.6713],[18.2737,47.6706],[18.2769,47.6716],[18.2776,47.671],[18.281,47.6725],[18.2821,47.6716],[18.2861,47.6736],[18.2886,47.6757],[18.2883,47.676],[18.2889,47.6765],[18.2869,47.6777],[18.2903,47.6807],[18.2904,47.6803],[18.2945,47.682],[18.3017,47.6774],[18.3081,47.6755],[18.314,47.6753],[18.3243,47.6732],[18.3291,47.6748],[18.3315,47.6738],[18.3305,47.672],[18.3343,47.6712],[18.3377,47.6716],[18.3437,47.6703],[18.3579,47.6619],[18.362,47.6633],[18.3614,47.6649],[18.365,47.6697],[18.366,47.6706],[18.3694,47.672],[18.3706,47.6734],[18.3705,47.6746],[18.3796,47.6809],[18.3807,47.6809],[18.3836,47.6827],[18.3875,47.6811],[18.3974,47.6792],[18.4026,47.6788],[18.4129,47.6795],[18.414,47.6793],[18.4192,47.6783]]]}},{"type":"Feature","properties":{"id":"1203","name":"Komárom-Esztergom vármegye 03. OEVK","regionId":"komarom","center":"Komárom"},"geometry":{"type":"Polygon","coordinates":[[[17.9985,47.7474],[18.0023,47.7472],[18.0078,47.7477],[18.0113,47.7487],[18.0167,47.7509],[18.0266,47.7548],[18.0354,47.7565],[18.0877,47.7565],[18.0934,47.7557],[18.1068,47.7526],[18.129,47.7506],[18.1475,47.7474],[18.168,47.7421],[18.1752,47.7408],[18.1962,47.7399],[18.2021,47.7405],[18.2094,47.7418],[18.2158,47.7422],[18.2249,47.7419],[18.2366,47.7405],[18.254,47.7393],[18.2645,47.7376],[18.2756,47.7333],[18.2803,47.7322],[18.2888,47.7312],[18.293,47.7314],[18.3025,47.7324],[18.3186,47.7351],[18.3235,47.7355],[18.3292,47.7369],[18.3395,47.7384],[18.3578,47.7422],[18.3734,47.7448],[18.3856,47.7495],[18.3912,47.751],[18.3967,47.7519],[18.4047,47.7523],[18.4094,47.7451],[18.4125,47.7428],[18.4121,47.7407],[18.4112,47.7401],[18.411,47.7394],[18.4127,47.7344],[18.4149,47.7316],[18.4143,47.7311],[18.4151,47.7273],[18.4179,47.7236],[18.4194,47.7225],[18.4219,47.7234],[18.4234,47.723],[18.4232,47.7221],[18.4267,47.718],[18.4325,47.7121],[18.4361,47.7097],[18.4371,47.7075],[18.438,47.7026],[18.4422,47.7002],[18.443,47.6973],[18.4457,47.6926],[18.444,47.6914],[18.4425,47.6912],[18.438,47.6896],[18.4334,47.69],[18.4298,47.6895],[18.429,47.6889],[18.428,47.6869],[18.4258,47.6857],[18.4227,47.6855],[18.4216,47.6848],[18.4207,47.6852],[18.4194,47.6845],[18.4184,47.6812],[18.4185,47.6789],[18.4192,47.6783],[18.414,47.6793],[18.4129,47.6795],[18.4026,47.6788],[18.3974,47.6792],[18.3875,47.6811],[18.3836,47.6827],[18.3807,47.6809],[18.3796,47.6809],[18.3705,47.6746],[18.3706,47.6734],[18.3694,47.672],[18.366,47.6706],[18.365,47.6697],[18.3614,47.6649],[18.362,47.6633],[18.3579,47.6619],[18.3437,47.6703],[18.3377,47.6716],[18.3343,47.6712],[18.3305,47.672],[18.3315,47.6738],[18.3291,47.6748],[18.3243,47.6732],[18.314,47.6753],[18.3081,47.6755],[18.3017,47.6774],[18.2945,47.682],[18.2904,47.6803],[18.2903,47.6807],[18.2869,47.6777],[18.2889,47.6765],[18.2883,47.676],[18.2886,47.6757],[18.2861,47.6736],[18.2821,47.6716],[18.281,47.6725],[18.2776,47.671],[18.2769,47.6716],[18.2737,47.6706],[18.2727,47.6713],[18.2691,47.6697],[18.2687,47.67],[18.2665,47.6688],[18.2644,47.6705],[18.26,47.6682],[18.2515,47.6737],[18.2423,47.6683],[18.2479,47.6632],[18.246,47.6619],[18.2482,47.6562],[18.2512,47.6536],[18.2365,47.6473],[18.2301,47.6409],[18.2325,47.6391],[18.2393,47.635],[18.2424,47.6323],[18.2472,47.6263],[18.2489,47.6213],[18.2509,47.6199],[18.2582,47.6112],[18.2662,47.5948],[18.2662,47.5923],[18.2675,47.5882],[18.2667,47.5872],[18.2648,47.5814],[18.2682,47.5795],[18.2711,47.5771],[18.287,47.5831],[18.2908,47.5803],[18.2993,47.5839],[18.3068,47.588],[18.3128,47.5923],[18.3115,47.5948],[18.3102,47.5962],[18.3181,47.6017],[18.3235,47.6043],[18.3234,47.6047],[18.3337,47.611],[18.3405,47.6157],[18.3452,47.6104],[18.354,47.6026],[18.3471,47.5984],[18.3567,47.5913],[18.3532,47.588],[18.3485,47.5848],[18.338,47.5759],[18.3468,47.5717],[18.3555,47.5668],[18.3545,47.5657],[18.3553,47.5653],[18.3571,47.5658],[18.3545,47.564],[18.3587,47.5606],[18.3531,47.5529],[18.3556,47.551],[18.3606,47.5459],[18.3656,47.5427],[18.3713,47.537],[18.3737,47.5353],[18.3721,47.534],[18.3718,47.5331],[18.3765,47.5294],[18.3804,47.5271],[18.3821,47.5256],[18.386,47.5242],[18.3918,47.5208],[18.3948,47.5196],[18.3967,47.5181],[18.4021,47.5178],[18.4029,47.5173],[18.4062,47.5185],[18.407,47.5184],[18.4091,47.5174],[18.4118,47.5169],[18.4127,47.5161],[18.4139,47.5163],[18.415,47.516],[18.4198,47.5137],[18.4207,47.5138],[18.4238,47.5117],[18.4282,47.5114],[18.4305,47.5104],[18.4309,47.5096],[18.4304,47.5056],[18.4387,47.5],[18.4449,47.4969],[18.4518,47.4908],[18.4545,47.4902],[18.4559,47.489],[18.4552,47.4864],[18.4532,47.486],[18.4511,47.4847],[18.4503,47.4849],[18.4438,47.4886],[18.4396,47.4923],[18.4364,47.487],[18.4342,47.4873],[18.4295,47.4854],[18.4276,47.4859],[18.4241,47.4807],[18.422,47.4764],[18.4227,47.4752],[18.4227,47.4743],[18.4216,47.473],[18.4202,47.4724],[18.4196,47.4697],[18.417,47.4694],[18.4113,47.4645],[18.4084,47.4617],[18.4064,47.4581],[18.4018,47.4547],[18.4004,47.4542],[18.4011,47.4524],[18.3996,47.4513],[18.3969,47.4518],[18.3924,47.449],[18.3779,47.4602],[18.3699,47.4581],[18.3641,47.4539],[18.3635,47.4522],[18.3599,47.449],[18.3597,47.4482],[18.357,47.4455],[18.3551,47.4439],[18.3517,47.4421],[18.3506,47.4407],[18.3503,47.4381],[18.3509,47.4363],[18.36,47.4283],[18.3621,47.427],[18.366,47.4265],[18.3682,47.4247],[18.371,47.4211],[18.3732,47.4194],[18.3774,47.4182],[18.3475,47.4126],[18.3427,47.4102],[18.34,47.4103],[18.3373,47.4118],[18.336,47.4132],[18.3315,47.4152],[18.3306,47.416],[18.3293,47.4143],[18.3287,47.4118],[18.3259,47.4065],[18.3235,47.4045],[18.3209,47.4033],[18.3171,47.4032],[18.3116,47.3991],[18.3115,47.3996],[18.3098,47.4008],[18.3089,47.4008],[18.3069,47.4021],[18.3043,47.4032],[18.3017,47.4036],[18.2964,47.407],[18.2849,47.4123],[18.2824,47.4142],[18.2803,47.4168],[18.2795,47.419],[18.28,47.4201],[18.2795,47.4208],[18.2788,47.421],[18.2778,47.4234],[18.2752,47.4243],[18.2741,47.4253],[18.2718,47.4259],[18.2711,47.4266],[18.2685,47.4267],[18.2678,47.4272],[18.2644,47.4278],[18.2617,47.428],[18.2536,47.4309],[18.2474,47.4344],[18.2453,47.4367],[18.2422,47.4416],[18.2404,47.443],[18.2419,47.4442],[18.2427,47.4459],[18.2417,47.4473],[18.2421,47.4485],[18.2408,47.4495],[18.2418,47.4519],[18.2396,47.4527],[18.2414,47.4579],[18.2409,47.4583],[18.2275,47.4627],[18.2227,47.4639],[18.2182,47.4642],[18.2143,47.466],[18.2145,47.4663],[18.2129,47.4671],[18.2039,47.4741],[18.1991,47.4768],[18.1979,47.4771],[18.1967,47.4765],[18.1925,47.4763],[18.1898,47.4767],[18.1885,47.4763],[18.188,47.4755],[18.1949,47.4675],[18.194,47.4654],[18.1944,47.4609],[18.1917,47.4569],[18.1942,47.4554],[18.1946,47.4544],[18.1943,47.4514],[18.1939,47.4506],[18.1908,47.449],[18.1895,47.4473],[18.1861,47.4456],[18.183,47.4448],[18.1793,47.4446],[18.1782,47.4458],[18.1752,47.4476],[18.1714,47.4485],[18.1602,47.4439],[18.1583,47.441],[18.1568,47.4405],[18.1509,47.4401],[18.1439,47.4474],[18.1374,47.4519],[18.1269,47.4471],[18.1182,47.4453],[18.1152,47.4445],[18.1141,47.4424],[18.114,47.4401],[18.1147,47.4377],[18.1175,47.4332],[18.1195,47.4289],[18.1178,47.4251],[18.1144,47.4232],[18.1124,47.4225],[18.1091,47.4219],[18.1047,47.4198],[18.1081,47.4159],[18.1086,47.4136],[18.1102,47.411],[18.1108,47.4068],[18.1097,47.4054],[18.1089,47.4016],[18.1055,47.3975],[18.0976,47.3925],[18.0918,47.3907],[18.0862,47.3844],[18.0855,47.3796],[18.0836,47.3761],[18.08,47.3742],[18.0795,47.3729],[18.0802,47.3696],[18.0795,47.368],[18.0803,47.3656],[18.0878,47.3585],[18.0821,47.356],[18.074,47.355],[18.0661,47.3546],[18.0534,47.3512],[18.0412,47.3437],[18.0337,47.34],[18.0357,47.3343],[18.029,47.3341],[18.0262,47.3366],[18.0222,47.3392],[18.0197,47.3395],[18.0163,47.3396],[18.0108,47.3376],[18.0055,47.3375],[18.0032,47.3379],[18.0008,47.3372],[17.9943,47.3336],[17.9921,47.336],[17.9883,47.337],[17.986,47.3373],[17.9831,47.3371],[17.9802,47.3383],[17.975,47.3374],[17.9734,47.3385],[17.9715,47.3391],[17.9669,47.3378],[17.9628,47.3336],[17.9626,47.333],[17.9612,47.3335],[17.9629,47.3367],[17.9623,47.3378],[17.9627,47.3396],[17.9607,47.3416],[17.9621,47.345],[17.961,47.3462],[17.9612,47.3477],[17.9574,47.3507],[17.9562,47.3526],[17.9547,47.3539],[17.9452,47.3592],[17.939,47.3607],[17.9383,47.3614],[17.9353,47.3627],[17.9308,47.3629],[17.9293,47.3622],[17.9271,47.3618],[17.9269,47.3627],[17.9302,47.3644],[17.9343,47.3657],[17.9378,47.3664],[17.9466,47.3672],[17.9503,47.3695],[17.9509,47.3706],[17.9487,47.3773],[17.9487,47.3789],[17.9467,47.3784],[17.9469,47.3799],[17.9451,47.3813],[17.9418,47.3816],[17.9379,47.3861],[17.9338,47.3883],[17.928,47.3871],[17.9228,47.3891],[17.9211,47.3894],[17.915,47.3894],[17.9118,47.388],[17.9082,47.3844],[17.9051,47.3826],[17.8993,47.3832],[17.8954,47.3844],[17.8839,47.3896],[17.8757,47.3926],[17.8771,47.3961],[17.8764,47.4017],[17.8785,47.4073],[17.8804,47.4091],[17.881,47.4115],[17.8841,47.4164],[17.8845,47.4162],[17.8856,47.4169],[17.8876,47.419],[17.8893,47.4195],[17.8904,47.4204],[17.8895,47.4237],[17.8933,47.4279],[17.8942,47.4285],[17.8942,47.4301],[17.8923,47.4319],[17.8912,47.4342],[17.887,47.4381],[17.8892,47.4417],[17.8879,47.4425],[17.8851,47.4484],[17.8826,47.4524],[17.8777,47.4513],[17.8758,47.4512],[17.8703,47.4579],[17.8727,47.4599],[17.8851,47.4637],[17.8777,47.4664],[17.873,47.4697],[17.8766,47.4731],[17.8738,47.4775],[17.8778,47.4776],[17.8829,47.4796],[17.8881,47.4777],[17.8889,47.4783],[17.8836,47.4846],[17.884,47.4857],[17.8836,47.4879],[17.8859,47.4894],[17.8874,47.491],[17.9015,47.4977],[17.9028,47.4985],[17.904,47.4997],[17.9072,47.4972],[17.9092,47.4977],[17.9086,47.5005],[17.9063,47.5032],[17.9108,47.506],[17.9092,47.5075],[17.9048,47.5097],[17.9004,47.5139],[17.9001,47.5155],[17.8956,47.5209],[17.8951,47.5216],[17.8954,47.5217],[17.8911,47.5281],[17.8887,47.5269],[17.8875,47.528],[17.8874,47.5295],[17.8851,47.531],[17.8854,47.5318],[17.8846,47.5321],[17.8847,47.5326],[17.8857,47.5332],[17.8846,47.5339],[17.8854,47.537],[17.8868,47.5378],[17.8858,47.5387],[17.8858,47.5409],[17.8846,47.5417],[17.8848,47.5422],[17.8838,47.5432],[17.8844,47.5496],[17.8867,47.5511],[17.8879,47.5491],[17.8875,47.548],[17.888,47.5461],[17.8889,47.5464],[17.9036,47.5438],[17.9074,47.5418],[17.9092,47.5413],[17.9223,47.5436],[17.9298,47.5465],[17.9343,47.5479],[17.9358,47.5476],[17.9365,47.5481],[17.9358,47.5501],[17.9307,47.5533],[17.9282,47.5559],[17.9254,47.5513],[17.9199,47.5529],[17.9157,47.5552],[17.9117,47.5564],[17.905,47.5594],[17.9141,47.57],[17.9192,47.5778],[17.923,47.5808],[17.9222,47.5816],[17.9119,47.5851],[17.9137,47.5867],[17.918,47.5878],[17.9218,47.592],[17.9266,47.603],[17.929,47.6098],[17.9331,47.6162],[17.9261,47.6184],[17.9219,47.6194],[17.9191,47.6195],[17.9152,47.6208],[17.9085,47.6219],[17.9083,47.6226],[17.906,47.6241],[17.9002,47.6256],[17.8997,47.6253],[17.8947,47.6263],[17.8918,47.6311],[17.887,47.6376],[17.8929,47.6442],[17.8965,47.6574],[17.8981,47.6609],[17.8986,47.6658],[17.9003,47.6713],[17.9003,47.6722],[17.8989,47.6747],[17.8965,47.6782],[17.8917,47.6817],[17.8895,47.6839],[17.8934,47.6873],[17.8944,47.6918],[17.8968,47.6951],[17.9007,47.6991],[17.9014,47.7005],[17.9019,47.7044],[17.9,47.7134],[17.8991,47.7251],[17.8939,47.7394],[17.8983,47.7393],[17.9017,47.7397],[17.905,47.7405],[17.9115,47.7429],[17.9163,47.744],[17.9387,47.7438],[17.9444,47.7446],[17.9479,47.7457],[17.9511,47.7472],[17.9566,47.7513],[17.9626,47.7547],[17.966,47.7561],[17.9691,47.7567],[17.9739,47.7568],[17.9785,47.756],[17.9812,47.7549],[17.9933,47.7488],[17.9985,47.7474]]]}},{"type":"Feature","properties":{"id":"1406","name":"Pest vármegye 06. OEVK","regionId":"pest","center":"Gödöllő"},"geometry":{"type":"Polygon","coordinates":[[[19.4155,47.7712],[19.4177,47.7711],[19.4241,47.7729],[19.4286,47.7703],[19.4333,47.7688],[19.4383,47.7689],[19.4427,47.7685],[19.4438,47.7687],[19.4447,47.7682],[19.4468,47.7633],[19.4466,47.7605],[19.4447,47.7579],[19.4441,47.7557],[19.4405,47.7534],[19.4363,47.7512],[19.4346,47.7495],[19.4328,47.7429],[19.4339,47.7386],[19.4371,47.7325],[19.4389,47.732],[19.4407,47.7302],[19.4438,47.7283],[19.4448,47.7259],[19.4481,47.7218],[19.45,47.7183],[19.4524,47.7152],[19.4541,47.7146],[19.4615,47.7138],[19.4656,47.7118],[19.4653,47.7094],[19.4678,47.7022],[19.4712,47.6965],[19.4756,47.6908],[19.4773,47.6878],[19.486,47.69],[19.4914,47.6926],[19.501,47.6956],[19.5064,47.6963],[19.5089,47.6959],[19.5112,47.6984],[19.5098,47.7004],[19.5088,47.7041],[19.5041,47.7062],[19.4896,47.7072],[19.491,47.7128],[19.4934,47.7154],[19.4937,47.7167],[19.5064,47.7213],[19.5087,47.7218],[19.5139,47.722],[19.5184,47.7233],[19.5201,47.7282],[19.5221,47.7285],[19.5249,47.7305],[19.5269,47.7305],[19.533,47.7397],[19.5356,47.7424],[19.5379,47.7436],[19.5411,47.7464],[19.5582,47.7409],[19.5609,47.7395],[19.5649,47.7385],[19.567,47.7375],[19.5709,47.7349],[19.5808,47.7297],[19.588,47.7231],[19.6067,47.7119],[19.6042,47.7075],[19.605,47.7071],[19.6037,47.7015],[19.6008,47.7025],[19.5993,47.7026],[19.5948,47.6969],[19.5954,47.696],[19.5994,47.6945],[19.6012,47.6933],[19.5914,47.6879],[19.5951,47.6821],[19.5992,47.6783],[19.6038,47.6728],[19.6072,47.6674],[19.5766,47.6685],[19.5744,47.6616],[19.5674,47.6506],[19.5664,47.6499],[19.5623,47.6497],[19.5703,47.6458],[19.564,47.6366],[19.5629,47.6324],[19.559,47.6325],[19.5575,47.6321],[19.557,47.6314],[19.5427,47.634],[19.5373,47.6237],[19.5234,47.6121],[19.5127,47.6125],[19.5095,47.6119],[19.5061,47.6123],[19.4957,47.6118],[19.4891,47.6125],[19.483,47.611],[19.4694,47.606],[19.4674,47.6059],[19.4641,47.6055],[19.4533,47.6021],[19.4502,47.5991],[19.4489,47.5956],[19.4451,47.5921],[19.4452,47.596],[19.4461,47.597],[19.4438,47.599],[19.443,47.601],[19.4255,47.6023],[19.4249,47.6004],[19.4225,47.5989],[19.4192,47.5951],[19.4198,47.592],[19.4353,47.585],[19.4325,47.5838],[19.4291,47.5833],[19.4286,47.581],[19.4294,47.5789],[19.4288,47.5729],[19.4294,47.5661],[19.4313,47.5643],[19.4325,47.5621],[19.4348,47.5605],[19.4377,47.5592],[19.441,47.5584],[19.4445,47.5567],[19.4509,47.5504],[19.4554,47.5416],[19.4568,47.5397],[19.4616,47.5373],[19.4599,47.5364],[19.4554,47.5319],[19.4493,47.5313],[19.4441,47.5312],[19.4443,47.5273],[19.4437,47.5238],[19.4447,47.5177],[19.4439,47.5137],[19.4443,47.5108],[19.452,47.5065],[19.4543,47.5046],[19.4602,47.5016],[19.4574,47.5003],[19.4527,47.4993],[19.4473,47.4963],[19.4459,47.4964],[19.4449,47.4953],[19.4449,47.4932],[19.4415,47.4942],[19.4384,47.496],[19.4284,47.4982],[19.4226,47.5012],[19.416,47.5054],[19.4106,47.5073],[19.4091,47.5074],[19.4066,47.5049],[19.4024,47.5026],[19.4024,47.5004],[19.4013,47.4968],[19.3978,47.4975],[19.3912,47.4977],[19.3739,47.4989],[19.367,47.5016],[19.3572,47.5071],[19.3382,47.5193],[19.3327,47.5246],[19.3284,47.5216],[19.3235,47.5172],[19.3183,47.5153],[19.3094,47.5142],[19.2962,47.5113],[19.2911,47.5106],[19.2839,47.511],[19.2636,47.5083],[19.2633,47.5108],[19.2585,47.5204],[19.251,47.53],[19.2449,47.5369],[19.2511,47.5406],[19.2455,47.5436],[19.2503,47.5457],[19.2523,47.5509],[19.2471,47.5584],[19.246,47.5626],[19.2453,47.567],[19.2431,47.5683],[19.2196,47.5796],[19.201,47.5852],[19.2096,47.5991],[19.2163,47.6066],[19.221,47.6096],[19.2276,47.6129],[19.2306,47.6174],[19.2254,47.6367],[19.2362,47.64],[19.2521,47.6311],[19.2644,47.6267],[19.2695,47.6264],[19.2688,47.6252],[19.2704,47.6224],[19.2783,47.6265],[19.2755,47.6335],[19.2801,47.6343],[19.2817,47.6352],[19.2879,47.6398],[19.2902,47.6409],[19.2942,47.6447],[19.298,47.6435],[19.2997,47.6455],[19.3023,47.6446],[19.303,47.6455],[19.3058,47.6439],[19.3062,47.6432],[19.3081,47.6448],[19.3087,47.6445],[19.3123,47.6464],[19.3131,47.646],[19.3154,47.6463],[19.3177,47.648],[19.3216,47.6459],[19.3235,47.6465],[19.3262,47.6481],[19.3285,47.6477],[19.3319,47.6463],[19.3333,47.6468],[19.3388,47.6465],[19.3456,47.6458],[19.3505,47.6447],[19.3559,47.6445],[19.3585,47.6442],[19.3618,47.6428],[19.3626,47.6413],[19.369,47.638],[19.3709,47.6396],[19.3721,47.6418],[19.3741,47.6429],[19.3772,47.6464],[19.3787,47.6532],[19.3655,47.6564],[19.3551,47.6602],[19.3396,47.6677],[19.3185,47.6769],[19.3217,47.6798],[19.3279,47.688],[19.3321,47.6901],[19.337,47.6944],[19.3358,47.6964],[19.3331,47.6987],[19.3317,47.6992],[19.3291,47.7016],[19.3315,47.7024],[19.3308,47.7034],[19.3276,47.7046],[19.3284,47.7078],[19.3255,47.709],[19.3216,47.7118],[19.3205,47.7139],[19.3206,47.7144],[19.3272,47.7166],[19.339,47.7258],[19.3425,47.725],[19.3471,47.7233],[19.3567,47.7219],[19.3595,47.7222],[19.3558,47.7194],[19.3564,47.7156],[19.3603,47.7113],[19.365,47.7094],[19.3711,47.7091],[19.3784,47.71],[19.3815,47.7111],[19.3891,47.715],[19.3904,47.7216],[19.3972,47.7287],[19.4022,47.732],[19.4046,47.7344],[19.4047,47.7354],[19.4022,47.7396],[19.401,47.7427],[19.4013,47.7444],[19.4024,47.7457],[19.4043,47.7467],[19.4044,47.7473],[19.4009,47.7541],[19.4015,47.7578],[19.3995,47.7646],[19.401,47.7675],[19.4063,47.773],[19.4093,47.7729],[19.4131,47.771],[19.4151,47.7708],[19.4155,47.7712]]]}},{"type":"Feature","properties":{"id":"1301","name":"Nógrád vármegye 01. OEVK","regionId":"nograd","center":"Salgótarján"},"geometry":{"type":"Polygon","coordinates":[[[19.7868,48.1526],[19.7889,48.1545],[19.7897,48.1583],[19.7925,48.1551],[19.7948,48.1535],[19.801,48.154],[19.8029,48.1549],[19.8065,48.1541],[19.8066,48.1562],[19.8078,48.1574],[19.8076,48.1584],[19.8083,48.1593],[19.8081,48.1607],[19.8065,48.1617],[19.8066,48.1621],[19.8085,48.1625],[19.8096,48.1634],[19.8122,48.1634],[19.8134,48.165],[19.8138,48.167],[19.8187,48.1683],[19.8203,48.1681],[19.8203,48.1686],[19.8213,48.1691],[19.8237,48.1688],[19.8236,48.1685],[19.8267,48.1679],[19.8278,48.1674],[19.8291,48.1674],[19.8299,48.1669],[19.8307,48.1649],[19.8276,48.1641],[19.8273,48.1637],[19.8326,48.1631],[19.8324,48.1626],[19.8386,48.1622],[19.8453,48.1627],[19.845,48.1649],[19.8442,48.1651],[19.8446,48.1652],[19.8439,48.1662],[19.8444,48.1669],[19.8439,48.168],[19.8463,48.1688],[19.8479,48.1703],[19.8505,48.1715],[19.8504,48.1725],[19.8517,48.1744],[19.852,48.1775],[19.8552,48.1784],[19.8562,48.1772],[19.8568,48.177],[19.8573,48.1758],[19.858,48.1757],[19.8585,48.175],[19.8559,48.172],[19.8564,48.1716],[19.8561,48.1712],[19.8578,48.1705],[19.8583,48.1706],[19.8587,48.1701],[19.8594,48.1703],[19.8601,48.1694],[19.8612,48.1697],[19.8622,48.1694],[19.863,48.17],[19.8654,48.1707],[19.8659,48.1706],[19.8681,48.1715],[19.8705,48.1708],[19.8705,48.1705],[19.8753,48.1696],[19.8762,48.1695],[19.8763,48.17],[19.8782,48.1706],[19.88,48.1702],[19.8824,48.1641],[19.8848,48.1645],[19.8891,48.1641],[19.8987,48.1663],[19.9001,48.1629],[19.8999,48.1621],[19.9016,48.1601],[19.9059,48.1513],[19.9069,48.1502],[19.9124,48.1483],[19.9145,48.1469],[19.9129,48.1459],[19.9098,48.1424],[19.9097,48.14],[19.9103,48.1397],[19.909,48.1394],[19.909,48.139],[19.9084,48.139],[19.9076,48.1382],[19.9056,48.1378],[19.9046,48.1379],[19.9021,48.1366],[19.9014,48.1348],[19.9018,48.1346],[19.9013,48.1332],[19.9017,48.1332],[19.9013,48.1326],[19.9016,48.132],[19.9005,48.1317],[19.9,48.1305],[19.898,48.1295],[19.8983,48.1249],[19.8993,48.1247],[19.9004,48.1241],[19.9064,48.1268],[19.9069,48.1288],[19.9083,48.1296],[19.9109,48.1298],[19.9149,48.1287],[19.917,48.1293],[19.9185,48.129],[19.9228,48.1293],[19.9294,48.1301],[19.9337,48.132],[19.9364,48.1316],[19.9374,48.1311],[19.9388,48.1339],[19.9372,48.1363],[19.9371,48.1372],[19.9381,48.1372],[19.9406,48.1399],[19.9423,48.1404],[19.9436,48.1414],[19.9448,48.1413],[19.9445,48.1422],[19.9454,48.143],[19.9467,48.1431],[19.9464,48.1443],[19.949,48.1459],[19.9487,48.1461],[19.9498,48.1463],[19.9494,48.1468],[19.9503,48.1478],[19.9516,48.1515],[19.9563,48.1511],[19.9561,48.1519],[19.9587,48.1519],[19.9606,48.1526],[19.9636,48.152],[19.9744,48.166],[19.9809,48.1656],[19.9848,48.1627],[19.9887,48.1622],[19.9915,48.1684],[19.995,48.168],[19.9974,48.1684],[19.9982,48.1688],[19.9987,48.1698],[20.0015,48.1703],[20.0035,48.1723],[20.0037,48.1718],[20.0055,48.1717],[20.0082,48.1724],[20.0122,48.1723],[20.0133,48.1733],[20.0162,48.1739],[20.0172,48.1751],[20.0163,48.1759],[20.0265,48.1769],[20.029,48.1777],[20.0305,48.1767],[20.0308,48.1769],[20.0323,48.1762],[20.0336,48.1751],[20.0356,48.1745],[20.0408,48.1742],[20.0423,48.1736],[20.0432,48.173],[20.0436,48.1721],[20.0431,48.1709],[20.0443,48.1673],[20.0475,48.1674],[20.0495,48.1672],[20.0519,48.1677],[20.0544,48.1661],[20.0569,48.1674],[20.0594,48.1679],[20.0618,48.167],[20.0611,48.1663],[20.0609,48.1651],[20.0622,48.1642],[20.0631,48.1627],[20.0631,48.1613],[20.0648,48.161],[20.0645,48.1588],[20.0636,48.1581],[20.0648,48.1574],[20.0642,48.1564],[20.0645,48.1555],[20.0682,48.1538],[20.0722,48.1532],[20.075,48.1551],[20.0763,48.1552],[20.0791,48.1531],[20.0794,48.1524],[20.0813,48.1517],[20.0819,48.1523],[20.084,48.1525],[20.0848,48.1531],[20.0876,48.1534],[20.0874,48.1529],[20.0882,48.1521],[20.089,48.1521],[20.0908,48.1511],[20.0895,48.1491],[20.0912,48.1488],[20.0912,48.1463],[20.0931,48.1432],[20.0885,48.1412],[20.0879,48.1403],[20.0831,48.1365],[20.0806,48.1374],[20.0791,48.1371],[20.0783,48.1364],[20.0786,48.1312],[20.0772,48.1306],[20.0764,48.1297],[20.0778,48.1284],[20.0783,48.1269],[20.0749,48.1258],[20.0738,48.1231],[20.0726,48.1218],[20.0711,48.1212],[20.0663,48.1232],[20.0648,48.1228],[20.0629,48.1231],[20.0608,48.123],[20.0583,48.124],[20.0547,48.123],[20.0524,48.1233],[20.0504,48.124],[20.0481,48.1232],[20.0473,48.1228],[20.0472,48.1207],[20.0468,48.1207],[20.0465,48.1199],[20.0477,48.118],[20.0475,48.117],[20.0492,48.1151],[20.0479,48.1134],[20.0461,48.1126],[20.0455,48.1115],[20.043,48.1095],[20.0415,48.1066],[20.0399,48.106],[20.0323,48.1076],[20.0295,48.1069],[20.0223,48.1036],[20.0206,48.1043],[20.0185,48.1024],[20.0171,48.1028],[20.0153,48.1021],[20.0116,48.1023],[20.0092,48.1014],[20.0054,48.1021],[20.0039,48.1015],[20.003,48.0997],[19.9999,48.0991],[19.9954,48.0969],[19.9927,48.0969],[19.9911,48.0963],[19.9905,48.0967],[19.9891,48.0941],[19.9853,48.0933],[19.9836,48.0936],[19.9809,48.0924],[19.9784,48.0931],[19.9776,48.0938],[19.9781,48.0945],[19.9772,48.0957],[19.9763,48.0956],[19.9719,48.0911],[19.9691,48.0907],[19.9683,48.0898],[19.9684,48.0891],[19.9698,48.0879],[19.973,48.0873],[19.9736,48.0851],[19.9745,48.0843],[19.9731,48.084],[19.9721,48.0829],[19.972,48.0796],[19.9726,48.0782],[19.9734,48.0777],[19.9749,48.0775],[19.9775,48.0785],[19.9803,48.077],[19.9821,48.0754],[19.9867,48.0755],[19.9876,48.0736],[19.9865,48.0726],[19.9872,48.0714],[19.9859,48.0706],[19.9863,48.0701],[19.9897,48.0684],[19.9935,48.0678],[19.9935,48.0674],[19.992,48.0663],[19.9938,48.0663],[19.9943,48.0658],[19.9939,48.0652],[19.9953,48.064],[19.9952,48.0636],[19.9973,48.063],[19.9993,48.0619],[20.0018,48.0616],[20.0023,48.0606],[20.0038,48.0618],[20.0056,48.0609],[20.0031,48.06],[20.0058,48.0582],[20.0066,48.0589],[20.0083,48.0582],[20.008,48.0567],[20.0108,48.0572],[20.0138,48.0559],[20.0131,48.0554],[20.018,48.0533],[20.0136,48.0532],[20.0117,48.0541],[20.0093,48.0535],[20.0081,48.0518],[20.0103,48.0497],[20.0111,48.0478],[20.0106,48.0466],[20.0111,48.0456],[20.0134,48.0443],[20.0104,48.0421],[20.0104,48.0415],[20.0134,48.0377],[20.0127,48.0358],[20.0138,48.0341],[20.0137,48.0325],[20.0157,48.0312],[20.0156,48.0306],[20.0133,48.0286],[20.0131,48.0271],[20.0135,48.026],[20.0133,48.0243],[20.0152,48.0213],[20.0152,48.0185],[20.0161,48.0176],[20.0182,48.0167],[20.0187,48.0157],[20.02,48.0152],[20.0225,48.0153],[20.024,48.0149],[20.0268,48.0153],[20.0266,48.013],[20.0282,48.013],[20.0304,48.0113],[20.0306,48.0105],[20.0321,48.0094],[20.0316,48.0074],[20.0267,48.0082],[20.0243,48.0075],[20.0233,48.0068],[20.0225,48.0068],[20.022,48.0063],[20.0206,48.0064],[20.0193,48.0056],[20.0174,48.0054],[20.012,48.006],[20.0036,48.0043],[19.9997,48.0052],[19.9978,48.006],[19.9982,48.0066],[19.9961,48.0071],[19.9904,47.9992],[19.9821,47.9988],[19.9804,47.9982],[19.9799,47.9969],[19.9803,47.9962],[19.98,47.9941],[19.9767,47.9921],[19.9757,47.991],[19.9756,47.989],[19.9767,47.9874],[19.9802,47.9864],[19.9813,47.9854],[19.9813,47.9841],[19.9865,47.982],[19.9864,47.98],[19.9858,47.9792],[19.9839,47.9789],[19.9831,47.9791],[19.979,47.978],[19.9773,47.9758],[19.977,47.9743],[19.9758,47.9735],[19.9681,47.9735],[19.9654,47.9727],[19.9642,47.9715],[19.9637,47.9702],[19.9646,47.9661],[19.9651,47.9654],[19.9673,47.964],[19.9678,47.9629],[19.9678,47.9587],[19.9681,47.9574],[19.9692,47.9561],[19.9693,47.9538],[19.9679,47.9502],[19.9649,47.9482],[19.9582,47.9464],[19.9524,47.9468],[19.9501,47.9464],[19.9473,47.9449],[19.9467,47.9441],[19.9455,47.9439],[19.944,47.9437],[19.941,47.944],[19.9389,47.9416],[19.9398,47.9399],[19.9379,47.939],[19.9369,47.9359],[19.9349,47.9343],[19.9363,47.932],[19.9361,47.9309],[19.9331,47.9271],[19.9327,47.926],[19.9333,47.9253],[19.9318,47.9248],[19.9304,47.9238],[19.9276,47.9238],[19.9239,47.9223],[19.9229,47.9216],[19.9228,47.9184],[19.9219,47.918],[19.9222,47.923],[19.9203,47.9231],[19.9202,47.9237],[19.9164,47.9194],[19.9159,47.9195],[19.9155,47.9162],[19.913,47.9162],[19.9122,47.9167],[19.9118,47.9182],[19.9106,47.9189],[19.9079,47.9183],[19.9038,47.9182],[19.8999,47.9167],[19.896,47.9173],[19.8951,47.917],[19.8882,47.9226],[19.8878,47.9234],[19.8851,47.9242],[19.8811,47.9299],[19.8789,47.9305],[19.8773,47.9297],[19.8708,47.9303],[19.8654,47.9283],[19.8638,47.9273],[19.861,47.9278],[19.8582,47.9276],[19.8552,47.9289],[19.8525,47.9294],[19.851,47.9291],[19.8493,47.928],[19.8472,47.928],[19.843,47.9292],[19.8416,47.9292],[19.8399,47.9286],[19.8381,47.9289],[19.8338,47.9284],[19.8327,47.9277],[19.8248,47.9257],[19.8222,47.9264],[19.8182,47.9247],[19.8183,47.9243],[19.8163,47.9229],[19.8146,47.9233],[19.8101,47.9226],[19.8091,47.9228],[19.8097,47.9185],[19.8108,47.9162],[19.8108,47.9142],[19.8115,47.9133],[19.8094,47.9086],[19.8141,47.9073],[19.8139,47.9071],[19.8132,47.9072],[19.809,47.9044],[19.8131,47.9018],[19.8154,47.9019],[19.8206,47.8991],[19.8211,47.8976],[19.8222,47.897],[19.8303,47.896],[19.8344,47.8963],[19.8314,47.8985],[19.8328,47.8993],[19.8343,47.8999],[19.835,47.8991],[19.8367,47.8992],[19.8368,47.9002],[19.8381,47.9003],[19.8395,47.9014],[19.8411,47.9015],[19.8553,47.8909],[19.8545,47.8906],[19.8495,47.8902],[19.847,47.887],[19.8481,47.8856],[19.8483,47.8842],[19.8483,47.8829],[19.8475,47.8817],[19.8433,47.8764],[19.8382,47.8753],[19.836,47.8744],[19.8318,47.8741],[19.8312,47.8738],[19.8303,47.8745],[19.8267,47.8761],[19.8255,47.8756],[19.8241,47.8765],[19.8205,47.8801],[19.8194,47.8805],[19.8197,47.8815],[19.8163,47.8836],[19.8159,47.8843],[19.813,47.8855],[19.8105,47.886],[19.807,47.8859],[19.8044,47.8862],[19.8032,47.8867],[19.8021,47.8865],[19.8003,47.8874],[19.7975,47.8896],[19.7975,47.8911],[19.7962,47.8926],[19.7846,47.8996],[19.7828,47.9017],[19.7802,47.9031],[19.7786,47.9034],[19.7772,47.9047],[19.7679,47.9029],[19.7672,47.901],[19.7675,47.8965],[19.7656,47.8957],[19.7633,47.8932],[19.7615,47.8929],[19.7594,47.8911],[19.7594,47.8882],[19.7637,47.8891],[19.7658,47.8886],[19.7657,47.8864],[19.7665,47.8843],[19.765,47.8822],[19.7625,47.8802],[19.7636,47.8768],[19.7631,47.8756],[19.7632,47.8719],[19.7642,47.8695],[19.7626,47.8669],[19.7602,47.8646],[19.7505,47.8598],[19.7485,47.8576],[19.7436,47.8547],[19.7417,47.853],[19.7361,47.8502],[19.7318,47.8454],[19.7314,47.8455],[19.7298,47.8424],[19.7278,47.841],[19.7254,47.8411],[19.7247,47.8407],[19.7249,47.8406],[19.7261,47.8399],[19.7237,47.8371],[19.7228,47.8351],[19.722,47.8346],[19.722,47.8305],[19.7193,47.8292],[19.7194,47.8275],[19.7189,47.8268],[19.7168,47.8255],[19.7159,47.8243],[19.7169,47.8217],[19.7203,47.8182],[19.7202,47.8179],[19.7178,47.8185],[19.717,47.8184],[19.7087,47.8155],[19.706,47.8165],[19.7041,47.8156],[19.7039,47.8163],[19.701,47.8166],[19.696,47.8181],[19.6948,47.8191],[19.6916,47.8192],[19.6902,47.8202],[19.6853,47.82],[19.6837,47.8177],[19.6841,47.8172],[19.6835,47.8171],[19.684,47.8164],[19.6833,47.8163],[19.6838,47.8158],[19.6828,47.8147],[19.6846,47.8139],[19.6831,47.8133],[19.683,47.8125],[19.6821,47.8124],[19.6831,47.8111],[19.6819,47.8107],[19.6761,47.8108],[19.67,47.8105],[19.6667,47.81],[19.6666,47.8052],[19.6681,47.8021],[19.6663,47.802],[19.6658,47.8007],[19.6648,47.8],[19.6638,47.7998],[19.6623,47.7999],[19.6613,47.8011],[19.6619,47.803],[19.6608,47.8027],[19.6602,47.8037],[19.6592,47.8025],[19.6582,47.8024],[19.657,47.8028],[19.657,47.8032],[19.658,47.8035],[19.6573,47.8042],[19.6584,47.805],[19.6579,47.8052],[19.6572,47.8048],[19.6566,47.8049],[19.6576,47.8059],[19.6561,47.8057],[19.6565,47.8069],[19.656,47.807],[19.6548,47.8065],[19.6543,47.807],[19.6542,47.808],[19.6519,47.8081],[19.652,47.809],[19.6531,47.809],[19.6527,47.8102],[19.6535,47.8109],[19.6541,47.8111],[19.6549,47.8108],[19.6564,47.8114],[19.6561,47.8116],[19.655,47.8113],[19.6551,47.8119],[19.6534,47.8134],[19.6488,47.8119],[19.64,47.8089],[19.6343,47.8063],[19.6323,47.8058],[19.6355,47.8014],[19.636,47.7976],[19.6411,47.7914],[19.6412,47.7882],[19.6428,47.7825],[19.6453,47.7801],[19.6428,47.7778],[19.6409,47.773],[19.6385,47.7694],[19.6423,47.768],[19.6388,47.763],[19.6346,47.7593],[19.6312,47.7553],[19.6294,47.7541],[19.6261,47.7561],[19.6254,47.7573],[19.6226,47.7595],[19.6175,47.7613],[19.6131,47.7624],[19.6121,47.7621],[19.6108,47.7595],[19.6084,47.7586],[19.6057,47.7567],[19.6019,47.7552],[19.5993,47.7514],[19.5971,47.7509],[19.5873,47.7467],[19.5848,47.7482],[19.5822,47.7474],[19.5795,47.7473],[19.5782,47.7477],[19.5776,47.7513],[19.5725,47.7532],[19.5708,47.7547],[19.5712,47.7558],[19.5632,47.7564],[19.5621,47.7569],[19.5555,47.7615],[19.5425,47.7692],[19.5436,47.7729],[19.5395,47.7736],[19.5366,47.7746],[19.5326,47.7787],[19.5296,47.7796],[19.5278,47.7795],[19.5272,47.7818],[19.5262,47.7823],[19.5259,47.7832],[19.526,47.7863],[19.5264,47.7868],[19.526,47.7878],[19.5243,47.789],[19.5236,47.7907],[19.5223,47.7921],[19.5149,47.7972],[19.5131,47.798],[19.5153,47.8001],[19.5177,47.8015],[19.525,47.8043],[19.5291,47.8053],[19.5377,47.8094],[19.5393,47.8106],[19.548,47.8144],[19.5587,47.8206],[19.5594,47.8234],[19.5597,47.8308],[19.5545,47.837],[19.5513,47.8397],[19.5488,47.8426],[19.5463,47.8444],[19.5439,47.8456],[19.5389,47.8464],[19.5369,47.8473],[19.5338,47.848],[19.5308,47.8506],[19.5283,47.8552],[19.5272,47.8561],[19.5277,47.8588],[19.527,47.86],[19.5236,47.8625],[19.5235,47.8631],[19.5219,47.8643],[19.5204,47.8662],[19.5223,47.868],[19.5232,47.8696],[19.522,47.8718],[19.5234,47.8738],[19.5233,47.8754],[19.5238,47.8767],[19.5208,47.8772],[19.5178,47.8785],[19.5142,47.8806],[19.5122,47.8828],[19.5056,47.8856],[19.4973,47.8903],[19.4966,47.8905],[19.4943,47.8897],[19.4934,47.8918],[19.4939,47.8941],[19.4935,47.895],[19.4921,47.8959],[19.4909,47.8986],[19.4898,47.8992],[19.4878,47.9051],[19.4894,47.9069],[19.4928,47.9083],[19.4955,47.9118],[19.4942,47.9149],[19.4988,47.9203],[19.5001,47.9233],[19.5021,47.9244],[19.5031,47.9265],[19.5041,47.9302],[19.5037,47.9347],[19.504,47.9363],[19.505,47.9376],[19.5094,47.9404],[19.5108,47.9409],[19.5113,47.9418],[19.5124,47.9419],[19.5126,47.9427],[19.5143,47.9434],[19.5147,47.944],[19.5168,47.944],[19.5177,47.9445],[19.5192,47.9443],[19.5192,47.9453],[19.5211,47.9491],[19.5212,47.9508],[19.5231,47.953],[19.5238,47.9529],[19.5255,47.9542],[19.5267,47.9562],[19.5291,47.9574],[19.5327,47.9582],[19.5354,47.9593],[19.539,47.9617],[19.5451,47.9632],[19.548,47.9649],[19.5481,47.9662],[19.5475,47.9671],[19.5466,47.9674],[19.5456,47.9688],[19.5442,47.9692],[19.5487,47.9743],[19.5498,47.9749],[19.5506,47.9748],[19.552,47.9724],[19.5537,47.9715],[19.5546,47.9703],[19.5555,47.9699],[19.5563,47.9701],[19.5587,47.9687],[19.5614,47.9685],[19.5628,47.9671],[19.5645,47.9673],[19.5657,47.9664],[19.5665,47.9644],[19.5688,47.9641],[19.5709,47.9649],[19.5724,47.966],[19.5727,47.9667],[19.5722,47.9677],[19.5728,47.9692],[19.5754,47.9706],[19.5756,47.9729],[19.5771,47.9743],[19.5787,47.9729],[19.5818,47.9725],[19.5821,47.9732],[19.5845,47.9749],[19.5864,47.9758],[19.5894,47.9754],[19.5951,47.974],[19.5974,47.9742],[19.5941,47.9844],[19.5908,47.9857],[19.5872,47.9854],[19.587,47.9849],[19.5853,47.9847],[19.5852,47.9844],[19.5837,47.9849],[19.5838,47.9858],[19.5824,47.9863],[19.5817,47.9871],[19.5814,47.9885],[19.5798,47.9894],[19.5788,47.9885],[19.5772,47.9894],[19.577,47.9897],[19.5785,47.9903],[19.579,47.991],[19.576,47.9936],[19.576,47.9946],[19.5776,47.9957],[19.5763,47.997],[19.5745,47.9971],[19.574,47.9975],[19.5762,48.005],[19.5783,48.0071],[19.581,48.0083],[19.5829,48.0114],[19.5844,48.0115],[19.5874,48.0103],[19.5977,48.0075],[19.6017,48.0056],[19.5991,48.0042],[19.5986,48.0028],[19.5974,48.0019],[19.6054,47.9973],[19.6086,47.9947],[19.6104,47.9955],[19.6131,47.993],[19.6129,47.9907],[19.614,47.9903],[19.6142,47.9891],[19.6163,47.9871],[19.6179,47.9863],[19.6189,47.9864],[19.6206,47.9852],[19.6243,47.9884],[19.6238,47.9893],[19.6248,47.9893],[19.6262,47.9902],[19.6275,47.9903],[19.6289,47.9898],[19.6303,47.9902],[19.6318,47.9929],[19.6345,47.9934],[19.6351,47.9943],[19.6368,47.995],[19.645,47.994],[19.6464,47.9943],[19.6499,47.9969],[19.6512,47.9989],[19.6532,47.999],[19.6575,47.9979],[19.6606,47.9975],[19.6619,47.9969],[19.6629,47.9953],[19.6663,47.9941],[19.6679,47.9966],[19.669,47.9972],[19.6691,47.9976],[19.6686,47.9981],[19.6672,48.0003],[19.6647,48.0018],[19.6634,48.0032],[19.6628,48.0046],[19.6561,48.0095],[19.6549,48.0125],[19.6545,48.0157],[19.6515,48.0226],[19.6493,48.0241],[19.6444,48.0298],[19.6423,48.0349],[19.6451,48.0384],[19.6482,48.0334],[19.6537,48.0325],[19.6551,48.0327],[19.6493,48.0394],[19.6514,48.0416],[19.6513,48.0419],[19.6591,48.0427],[19.6574,48.0463],[19.6563,48.0467],[19.6578,48.0484],[19.6595,48.0495],[19.6604,48.0494],[19.6607,48.0504],[19.6635,48.0514],[19.6647,48.0527],[19.6681,48.0541],[19.6572,48.0586],[19.6574,48.0593],[19.6592,48.0606],[19.659,48.0619],[19.6572,48.0622],[19.6569,48.0626],[19.6564,48.064],[19.6582,48.0645],[19.6565,48.0668],[19.6573,48.0679],[19.6623,48.0714],[19.6603,48.0728],[19.6661,48.0754],[19.6676,48.0746],[19.6708,48.0757],[19.674,48.0757],[19.6753,48.0761],[19.6768,48.0789],[19.6756,48.0794],[19.6759,48.0802],[19.6734,48.0808],[19.6734,48.0817],[19.6717,48.0821],[19.6717,48.0827],[19.6788,48.0829],[19.6937,48.0862],[19.6949,48.0866],[19.6937,48.0875],[19.6964,48.0887],[19.6958,48.088],[19.696,48.0876],[19.697,48.0882],[19.7015,48.0893],[19.7055,48.0877],[19.7077,48.088],[19.7095,48.0892],[19.7127,48.0898],[19.713,48.0895],[19.7144,48.09],[19.7195,48.0863],[19.7208,48.086],[19.7224,48.0849],[19.7248,48.082],[19.7257,48.0814],[19.7323,48.085],[19.734,48.0855],[19.7404,48.0846],[19.7424,48.0857],[19.7436,48.0859],[19.7449,48.0871],[19.7461,48.0875],[19.748,48.0858],[19.7508,48.0853],[19.7525,48.0846],[19.758,48.0859],[19.7593,48.0866],[19.7575,48.0881],[19.7583,48.091],[19.7579,48.0914],[19.7591,48.0935],[19.7567,48.0948],[19.757,48.096],[19.7563,48.0975],[19.7563,48.0989],[19.7526,48.1036],[19.7565,48.1061],[19.7588,48.1067],[19.7601,48.1069],[19.7595,48.1098],[19.7608,48.1113],[19.7644,48.1117],[19.7665,48.1114],[19.7688,48.1122],[19.7703,48.114],[19.7695,48.1162],[19.7687,48.1168],[19.7702,48.1176],[19.7731,48.1166],[19.7737,48.117],[19.7731,48.1192],[19.7747,48.1204],[19.7745,48.1224],[19.7761,48.1231],[19.7775,48.1243],[19.7823,48.1253],[19.7847,48.1267],[19.7873,48.1272],[19.7883,48.128],[19.7898,48.1276],[19.7926,48.1284],[19.7936,48.131],[19.7922,48.134],[19.7945,48.1346],[19.7969,48.1366],[19.7936,48.1378],[19.7903,48.14],[19.7895,48.1417],[19.7903,48.1442],[19.7903,48.1488],[19.7898,48.15],[19.7868,48.1526]]]}},{"type":"Feature","properties":{"id":"1302","name":"Nógrád vármegye 02. OEVK","regionId":"nograd","center":"Balassagyarmat"},"geometry":{"type":"Polygon","coordinates":[[[19.7897,48.1583],[19.7889,48.1545],[19.7868,48.1526],[19.7898,48.15],[19.7903,48.1488],[19.7903,48.1442],[19.7895,48.1417],[19.7903,48.14],[19.7936,48.1378],[19.7969,48.1366],[19.7945,48.1346],[19.7922,48.134],[19.7936,48.131],[19.7926,48.1284],[19.7898,48.1276],[19.7883,48.128],[19.7873,48.1272],[19.7847,48.1267],[19.7823,48.1253],[19.7775,48.1243],[19.7761,48.1231],[19.7745,48.1224],[19.7747,48.1204],[19.7731,48.1192],[19.7737,48.117],[19.7731,48.1166],[19.7702,48.1176],[19.7687,48.1168],[19.7695,48.1162],[19.7703,48.114],[19.7688,48.1122],[19.7665,48.1114],[19.7644,48.1117],[19.7608,48.1113],[19.7595,48.1098],[19.7601,48.1069],[19.7588,48.1067],[19.7565,48.1061],[19.7526,48.1036],[19.7563,48.0989],[19.7563,48.0975],[19.757,48.096],[19.7567,48.0948],[19.7591,48.0935],[19.7579,48.0914],[19.7583,48.091],[19.7575,48.0881],[19.7593,48.0866],[19.758,48.0859],[19.7525,48.0846],[19.7508,48.0853],[19.748,48.0858],[19.7461,48.0875],[19.7449,48.0871],[19.7436,48.0859],[19.7424,48.0857],[19.7404,48.0846],[19.734,48.0855],[19.7323,48.085],[19.7257,48.0814],[19.7248,48.082],[19.7224,48.0849],[19.7208,48.086],[19.7195,48.0863],[19.7144,48.09],[19.713,48.0895],[19.7127,48.0898],[19.7095,48.0892],[19.7077,48.088],[19.7055,48.0877],[19.7015,48.0893],[19.697,48.0882],[19.696,48.0876],[19.6958,48.088],[19.6964,48.0887],[19.6937,48.0875],[19.6949,48.0866],[19.6937,48.0862],[19.6788,48.0829],[19.6717,48.0827],[19.6717,48.0821],[19.6734,48.0817],[19.6734,48.0808],[19.6759,48.0802],[19.6756,48.0794],[19.6768,48.0789],[19.6753,48.0761],[19.674,48.0757],[19.6708,48.0757],[19.6676,48.0746],[19.6661,48.0754],[19.6603,48.0728],[19.6623,48.0714],[19.6573,48.0679],[19.6565,48.0668],[19.6582,48.0645],[19.6564,48.064],[19.6569,48.0626],[19.6572,48.0622],[19.659,48.0619],[19.6592,48.0606],[19.6574,48.0593],[19.6572,48.0586],[19.6681,48.0541],[19.6647,48.0527],[19.6635,48.0514],[19.6607,48.0504],[19.6604,48.0494],[19.6595,48.0495],[19.6578,48.0484],[19.6563,48.0467],[19.6574,48.0463],[19.6591,48.0427],[19.6513,48.0419],[19.6514,48.0416],[19.6493,48.0394],[19.6551,48.0327],[19.6537,48.0325],[19.6482,48.0334],[19.6451,48.0384],[19.6423,48.0349],[19.6444,48.0298],[19.6493,48.0241],[19.6515,48.0226],[19.6545,48.0157],[19.6549,48.0125],[19.6561,48.0095],[19.6628,48.0046],[19.6634,48.0032],[19.6647,48.0018],[19.6672,48.0003],[19.6686,47.9981],[19.6691,47.9976],[19.669,47.9972],[19.6679,47.9966],[19.6663,47.9941],[19.6629,47.9953],[19.6619,47.9969],[19.6606,47.9975],[19.6575,47.9979],[19.6532,47.999],[19.6512,47.9989],[19.6499,47.9969],[19.6464,47.9943],[19.645,47.994],[19.6368,47.995],[19.6351,47.9943],[19.6345,47.9934],[19.6318,47.9929],[19.6303,47.9902],[19.6289,47.9898],[19.6275,47.9903],[19.6262,47.9902],[19.6248,47.9893],[19.6238,47.9893],[19.6243,47.9884],[19.6206,47.9852],[19.6189,47.9864],[19.6179,47.9863],[19.6163,47.9871],[19.6142,47.9891],[19.614,47.9903],[19.6129,47.9907],[19.6131,47.993],[19.6104,47.9955],[19.6086,47.9947],[19.6054,47.9973],[19.5974,48.0019],[19.5986,48.0028],[19.5991,48.0042],[19.6017,48.0056],[19.5977,48.0075],[19.5874,48.0103],[19.5844,48.0115],[19.5829,48.0114],[19.581,48.0083],[19.5783,48.0071],[19.5762,48.005],[19.574,47.9975],[19.5745,47.9971],[19.5763,47.997],[19.5776,47.9957],[19.576,47.9946],[19.576,47.9936],[19.579,47.991],[19.5785,47.9903],[19.577,47.9897],[19.5772,47.9894],[19.5788,47.9885],[19.5798,47.9894],[19.5814,47.9885],[19.5817,47.9871],[19.5824,47.9863],[19.5838,47.9858],[19.5837,47.9849],[19.5852,47.9844],[19.5853,47.9847],[19.587,47.9849],[19.5872,47.9854],[19.5908,47.9857],[19.5941,47.9844],[19.5974,47.9742],[19.5951,47.974],[19.5894,47.9754],[19.5864,47.9758],[19.5845,47.9749],[19.5821,47.9732],[19.5818,47.9725],[19.5787,47.9729],[19.5771,47.9743],[19.5756,47.9729],[19.5754,47.9706],[19.5728,47.9692],[19.5722,47.9677],[19.5727,47.9667],[19.5724,47.966],[19.5709,47.9649],[19.5688,47.9641],[19.5665,47.9644],[19.5657,47.9664],[19.5645,47.9673],[19.5628,47.9671],[19.5614,47.9685],[19.5587,47.9687],[19.5563,47.9701],[19.5555,47.9699],[19.5546,47.9703],[19.5537,47.9715],[19.552,47.9724],[19.5506,47.9748],[19.5498,47.9749],[19.5487,47.9743],[19.5442,47.9692],[19.5456,47.9688],[19.5466,47.9674],[19.5475,47.9671],[19.5481,47.9662],[19.548,47.9649],[19.5451,47.9632],[19.539,47.9617],[19.5354,47.9593],[19.5327,47.9582],[19.5291,47.9574],[19.5267,47.9562],[19.5255,47.9542],[19.5238,47.9529],[19.5231,47.953],[19.5212,47.9508],[19.5211,47.9491],[19.5192,47.9453],[19.5192,47.9443],[19.5177,47.9445],[19.5168,47.944],[19.5147,47.944],[19.5143,47.9434],[19.5126,47.9427],[19.5124,47.9419],[19.5113,47.9418],[19.5108,47.9409],[19.5094,47.9404],[19.505,47.9376],[19.504,47.9363],[19.5037,47.9347],[19.5041,47.9302],[19.5031,47.9265],[19.5021,47.9244],[19.5001,47.9233],[19.4988,47.9203],[19.4942,47.9149],[19.4955,47.9118],[19.4928,47.9083],[19.4894,47.9069],[19.4878,47.9051],[19.4898,47.8992],[19.4909,47.8986],[19.4921,47.8959],[19.4935,47.895],[19.4939,47.8941],[19.4934,47.8918],[19.4943,47.8897],[19.4966,47.8905],[19.4973,47.8903],[19.5056,47.8856],[19.5122,47.8828],[19.5142,47.8806],[19.5178,47.8785],[19.5208,47.8772],[19.5238,47.8767],[19.5233,47.8754],[19.5234,47.8738],[19.522,47.8718],[19.5232,47.8696],[19.5223,47.868],[19.5204,47.8662],[19.5219,47.8643],[19.5235,47.8631],[19.5236,47.8625],[19.527,47.86],[19.5277,47.8588],[19.5272,47.8561],[19.5283,47.8552],[19.5308,47.8506],[19.5338,47.848],[19.5369,47.8473],[19.5389,47.8464],[19.5439,47.8456],[19.5463,47.8444],[19.5488,47.8426],[19.5513,47.8397],[19.5545,47.837],[19.5597,47.8308],[19.5594,47.8234],[19.5587,47.8206],[19.548,47.8144],[19.5393,47.8106],[19.5377,47.8094],[19.5291,47.8053],[19.525,47.8043],[19.5177,47.8015],[19.5153,47.8001],[19.5131,47.798],[19.5149,47.7972],[19.5223,47.7921],[19.5236,47.7907],[19.5243,47.789],[19.526,47.7878],[19.5264,47.7868],[19.526,47.7863],[19.5259,47.7832],[19.5262,47.7823],[19.5272,47.7818],[19.5278,47.7795],[19.5296,47.7796],[19.5326,47.7787],[19.5366,47.7746],[19.5395,47.7736],[19.5436,47.7729],[19.5425,47.7692],[19.5555,47.7615],[19.5621,47.7569],[19.5632,47.7564],[19.5712,47.7558],[19.5708,47.7547],[19.5725,47.7532],[19.5776,47.7513],[19.5782,47.7477],[19.5795,47.7473],[19.5822,47.7474],[19.5848,47.7482],[19.5873,47.7467],[19.5848,47.7456],[19.5709,47.7349],[19.567,47.7375],[19.5649,47.7385],[19.5609,47.7395],[19.5582,47.7409],[19.5411,47.7464],[19.5379,47.7436],[19.5356,47.7424],[19.533,47.7397],[19.5269,47.7305],[19.5249,47.7305],[19.5221,47.7285],[19.5201,47.7282],[19.5184,47.7233],[19.5139,47.722],[19.5087,47.7218],[19.5064,47.7213],[19.4937,47.7167],[19.4934,47.7154],[19.491,47.7128],[19.4896,47.7072],[19.5041,47.7062],[19.5088,47.7041],[19.5098,47.7004],[19.5112,47.6984],[19.5089,47.6959],[19.5064,47.6963],[19.501,47.6956],[19.4914,47.6926],[19.486,47.69],[19.4773,47.6878],[19.4756,47.6908],[19.4712,47.6965],[19.4678,47.7022],[19.4653,47.7094],[19.4656,47.7118],[19.4615,47.7138],[19.4541,47.7146],[19.4524,47.7152],[19.45,47.7183],[19.4481,47.7218],[19.4448,47.7259],[19.4438,47.7283],[19.4407,47.7302],[19.4389,47.732],[19.4371,47.7325],[19.4339,47.7386],[19.4328,47.7429],[19.4346,47.7495],[19.4363,47.7512],[19.4405,47.7534],[19.4441,47.7557],[19.4447,47.7579],[19.4466,47.7605],[19.4468,47.7633],[19.4447,47.7682],[19.4438,47.7687],[19.4427,47.7685],[19.4383,47.7689],[19.4333,47.7688],[19.4286,47.7703],[19.4241,47.7729],[19.4177,47.7711],[19.4155,47.7712],[19.415,47.7719],[19.4158,47.7736],[19.4159,47.7761],[19.4152,47.7776],[19.4161,47.7789],[19.4194,47.7797],[19.421,47.7809],[19.4236,47.7865],[19.4244,47.7909],[19.4263,47.7928],[19.4274,47.7963],[19.4271,47.7966],[19.441,47.8003],[19.4431,47.8014],[19.4462,47.8022],[19.4397,47.8061],[19.436,47.8095],[19.431,47.8113],[19.4262,47.815],[19.4254,47.8166],[19.4249,47.8166],[19.4143,47.8158],[19.4118,47.816],[19.4068,47.8186],[19.4036,47.8182],[19.3998,47.8189],[19.3939,47.822],[19.3807,47.8213],[19.3787,47.819],[19.376,47.8187],[19.359,47.819],[19.357,47.8185],[19.3554,47.8186],[19.3508,47.8206],[19.3484,47.8221],[19.3421,47.824],[19.3308,47.8313],[19.3282,47.8317],[19.3268,47.8315],[19.3245,47.8326],[19.3194,47.8316],[19.3022,47.8299],[19.2754,47.8248],[19.2623,47.8274],[19.2604,47.8275],[19.2572,47.827],[19.2523,47.8252],[19.2449,47.8253],[19.24,47.8258],[19.238,47.8255],[19.2339,47.8269],[19.2332,47.8264],[19.2324,47.8265],[19.2307,47.8252],[19.2222,47.8314],[19.2204,47.8352],[19.2084,47.8388],[19.208,47.8419],[19.2005,47.8436],[19.1967,47.8442],[19.1857,47.8475],[19.1834,47.8478],[19.1802,47.849],[19.1795,47.8475],[19.1782,47.8475],[19.1779,47.8469],[19.1744,47.8484],[19.1743,47.8482],[19.1729,47.8483],[19.1727,47.8478],[19.1719,47.8481],[19.17,47.8488],[19.1681,47.8485],[19.1673,47.8478],[19.1681,47.8471],[19.1679,47.8459],[19.1672,47.8453],[19.1652,47.8451],[19.164,47.8445],[19.1554,47.8479],[19.1475,47.8482],[19.1424,47.8494],[19.1321,47.8505],[19.1224,47.8507],[19.1193,47.8496],[19.1184,47.8503],[19.1175,47.8498],[19.1155,47.8503],[19.1135,47.85],[19.1126,47.8504],[19.1086,47.8507],[19.1044,47.8497],[19.1011,47.8474],[19.0992,47.8452],[19.1,47.845],[19.0989,47.8434],[19.0993,47.8431],[19.0987,47.8419],[19.0976,47.8421],[19.0963,47.841],[19.0938,47.8408],[19.0935,47.8414],[19.0926,47.8414],[19.0904,47.8405],[19.0862,47.8426],[19.086,47.8424],[19.0901,47.8403],[19.0878,47.8383],[19.0867,47.8385],[19.0861,47.8382],[19.0869,47.8393],[19.0856,47.8405],[19.0842,47.8409],[19.0823,47.842],[19.079,47.8429],[19.0752,47.8446],[19.0735,47.8459],[19.0741,47.849],[19.0736,47.8508],[19.0743,47.8531],[19.0697,47.855],[19.0661,47.8573],[19.0649,47.8588],[19.0584,47.8598],[19.058,47.8586],[19.0575,47.8587],[19.0577,47.8585],[19.0565,47.8582],[19.0562,47.8585],[19.0557,47.8583],[19.0558,47.8587],[19.055,47.8591],[19.0531,47.8587],[19.0478,47.8613],[19.0471,47.8624],[19.0467,47.8637],[19.0451,47.8651],[19.0442,47.8669],[19.046,47.8692],[19.046,47.87],[19.0451,47.8703],[19.0442,47.8714],[19.0435,47.874],[19.046,47.8764],[19.0457,47.878],[19.0425,47.8799],[19.0376,47.8816],[19.0355,47.8831],[19.0351,47.8844],[19.0327,47.8856],[19.0321,47.8862],[19.0327,47.8868],[19.0318,47.8876],[19.0287,47.8894],[19.0278,47.8898],[19.0267,47.8895],[19.0208,47.89],[19.0188,47.8908],[19.0171,47.8908],[19.0135,47.8919],[19.0031,47.898],[18.9992,47.9008],[18.9977,47.9028],[18.9946,47.9056],[18.9936,47.9073],[18.9895,47.911],[18.9878,47.9139],[18.9853,47.9157],[18.9795,47.9164],[18.9782,47.9161],[18.9767,47.9173],[18.9738,47.9178],[18.973,47.9188],[18.9672,47.9214],[18.9612,47.9264],[18.9599,47.9287],[18.9599,47.9319],[18.9578,47.9334],[18.9575,47.9345],[18.9533,47.9374],[18.9504,47.9382],[18.9486,47.9395],[18.9461,47.9405],[18.9427,47.944],[18.9476,47.9474],[18.9483,47.9487],[18.9477,47.9493],[18.9452,47.95],[18.9409,47.9527],[18.9408,47.9542],[18.9498,47.9583],[18.9599,47.9642],[18.9739,47.9697],[18.9901,47.9774],[18.9939,47.9794],[18.9935,47.9798],[18.9921,47.9808],[18.9887,47.9878],[19.0045,47.9916],[19.0041,48.0013],[19.0016,48.0023],[19.0024,48.0048],[19.0071,48.0078],[19.007,48.0103],[19.0033,48.0095],[19.0028,48.0099],[19.0001,48.0099],[19.0039,48.0166],[19.0055,48.017],[19.0007,48.0187],[18.9963,48.0263],[18.9948,48.0275],[18.99,48.0291],[18.9807,48.0278],[18.975,48.0246],[18.9719,48.0259],[18.968,48.0283],[18.9623,48.0287],[18.9607,48.0274],[18.9587,48.0267],[18.9533,48.0305],[18.9517,48.033],[18.9511,48.0331],[18.9504,48.0352],[18.9499,48.0353],[18.9496,48.0366],[18.948,48.0384],[18.9477,48.0395],[18.9465,48.0406],[18.9417,48.0422],[18.9418,48.0427],[18.9391,48.0451],[18.9393,48.0455],[18.9361,48.0477],[18.9325,48.0511],[18.9311,48.0545],[18.9298,48.055],[18.9291,48.0563],[18.9279,48.0571],[18.9284,48.0568],[18.9377,48.0586],[18.9439,48.0589],[18.9476,48.0582],[18.9553,48.0579],[18.9601,48.0586],[18.9629,48.0582],[18.9654,48.0571],[18.9659,48.0577],[18.9673,48.0571],[18.9683,48.0584],[18.9699,48.0577],[18.9702,48.0567],[18.971,48.0561],[18.9737,48.0563],[18.974,48.0553],[18.9747,48.055],[18.9762,48.0564],[18.9771,48.0552],[18.9794,48.055],[18.9804,48.0537],[18.9816,48.0536],[18.9844,48.0551],[18.9865,48.0554],[18.9874,48.0569],[18.9882,48.0574],[18.9914,48.0579],[18.9913,48.0587],[18.9896,48.0588],[18.9923,48.0606],[18.9925,48.0611],[18.9906,48.0615],[18.9906,48.0619],[18.9923,48.0628],[18.9919,48.0644],[18.9923,48.0653],[18.9959,48.068],[19.0042,48.069],[19.0049,48.0697],[19.0078,48.0701],[19.0089,48.07],[19.0094,48.0707],[19.0089,48.0716],[19.0076,48.0725],[19.008,48.0738],[19.0088,48.0739],[19.0092,48.0728],[19.0127,48.0733],[19.0107,48.0744],[19.0084,48.0747],[19.0089,48.0762],[19.0104,48.0761],[19.0108,48.075],[19.0115,48.0749],[19.0141,48.077],[19.0145,48.0781],[19.0179,48.078],[19.0181,48.0774],[19.0163,48.0773],[19.0148,48.0762],[19.0148,48.0757],[19.0166,48.0764],[19.0159,48.0756],[19.0164,48.0754],[19.017,48.076],[19.0176,48.0759],[19.018,48.0744],[19.0188,48.0743],[19.0198,48.0747],[19.021,48.0741],[19.0214,48.0733],[19.0206,48.0727],[19.0205,48.0709],[19.0233,48.0729],[19.0247,48.0726],[19.0277,48.07],[19.0293,48.0691],[19.0302,48.0673],[19.0312,48.0673],[19.0315,48.0686],[19.0325,48.0683],[19.0333,48.0668],[19.033,48.065],[19.0334,48.0644],[19.0355,48.0648],[19.0359,48.0656],[19.0353,48.0664],[19.0356,48.0666],[19.0371,48.0663],[19.0378,48.0651],[19.039,48.0649],[19.0403,48.0655],[19.0422,48.065],[19.0445,48.0663],[19.0465,48.0664],[19.0483,48.0655],[19.0492,48.064],[19.0551,48.0595],[19.0585,48.0574],[19.0598,48.0574],[19.0604,48.0578],[19.0655,48.0646],[19.0669,48.0644],[19.0683,48.0651],[19.07,48.0654],[19.0708,48.0649],[19.0718,48.0654],[19.0735,48.0656],[19.0755,48.067],[19.0785,48.0674],[19.0792,48.0684],[19.0794,48.0699],[19.0817,48.0717],[19.0843,48.0728],[19.0864,48.073],[19.0903,48.0723],[19.0949,48.0701],[19.0988,48.0674],[19.1031,48.0669],[19.1069,48.0656],[19.1088,48.0658],[19.112,48.0667],[19.118,48.0663],[19.1193,48.0666],[19.1207,48.0677],[19.122,48.0702],[19.1246,48.0713],[19.1273,48.0735],[19.1282,48.0739],[19.1327,48.0735],[19.1361,48.0741],[19.1386,48.0729],[19.1426,48.0725],[19.1437,48.0717],[19.1439,48.0706],[19.1443,48.0695],[19.1451,48.0689],[19.148,48.0684],[19.1502,48.067],[19.1535,48.0667],[19.1551,48.066],[19.1586,48.0651],[19.1642,48.0658],[19.1662,48.0656],[19.1709,48.0639],[19.1761,48.0633],[19.1802,48.0614],[19.1851,48.0614],[19.1893,48.0603],[19.191,48.0606],[19.1934,48.0615],[19.1971,48.0619],[19.201,48.0633],[19.206,48.0632],[19.2111,48.0644],[19.2128,48.0644],[19.217,48.0629],[19.2219,48.0624],[19.2235,48.0616],[19.2248,48.0599],[19.2267,48.0576],[19.2284,48.0566],[19.2351,48.0554],[19.2393,48.0537],[19.2414,48.0537],[19.2427,48.054],[19.244,48.0546],[19.2463,48.0568],[19.2479,48.0577],[19.2486,48.0587],[19.2485,48.0619],[19.2492,48.064],[19.2519,48.0667],[19.254,48.0704],[19.257,48.0721],[19.2652,48.0742],[19.2682,48.0743],[19.2734,48.0736],[19.2767,48.0739],[19.2796,48.0757],[19.2818,48.0802],[19.2839,48.0821],[19.3009,48.0883],[19.3031,48.0887],[19.305,48.0886],[19.3118,48.0873],[19.3147,48.0873],[19.3258,48.0903],[19.3278,48.0904],[19.3295,48.0904],[19.3386,48.0887],[19.3445,48.0898],[19.3469,48.0897],[19.3511,48.0887],[19.3528,48.0889],[19.3552,48.0897],[19.3558,48.0908],[19.3578,48.0901],[19.3597,48.0903],[19.3606,48.0899],[19.3602,48.0889],[19.3607,48.0884],[19.362,48.0881],[19.363,48.0887],[19.3654,48.0889],[19.3657,48.088],[19.3679,48.0878],[19.3674,48.0865],[19.3699,48.0859],[19.3735,48.0873],[19.3723,48.0875],[19.3732,48.088],[19.3708,48.0889],[19.3716,48.0897],[19.3734,48.0899],[19.3738,48.0895],[19.3787,48.0914],[19.3819,48.0919],[19.3824,48.0917],[19.3817,48.091],[19.3824,48.0907],[19.3836,48.0915],[19.3851,48.0918],[19.387,48.0919],[19.3872,48.0914],[19.3861,48.0912],[19.3863,48.0904],[19.3873,48.0907],[19.3876,48.0912],[19.3883,48.091],[19.3879,48.0902],[19.3872,48.09],[19.3874,48.0894],[19.3897,48.0897],[19.39,48.0892],[19.3894,48.0888],[19.3895,48.0883],[19.3909,48.0884],[19.3919,48.0878],[19.3914,48.0873],[19.39,48.0874],[19.3898,48.0863],[19.3916,48.0869],[19.3938,48.0869],[19.3963,48.086],[19.3966,48.0856],[19.3958,48.0836],[19.3971,48.0849],[19.3996,48.0841],[19.3993,48.0837],[19.3983,48.0835],[19.3984,48.0823],[19.4004,48.0825],[19.4013,48.0848],[19.4021,48.0856],[19.4052,48.0852],[19.409,48.0889],[19.4111,48.0883],[19.4133,48.0889],[19.4142,48.089],[19.4152,48.0885],[19.416,48.0872],[19.4186,48.0887],[19.4211,48.0884],[19.4226,48.0897],[19.4242,48.0887],[19.4252,48.0888],[19.4259,48.0903],[19.4292,48.0931],[19.431,48.0934],[19.4344,48.0958],[19.4335,48.0968],[19.434,48.0971],[19.4352,48.0968],[19.4357,48.0971],[19.4359,48.0979],[19.4349,48.0989],[19.4355,48.0997],[19.4398,48.0996],[19.4418,48.1005],[19.4426,48.1013],[19.4484,48.1002],[19.4526,48.1012],[19.4543,48.1013],[19.4543,48.0986],[19.455,48.0984],[19.4565,48.0988],[19.457,48.0978],[19.4558,48.0966],[19.4541,48.0967],[19.4529,48.0973],[19.4516,48.0967],[19.4511,48.0944],[19.452,48.0929],[19.4518,48.0918],[19.4535,48.0915],[19.4557,48.0892],[19.4557,48.0878],[19.4609,48.0867],[19.4605,48.0846],[19.4609,48.0836],[19.4617,48.0831],[19.4626,48.0829],[19.4646,48.0837],[19.4673,48.0839],[19.4691,48.0851],[19.469,48.086],[19.4673,48.0878],[19.4671,48.0887],[19.4682,48.0919],[19.4716,48.0945],[19.4792,48.0949],[19.4809,48.0959],[19.4835,48.0985],[19.4872,48.0995],[19.4875,48.1009],[19.4845,48.1033],[19.4845,48.105],[19.485,48.1055],[19.4874,48.1063],[19.4895,48.1079],[19.4938,48.1089],[19.4945,48.1108],[19.4939,48.1119],[19.492,48.1117],[19.4909,48.1124],[19.4924,48.1132],[19.4922,48.1137],[19.4939,48.1141],[19.4947,48.1147],[19.492,48.1179],[19.4922,48.1184],[19.4931,48.1187],[19.4932,48.1193],[19.4946,48.1196],[19.4956,48.1208],[19.4951,48.1214],[19.4955,48.1221],[19.4944,48.1235],[19.4956,48.1229],[19.4971,48.1248],[19.4955,48.1248],[19.4961,48.1252],[19.496,48.1257],[19.4951,48.1267],[19.494,48.1271],[19.4954,48.1285],[19.4941,48.1301],[19.4947,48.1302],[19.4951,48.1312],[19.496,48.1308],[19.4965,48.1352],[19.4948,48.1361],[19.4951,48.1364],[19.496,48.1363],[19.4959,48.1377],[19.4939,48.1379],[19.4937,48.1383],[19.4947,48.1387],[19.4927,48.1392],[19.4924,48.1397],[19.4938,48.1406],[19.4944,48.1414],[19.4949,48.1405],[19.4972,48.141],[19.4956,48.1423],[19.4974,48.1432],[19.4989,48.1433],[19.4991,48.1422],[19.5001,48.1419],[19.5002,48.1452],[19.5051,48.1469],[19.5065,48.1468],[19.5085,48.1479],[19.5096,48.1507],[19.5095,48.1518],[19.5128,48.1547],[19.5127,48.1566],[19.5107,48.1597],[19.5122,48.1626],[19.5109,48.1663],[19.5096,48.1672],[19.5097,48.169],[19.5087,48.171],[19.5066,48.1722],[19.5049,48.1727],[19.5045,48.1734],[19.5072,48.1748],[19.5088,48.1746],[19.5096,48.175],[19.5096,48.1754],[19.508,48.1758],[19.5081,48.1772],[19.5074,48.1782],[19.5083,48.1786],[19.5103,48.1776],[19.5118,48.1776],[19.5104,48.1788],[19.5131,48.1823],[19.5137,48.1822],[19.5141,48.1813],[19.5146,48.1811],[19.5167,48.1818],[19.5166,48.1835],[19.5182,48.1836],[19.5194,48.1831],[19.5209,48.1829],[19.5215,48.1835],[19.5229,48.1838],[19.5237,48.1844],[19.5236,48.1864],[19.5269,48.1883],[19.529,48.1904],[19.5296,48.1914],[19.5288,48.1932],[19.5294,48.1959],[19.5285,48.1979],[19.5273,48.1983],[19.525,48.2007],[19.5259,48.203],[19.5291,48.2048],[19.5361,48.2062],[19.5396,48.2088],[19.5411,48.2093],[19.5436,48.2089],[19.5445,48.2079],[19.5448,48.2064],[19.5461,48.2055],[19.5482,48.2061],[19.5517,48.2081],[19.5545,48.2086],[19.5561,48.2094],[19.5579,48.2115],[19.5628,48.2134],[19.5645,48.2139],[19.5676,48.2155],[19.5754,48.2157],[19.576,48.2157],[19.5769,48.2158],[19.5777,48.2161],[19.5812,48.2191],[19.5861,48.2217],[19.5908,48.2255],[19.5926,48.2278],[19.5996,48.231],[19.6023,48.2316],[19.6082,48.239],[19.6126,48.24],[19.6194,48.2425],[19.621,48.2437],[19.6231,48.2447],[19.6245,48.2467],[19.6278,48.2474],[19.6293,48.2493],[19.6308,48.2501],[19.6443,48.2416],[19.6445,48.2392],[19.6482,48.2386],[19.6506,48.2378],[19.6544,48.2381],[19.6565,48.2401],[19.6591,48.2414],[19.663,48.2411],[19.6658,48.2414],[19.6684,48.2403],[19.6709,48.2382],[19.6706,48.2344],[19.6738,48.2322],[19.6723,48.2299],[19.6744,48.2254],[19.6758,48.2244],[19.6759,48.2239],[19.6746,48.2227],[19.6742,48.2215],[19.6747,48.2197],[19.6766,48.2186],[19.6781,48.2183],[19.6799,48.2167],[19.6799,48.213],[19.6805,48.2126],[19.6834,48.2109],[19.6852,48.2106],[19.6861,48.2095],[19.689,48.2075],[19.6913,48.2071],[19.6912,48.2039],[19.6928,48.2046],[19.6943,48.2048],[19.6974,48.2043],[19.6993,48.2035],[19.7019,48.2038],[19.7024,48.2025],[19.7054,48.2011],[19.7066,48.201],[19.708,48.2012],[19.7103,48.2025],[19.7119,48.2021],[19.714,48.2024],[19.7162,48.2022],[19.7211,48.2015],[19.7224,48.2027],[19.7253,48.204],[19.7258,48.2052],[19.7263,48.2052],[19.7273,48.2068],[19.7294,48.2082],[19.7302,48.2108],[19.7349,48.2152],[19.7362,48.2157],[19.7394,48.2162],[19.742,48.2161],[19.7452,48.2165],[19.7467,48.2164],[19.7484,48.2156],[19.7515,48.215],[19.7526,48.2143],[19.7549,48.2146],[19.7564,48.214],[19.7598,48.2141],[19.7607,48.2138],[19.7621,48.2129],[19.7632,48.2112],[19.763,48.2093],[19.7637,48.208],[19.7667,48.2057],[19.768,48.2052],[19.7727,48.2054],[19.7736,48.2037],[19.7746,48.2032],[19.7761,48.2026],[19.7784,48.2023],[19.7813,48.201],[19.7863,48.1967],[19.7862,48.1937],[19.7872,48.1925],[19.7918,48.1937],[19.7955,48.1939],[19.7977,48.1949],[19.7987,48.1948],[19.8,48.1935],[19.802,48.1924],[19.8019,48.1894],[19.8054,48.1861],[19.8058,48.1848],[19.8048,48.1831],[19.799,48.1792],[19.7957,48.178],[19.7939,48.176],[19.7916,48.1752],[19.7887,48.1733],[19.7884,48.1731],[19.7895,48.171],[19.7896,48.1683],[19.7892,48.1678],[19.7882,48.1679],[19.7868,48.1673],[19.787,48.167],[19.7857,48.1662],[19.7825,48.1653],[19.7826,48.1647],[19.7849,48.1629],[19.7864,48.1607],[19.7873,48.16],[19.7891,48.1596],[19.7897,48.1583]]]}},{"type":"Feature","properties":{"id":"1404","name":"Pest vármegye 04. OEVK","regionId":"pest","center":"Vác"},"geometry":{"type":"Polygon","coordinates":[[[18.9279,48.0571],[18.9291,48.0563],[18.9298,48.055],[18.9311,48.0545],[18.9325,48.0511],[18.9361,48.0477],[18.9393,48.0455],[18.9391,48.0451],[18.9418,48.0427],[18.9417,48.0422],[18.9465,48.0406],[18.9477,48.0395],[18.948,48.0384],[18.9496,48.0366],[18.9499,48.0353],[18.9504,48.0352],[18.9511,48.0331],[18.9517,48.033],[18.9533,48.0305],[18.9587,48.0267],[18.9607,48.0274],[18.9623,48.0287],[18.968,48.0283],[18.9719,48.0259],[18.975,48.0246],[18.9807,48.0278],[18.99,48.0291],[18.9948,48.0275],[18.9963,48.0263],[19.0007,48.0187],[19.0055,48.017],[19.0039,48.0166],[19.0001,48.0099],[19.0028,48.0099],[19.0033,48.0095],[19.007,48.0103],[19.0071,48.0078],[19.0024,48.0048],[19.0016,48.0023],[19.0041,48.0013],[19.0045,47.9916],[18.9887,47.9878],[18.9921,47.9808],[18.9935,47.9798],[18.9939,47.9794],[18.9901,47.9774],[18.9739,47.9697],[18.9599,47.9642],[18.9498,47.9583],[18.9408,47.9542],[18.9409,47.9527],[18.9452,47.95],[18.9477,47.9493],[18.9483,47.9487],[18.9476,47.9474],[18.9427,47.944],[18.9461,47.9405],[18.9486,47.9395],[18.9504,47.9382],[18.9533,47.9374],[18.9575,47.9345],[18.9578,47.9334],[18.9599,47.9319],[18.9599,47.9287],[18.9612,47.9264],[18.9672,47.9214],[18.973,47.9188],[18.9738,47.9178],[18.9767,47.9173],[18.9782,47.9161],[18.9795,47.9164],[18.9853,47.9157],[18.9878,47.9139],[18.9895,47.911],[18.9936,47.9073],[18.9946,47.9056],[18.9977,47.9028],[18.9992,47.9008],[19.0031,47.898],[19.0135,47.8919],[19.0171,47.8908],[19.0188,47.8908],[19.0208,47.89],[19.0267,47.8895],[19.0278,47.8898],[19.0287,47.8894],[19.0318,47.8876],[19.0327,47.8868],[19.0321,47.8862],[19.0327,47.8856],[19.0351,47.8844],[19.0355,47.8831],[19.0376,47.8816],[19.0425,47.8799],[19.0457,47.878],[19.046,47.8764],[19.0435,47.874],[19.0442,47.8714],[19.0451,47.8703],[19.046,47.87],[19.046,47.8692],[19.0442,47.8669],[19.0451,47.8651],[19.0467,47.8637],[19.0471,47.8624],[19.0478,47.8613],[19.0531,47.8587],[19.055,47.8591],[19.0558,47.8587],[19.0557,47.8583],[19.0562,47.8585],[19.0565,47.8582],[19.0577,47.8585],[19.0575,47.8587],[19.058,47.8586],[19.0584,47.8598],[19.0649,47.8588],[19.0661,47.8573],[19.0697,47.855],[19.0743,47.8531],[19.0736,47.8508],[19.0741,47.849],[19.0735,47.8459],[19.0752,47.8446],[19.079,47.8429],[19.0823,47.842],[19.0842,47.8409],[19.0856,47.8405],[19.0869,47.8393],[19.0861,47.8382],[19.0867,47.8385],[19.0878,47.8383],[19.0901,47.8403],[19.086,47.8424],[19.0862,47.8426],[19.0904,47.8405],[19.0926,47.8414],[19.0935,47.8414],[19.0938,47.8408],[19.0963,47.841],[19.0976,47.8421],[19.0987,47.8419],[19.0993,47.8431],[19.0989,47.8434],[19.1,47.845],[19.0992,47.8452],[19.1011,47.8474],[19.1044,47.8497],[19.1086,47.8507],[19.1126,47.8504],[19.1135,47.85],[19.1155,47.8503],[19.1175,47.8498],[19.1184,47.8503],[19.1193,47.8496],[19.1224,47.8507],[19.1321,47.8505],[19.1424,47.8494],[19.1475,47.8482],[19.1554,47.8479],[19.164,47.8445],[19.1652,47.8451],[19.1672,47.8453],[19.1679,47.8459],[19.1681,47.8471],[19.1673,47.8478],[19.1681,47.8485],[19.17,47.8488],[19.1719,47.8481],[19.1727,47.8478],[19.1729,47.8483],[19.1743,47.8482],[19.1744,47.8484],[19.1779,47.8469],[19.1782,47.8475],[19.1795,47.8475],[19.1802,47.849],[19.1834,47.8478],[19.1857,47.8475],[19.1967,47.8442],[19.2005,47.8436],[19.208,47.8419],[19.2084,47.8388],[19.2204,47.8352],[19.2222,47.8314],[19.2307,47.8252],[19.2324,47.8265],[19.2332,47.8264],[19.2339,47.8269],[19.238,47.8255],[19.24,47.8258],[19.2449,47.8253],[19.2523,47.8252],[19.2572,47.827],[19.2604,47.8275],[19.2623,47.8274],[19.2754,47.8248],[19.3022,47.8299],[19.3194,47.8316],[19.3245,47.8326],[19.3268,47.8315],[19.3282,47.8317],[19.3308,47.8313],[19.3421,47.824],[19.3484,47.8221],[19.3508,47.8206],[19.3554,47.8186],[19.357,47.8185],[19.359,47.819],[19.376,47.8187],[19.3787,47.819],[19.3807,47.8213],[19.3939,47.822],[19.3998,47.8189],[19.4036,47.8182],[19.4068,47.8186],[19.4118,47.816],[19.4143,47.8158],[19.4249,47.8166],[19.4254,47.8166],[19.4262,47.815],[19.431,47.8113],[19.436,47.8095],[19.4397,47.8061],[19.4462,47.8022],[19.4431,47.8014],[19.441,47.8003],[19.4271,47.7966],[19.4274,47.7963],[19.4263,47.7928],[19.4244,47.7909],[19.4236,47.7865],[19.421,47.7809],[19.4194,47.7797],[19.4161,47.7789],[19.4152,47.7776],[19.4159,47.7761],[19.4158,47.7736],[19.415,47.7719],[19.4155,47.7712],[19.4151,47.7708],[19.4131,47.771],[19.4093,47.7729],[19.4063,47.773],[19.401,47.7675],[19.3995,47.7646],[19.4015,47.7578],[19.4009,47.7541],[19.4044,47.7473],[19.4043,47.7467],[19.4024,47.7457],[19.4013,47.7444],[19.401,47.7427],[19.4022,47.7396],[19.4047,47.7354],[19.4046,47.7344],[19.4022,47.732],[19.3972,47.7287],[19.3904,47.7216],[19.3891,47.715],[19.3815,47.7111],[19.3784,47.71],[19.3711,47.7091],[19.365,47.7094],[19.3603,47.7113],[19.3564,47.7156],[19.3558,47.7194],[19.3595,47.7222],[19.3567,47.7219],[19.3471,47.7233],[19.3425,47.725],[19.339,47.7258],[19.3272,47.7166],[19.3206,47.7144],[19.3205,47.7139],[19.3216,47.7118],[19.3255,47.709],[19.3284,47.7078],[19.3276,47.7046],[19.3308,47.7034],[19.3315,47.7024],[19.3291,47.7016],[19.3317,47.6992],[19.3331,47.6987],[19.3358,47.6964],[19.337,47.6944],[19.3321,47.6901],[19.3279,47.688],[19.3217,47.6798],[19.3185,47.6769],[19.3119,47.6795],[19.3073,47.6821],[19.304,47.6832],[19.2986,47.68],[19.2921,47.6778],[19.2909,47.6777],[19.2843,47.6772],[19.2827,47.6759],[19.2808,47.6764],[19.2794,47.6762],[19.2786,47.6757],[19.2765,47.6759],[19.2723,47.6732],[19.2716,47.6734],[19.2708,47.673],[19.27,47.6747],[19.266,47.6725],[19.2612,47.6672],[19.256,47.6628],[19.2541,47.6638],[19.2516,47.6619],[19.2497,47.661],[19.2491,47.6608],[19.2478,47.6611],[19.2443,47.6581],[19.2428,47.6579],[19.2266,47.6689],[19.2051,47.6751],[19.1919,47.6812],[19.1919,47.6812],[19.195,47.6864],[19.1853,47.6921],[19.1809,47.6873],[19.1741,47.6916],[19.1724,47.6927],[19.167,47.7029],[19.1666,47.713],[19.1616,47.7128],[19.1605,47.7127],[19.1588,47.7133],[19.1531,47.7163],[19.1526,47.717],[19.1507,47.7146],[19.1507,47.7146],[19.1436,47.7195],[19.1436,47.7195],[19.1436,47.7195],[19.1395,47.7147],[19.1393,47.714],[19.1392,47.7138],[19.1369,47.7153],[19.1306,47.717],[19.1306,47.717],[19.1305,47.717],[19.1266,47.7175],[19.1303,47.7323],[19.1314,47.7349],[19.1324,47.7415],[19.1324,47.7501],[19.1317,47.7589],[19.1305,47.7649],[19.1286,47.7682],[19.1225,47.7761],[19.1188,47.7788],[19.1063,47.7905],[19.1022,47.7938],[19.0731,47.8114],[19.0688,47.813],[19.0633,47.8141],[19.0323,47.8184],[19.0121,47.8187],[19.0065,47.8186],[18.9998,47.8176],[18.9925,47.8147],[18.9841,47.8072],[18.9762,47.8023],[18.9694,47.7956],[18.9622,47.7847],[18.9608,47.7792],[18.9596,47.7768],[18.9565,47.7736],[18.9498,47.7707],[18.9454,47.7673],[18.9427,47.7661],[18.9342,47.7645],[18.9298,47.7646],[18.9268,47.7651],[18.9209,47.7664],[18.9131,47.7697],[18.9102,47.7733],[18.9074,47.7826],[18.9053,47.7876],[18.9055,47.7902],[18.9051,47.7969],[18.9017,47.8021],[18.9004,47.8032],[18.8969,47.8054],[18.8909,47.8078],[18.8869,47.8092],[18.8813,47.8105],[18.8684,47.8127],[18.8547,47.8136],[18.8504,47.8143],[18.8489,47.8183],[18.8485,47.8182],[18.8483,47.8191],[18.849,47.8206],[18.8561,47.8264],[18.8556,47.8275],[18.8528,47.828],[18.852,47.8295],[18.8504,47.8301],[18.8442,47.829],[18.8403,47.8289],[18.8353,47.8313],[18.8294,47.8334],[18.8278,47.8347],[18.8286,47.8363],[18.8281,47.8372],[18.8225,47.8421],[18.8219,47.8446],[18.8228,47.8481],[18.8217,47.8505],[18.8136,47.8555],[18.8084,47.8559],[18.8006,47.8571],[18.7963,47.8582],[18.7957,47.8586],[18.793,47.8652],[18.7862,47.8661],[18.7822,47.8652],[18.7814,47.8656],[18.7809,47.8674],[18.7781,47.8696],[18.7771,47.8696],[18.7752,47.8687],[18.7729,47.8689],[18.7694,47.8685],[18.7686,47.869],[18.7696,47.8708],[18.769,47.8718],[18.7676,47.8721],[18.7649,47.8711],[18.7633,47.8718],[18.7631,47.8731],[18.7639,47.8749],[18.7636,47.878],[18.7645,47.8817],[18.762,47.8896],[18.7613,47.8906],[18.7615,47.8917],[18.7605,47.8941],[18.7608,47.8952],[18.7604,47.8957],[18.7572,47.8964],[18.7568,47.8976],[18.7573,47.8989],[18.7597,47.9005],[18.7601,47.9022],[18.7629,47.9037],[18.7625,47.9042],[18.7598,47.9042],[18.7587,47.9052],[18.7592,47.908],[18.7612,47.9089],[18.7624,47.909],[18.7622,47.9103],[18.7616,47.9111],[18.7619,47.912],[18.7615,47.9131],[18.7603,47.9147],[18.7585,47.9157],[18.7577,47.9168],[18.7578,47.9197],[18.7592,47.9216],[18.7633,47.9237],[18.7694,47.9285],[18.7716,47.9318],[18.774,47.9323],[18.7739,47.9328],[18.7721,47.933],[18.7714,47.9339],[18.7735,47.9367],[18.7738,47.9385],[18.7724,47.9415],[18.7729,47.9447],[18.7717,47.9486],[18.7719,47.9498],[18.7732,47.9517],[18.7762,47.9536],[18.7767,47.9551],[18.7765,47.9561],[18.7741,47.9584],[18.7729,47.9614],[18.7721,47.9624],[18.7711,47.963],[18.7663,47.9642],[18.7637,47.9678],[18.7582,47.97],[18.7562,47.9714],[18.7547,47.9743],[18.7557,47.9771],[18.7583,47.979],[18.7629,47.9813],[18.7662,47.9841],[18.7685,47.9851],[18.7726,47.9854],[18.7733,47.9852],[18.7738,47.9843],[18.7772,47.9842],[18.7812,47.9856],[18.7875,47.9869],[18.7961,47.9851],[18.7989,47.985],[18.8032,47.9862],[18.8093,47.9889],[18.8121,47.9907],[18.8157,47.9934],[18.8172,47.9956],[18.8176,47.9969],[18.8154,47.9972],[18.8176,47.9988],[18.819,48.0008],[18.8175,48.0009],[18.8173,48.0013],[18.8194,48.0035],[18.8189,48.0049],[18.8213,48.0063],[18.8211,48.0078],[18.8172,48.011],[18.8173,48.017],[18.8155,48.021],[18.8165,48.0228],[18.8192,48.0241],[18.8245,48.0279],[18.826,48.0298],[18.8265,48.0314],[18.8259,48.0343],[18.8245,48.0359],[18.8213,48.0372],[18.8218,48.0381],[18.8207,48.0385],[18.8213,48.0392],[18.82,48.0397],[18.822,48.0426],[18.8229,48.0431],[18.8292,48.0415],[18.8333,48.0482],[18.8379,48.0467],[18.8403,48.0506],[18.8456,48.0526],[18.8518,48.0505],[18.8517,48.0499],[18.854,48.0487],[18.8539,48.048],[18.8564,48.0483],[18.8601,48.0501],[18.8748,48.0468],[18.8755,48.0488],[18.8768,48.0482],[18.8783,48.0494],[18.8811,48.0497],[18.8821,48.0508],[18.8829,48.0506],[18.883,48.0511],[18.8843,48.0509],[18.8852,48.0503],[18.885,48.0511],[18.8833,48.052],[18.8843,48.0546],[18.8858,48.0547],[18.8859,48.0573],[18.8867,48.0587],[18.8898,48.0568],[18.8917,48.0541],[18.8921,48.054],[18.8931,48.055],[18.9051,48.0527],[18.909,48.0511],[18.9128,48.0525],[18.9177,48.0533],[18.9232,48.055],[18.9279,48.0571]]]}},{"type":"Feature","properties":{"id":"1405","name":"Pest vármegye 05. OEVK","regionId":"pest","center":"Dunakeszi"},"geometry":{"type":"Polygon","coordinates":[[[19.3185,47.6769],[19.3396,47.6677],[19.3551,47.6602],[19.3655,47.6564],[19.3787,47.6532],[19.3772,47.6464],[19.3741,47.6429],[19.3721,47.6418],[19.3709,47.6396],[19.369,47.638],[19.3626,47.6413],[19.3618,47.6428],[19.3585,47.6442],[19.3559,47.6445],[19.3505,47.6447],[19.3456,47.6458],[19.3388,47.6465],[19.3333,47.6468],[19.3319,47.6463],[19.3285,47.6477],[19.3262,47.6481],[19.3235,47.6465],[19.3216,47.6459],[19.3177,47.648],[19.3154,47.6463],[19.3131,47.646],[19.3123,47.6464],[19.3087,47.6445],[19.3081,47.6448],[19.3062,47.6432],[19.3058,47.6439],[19.303,47.6455],[19.3023,47.6446],[19.2997,47.6455],[19.298,47.6435],[19.2942,47.6447],[19.2902,47.6409],[19.2879,47.6398],[19.2817,47.6352],[19.2801,47.6343],[19.2755,47.6335],[19.2783,47.6265],[19.2704,47.6224],[19.2688,47.6252],[19.2695,47.6264],[19.2644,47.6267],[19.2521,47.6311],[19.2362,47.64],[19.2254,47.6367],[19.2306,47.6174],[19.2276,47.6129],[19.221,47.6096],[19.2163,47.6066],[19.2096,47.5991],[19.201,47.5852],[19.2196,47.5796],[19.2431,47.5683],[19.2453,47.567],[19.246,47.5626],[19.2471,47.5584],[19.2523,47.5509],[19.2503,47.5457],[19.2455,47.5436],[19.2511,47.5406],[19.2449,47.5369],[19.2208,47.5327],[19.2094,47.5402],[19.2035,47.5376],[19.1986,47.5398],[19.195,47.5376],[19.1915,47.5394],[19.1905,47.539],[19.1771,47.546],[19.1807,47.5483],[19.1751,47.5506],[19.1611,47.5594],[19.1628,47.5606],[19.1744,47.5642],[19.1574,47.576],[19.1515,47.5738],[19.1449,47.5779],[19.1538,47.5849],[19.138,47.5955],[19.1401,47.5962],[19.138,47.5997],[19.1308,47.5981],[19.1279,47.5979],[19.1234,47.5996],[19.1193,47.6024],[19.1174,47.6032],[19.1082,47.6058],[19.1069,47.6071],[19.1088,47.6103],[19.1051,47.6114],[19.1032,47.6116],[19.1029,47.6113],[19.099,47.613],[19.1038,47.6187],[19.1057,47.6219],[19.1078,47.6268],[19.109,47.6314],[19.1154,47.6445],[19.1161,47.6477],[19.1158,47.6566],[19.1167,47.664],[19.1183,47.6694],[19.1207,47.674],[19.1207,47.674],[19.1232,47.6809],[19.1248,47.6838],[19.125,47.6862],[19.1252,47.691],[19.126,47.6936],[19.1261,47.6937],[19.1262,47.6962],[19.1262,47.6968],[19.1262,47.6991],[19.1252,47.7061],[19.1249,47.7076],[19.1251,47.7118],[19.1259,47.7147],[19.1266,47.7175],[19.1266,47.7175],[19.1305,47.717],[19.1306,47.717],[19.1306,47.717],[19.1369,47.7153],[19.1392,47.7138],[19.1393,47.7139],[19.1395,47.7147],[19.1436,47.7195],[19.1436,47.7195],[19.1436,47.7195],[19.1507,47.7146],[19.1507,47.7146],[19.1526,47.717],[19.1531,47.7163],[19.1588,47.7133],[19.1605,47.7127],[19.1616,47.7128],[19.1666,47.713],[19.167,47.7029],[19.1724,47.6927],[19.1809,47.6873],[19.1853,47.6921],[19.195,47.6864],[19.1919,47.6812],[19.1919,47.6812],[19.2051,47.6751],[19.2266,47.6689],[19.2428,47.6579],[19.2443,47.6581],[19.2478,47.6611],[19.2491,47.6608],[19.2497,47.661],[19.2516,47.6619],[19.2541,47.6638],[19.256,47.6628],[19.2612,47.6672],[19.266,47.6725],[19.27,47.6747],[19.2708,47.673],[19.2716,47.6734],[19.2723,47.6732],[19.2765,47.6759],[19.2786,47.6757],[19.2794,47.6762],[19.2808,47.6764],[19.2827,47.6759],[19.2843,47.6772],[19.2909,47.6777],[19.2921,47.6778],[19.2986,47.68],[19.304,47.6832],[19.3073,47.6821],[19.3119,47.6795],[19.3185,47.6769]]]}},{"type":"Feature","properties":{"id":"1407","name":"Pest vármegye 07. OEVK","regionId":"pest","center":"Vecsés"},"geometry":{"type":"Polygon","coordinates":[[[19.2009,47.3887],[19.2058,47.3955],[19.2138,47.4003],[19.2152,47.4015],[19.2157,47.4029],[19.2178,47.4009],[19.2261,47.4074],[19.2171,47.4128],[19.228,47.4214],[19.2317,47.4242],[19.2348,47.4232],[19.2364,47.426],[19.2387,47.4239],[19.2379,47.4223],[19.2418,47.4209],[19.2431,47.4198],[19.2438,47.4202],[19.247,47.4192],[19.2547,47.4289],[19.2597,47.427],[19.2655,47.438],[19.2656,47.438],[19.2805,47.4361],[19.2911,47.4499],[19.301,47.4569],[19.3028,47.457],[19.3059,47.4565],[19.3114,47.4568],[19.3204,47.459],[19.33,47.4598],[19.3345,47.4632],[19.3309,47.4673],[19.3301,47.47],[19.3303,47.4726],[19.3296,47.4774],[19.3287,47.4791],[19.3268,47.4811],[19.3224,47.4842],[19.315,47.4916],[19.3142,47.493],[19.3133,47.4988],[19.3139,47.5031],[19.3209,47.5102],[19.3183,47.5153],[19.3235,47.5172],[19.3284,47.5216],[19.3327,47.5246],[19.3382,47.5193],[19.3572,47.5071],[19.367,47.5016],[19.3739,47.4989],[19.3912,47.4977],[19.3978,47.4975],[19.4013,47.4968],[19.4024,47.5004],[19.4024,47.5026],[19.4066,47.5049],[19.4091,47.5074],[19.4106,47.5073],[19.416,47.5054],[19.4226,47.5012],[19.4284,47.4982],[19.4384,47.496],[19.4415,47.4942],[19.4449,47.4932],[19.4471,47.4928],[19.4491,47.4919],[19.4516,47.4902],[19.4526,47.4886],[19.4545,47.4849],[19.4524,47.4832],[19.4513,47.4812],[19.4487,47.4799],[19.4484,47.4786],[19.4568,47.4718],[19.4426,47.473],[19.4402,47.4729],[19.4385,47.4721],[19.4357,47.4673],[19.4335,47.4648],[19.4326,47.4632],[19.4305,47.461],[19.4227,47.4572],[19.4203,47.4546],[19.4185,47.4535],[19.4192,47.4525],[19.4182,47.4504],[19.4143,47.4472],[19.4115,47.4483],[19.4064,47.4449],[19.4022,47.4408],[19.4033,47.4399],[19.414,47.4336],[19.4103,47.4306],[19.4146,47.4283],[19.4194,47.427],[19.4179,47.4257],[19.4212,47.4231],[19.429,47.4154],[19.4373,47.4087],[19.4342,47.4059],[19.4254,47.4005],[19.4234,47.4001],[19.4235,47.4012],[19.4207,47.4026],[19.4121,47.4048],[19.4065,47.3959],[19.404,47.3954],[19.4025,47.3945],[19.4006,47.3929],[19.3973,47.3886],[19.3908,47.3839],[19.3917,47.3834],[19.3951,47.3779],[19.3987,47.3754],[19.4001,47.3735],[19.4053,47.3687],[19.3999,47.3643],[19.3963,47.3632],[19.3925,47.3632],[19.3888,47.3643],[19.3845,47.3651],[19.3833,47.3652],[19.3827,47.3649],[19.3786,47.3615],[19.3741,47.3596],[19.3678,47.3587],[19.358,47.3534],[19.3525,47.3512],[19.3277,47.3279],[19.3263,47.3285],[19.3256,47.3278],[19.3178,47.3311],[19.3164,47.3324],[19.3092,47.3366],[19.3076,47.3375],[19.3059,47.3378],[19.3006,47.3421],[19.2677,47.3181],[19.2495,47.33],[19.2288,47.3424],[19.2233,47.3373],[19.2221,47.3355],[19.212,47.3387],[19.2037,47.3425],[19.1915,47.3512],[19.1794,47.3609],[19.1924,47.3738],[19.1988,47.3851],[19.2009,47.3887]]]}},{"type":"Feature","properties":{"id":"1409","name":"Pest vármegye 09. OEVK","regionId":"pest","center":"Nagykáta"},"geometry":{"type":"Polygon","coordinates":[[[19.5766,47.6685],[19.6072,47.6674],[19.6079,47.6651],[19.6071,47.6624],[19.6074,47.6614],[19.6102,47.6597],[19.612,47.657],[19.6143,47.6552],[19.6234,47.6504],[19.6291,47.6492],[19.6335,47.6476],[19.6411,47.6475],[19.6429,47.647],[19.6444,47.6461],[19.6432,47.6439],[19.6369,47.637],[19.6428,47.6349],[19.6433,47.6302],[19.6471,47.6278],[19.6512,47.622],[19.6565,47.6165],[19.6573,47.6121],[19.6537,47.5985],[19.6567,47.5957],[19.6663,47.5886],[19.6642,47.5868],[19.663,47.5845],[19.6631,47.5832],[19.6577,47.5761],[19.6556,47.5667],[19.651,47.5619],[19.6586,47.5592],[19.6546,47.551],[19.6527,47.5478],[19.6606,47.5435],[19.6715,47.5398],[19.6764,47.5362],[19.6823,47.5335],[19.6913,47.5269],[19.6933,47.5248],[19.6972,47.5224],[19.6982,47.5209],[19.7027,47.5172],[19.7108,47.5184],[19.7139,47.523],[19.7178,47.5274],[19.7202,47.5279],[19.7289,47.5318],[19.7337,47.5351],[19.7363,47.5389],[19.7371,47.5383],[19.7378,47.5388],[19.7395,47.5376],[19.7402,47.5361],[19.7444,47.5336],[19.7461,47.532],[19.7516,47.5339],[19.7522,47.5344],[19.7548,47.5338],[19.7572,47.5358],[19.7679,47.5304],[19.7773,47.5388],[19.7911,47.5325],[19.7899,47.5314],[19.7866,47.5275],[19.7842,47.5267],[19.7806,47.5242],[19.7756,47.5194],[19.7699,47.5164],[19.769,47.513],[19.7691,47.5115],[19.7638,47.5014],[19.7611,47.4992],[19.7547,47.4953],[19.7506,47.4916],[19.747,47.4889],[19.75,47.4871],[19.7534,47.4842],[19.7588,47.4811],[19.7667,47.4777],[19.7774,47.4723],[19.7896,47.467],[19.8038,47.4597],[19.8071,47.4561],[19.8096,47.4547],[19.8142,47.4504],[19.8191,47.4444],[19.8266,47.4324],[19.8246,47.4288],[19.8379,47.4254],[19.853,47.4148],[19.8545,47.4137],[19.8667,47.4084],[19.8776,47.4043],[19.8968,47.3943],[19.9013,47.3928],[19.9092,47.3885],[19.9152,47.3864],[19.926,47.3811],[19.9287,47.3808],[19.9322,47.3792],[19.9379,47.3777],[19.9408,47.3769],[19.9502,47.3741],[19.9651,47.3672],[19.9688,47.3644],[19.9766,47.3564],[19.9802,47.3538],[19.9815,47.3521],[19.9905,47.3466],[19.9923,47.3424],[19.9892,47.334],[19.992,47.3288],[19.9999,47.3223],[20.0122,47.307],[20.0176,47.3039],[20.0166,47.2995],[20.0132,47.2949],[20.0034,47.2834],[20.0006,47.2776],[19.9971,47.2774],[19.9952,47.278],[19.9935,47.2747],[19.9907,47.2754],[19.9908,47.2758],[19.9846,47.2766],[19.9854,47.2833],[19.9722,47.2841],[19.9722,47.2835],[19.9665,47.2838],[19.9666,47.2852],[19.9546,47.2861],[19.9481,47.287],[19.9481,47.2877],[19.9371,47.2899],[19.9349,47.2891],[19.9329,47.289],[19.9355,47.2922],[19.9207,47.294],[19.9202,47.293],[19.9143,47.295],[19.9124,47.295],[19.9089,47.2979],[19.9124,47.3019],[19.9029,47.3057],[19.8954,47.2969],[19.8991,47.2945],[19.8873,47.2802],[19.8921,47.2778],[19.8951,47.2772],[19.8873,47.2701],[19.8864,47.2709],[19.8758,47.2584],[19.8455,47.2637],[19.8279,47.269],[19.8172,47.2757],[19.8157,47.2772],[19.8063,47.2832],[19.7773,47.2691],[19.726,47.2699],[19.7096,47.2698],[19.7086,47.2696],[19.7005,47.2718],[19.6948,47.2763],[19.6922,47.2775],[19.6853,47.2798],[19.6753,47.2844],[19.6736,47.2846],[19.673,47.288],[19.6717,47.2901],[19.6683,47.2921],[19.6641,47.2967],[19.6555,47.3022],[19.6471,47.3067],[19.6487,47.3101],[19.649,47.3136],[19.6505,47.317],[19.6538,47.3259],[19.6547,47.3314],[19.6524,47.3365],[19.6526,47.3401],[19.6538,47.3415],[19.6553,47.3446],[19.6563,47.3444],[19.6589,47.3468],[19.6601,47.3493],[19.6609,47.35],[19.6463,47.3488],[19.6421,47.3534],[19.6435,47.3601],[19.6472,47.367],[19.6469,47.3685],[19.6445,47.3706],[19.6351,47.3743],[19.6333,47.3686],[19.6323,47.3669],[19.63,47.3645],[19.6292,47.3646],[19.6233,47.3621],[19.6211,47.3604],[19.6188,47.361],[19.6155,47.3609],[19.6147,47.3611],[19.6089,47.358],[19.6066,47.3572],[19.6056,47.3554],[19.6057,47.3544],[19.6008,47.3556],[19.6014,47.3575],[19.5996,47.3584],[19.5968,47.359],[19.5954,47.3589],[19.5931,47.3599],[19.589,47.3605],[19.5841,47.3628],[19.5868,47.3692],[19.5889,47.3716],[19.5888,47.3721],[19.5877,47.3728],[19.5817,47.3721],[19.5818,47.3741],[19.5832,47.3759],[19.5847,47.3818],[19.5771,47.3832],[19.5736,47.3842],[19.5687,47.3843],[19.5663,47.3847],[19.5628,47.3884],[19.5596,47.3907],[19.5508,47.3921],[19.5403,47.3954],[19.54,47.3947],[19.5375,47.3947],[19.5316,47.3972],[19.5236,47.3992],[19.5217,47.4],[19.5196,47.3988],[19.5162,47.4004],[19.5155,47.4013],[19.5117,47.4028],[19.5085,47.4058],[19.5019,47.408],[19.4877,47.417],[19.4817,47.4195],[19.4839,47.4211],[19.4819,47.4226],[19.4878,47.4246],[19.4902,47.4271],[19.4813,47.4332],[19.4806,47.4347],[19.4811,47.4355],[19.48,47.4395],[19.479,47.4412],[19.4763,47.4427],[19.4771,47.4434],[19.4701,47.4476],[19.469,47.4466],[19.462,47.4502],[19.4564,47.4558],[19.4545,47.4571],[19.446,47.466],[19.4385,47.4721],[19.4402,47.4729],[19.4426,47.473],[19.4568,47.4718],[19.4484,47.4786],[19.4487,47.4799],[19.4513,47.4812],[19.4524,47.4832],[19.4545,47.4849],[19.4526,47.4886],[19.4516,47.4902],[19.4491,47.4919],[19.4471,47.4928],[19.4449,47.4932],[19.4449,47.4953],[19.4459,47.4964],[19.4473,47.4963],[19.4527,47.4993],[19.4574,47.5003],[19.4602,47.5016],[19.4543,47.5046],[19.452,47.5065],[19.4443,47.5108],[19.4439,47.5137],[19.4447,47.5177],[19.4437,47.5238],[19.4443,47.5273],[19.4441,47.5312],[19.4493,47.5313],[19.4554,47.5319],[19.4599,47.5364],[19.4616,47.5373],[19.4568,47.5397],[19.4554,47.5416],[19.4509,47.5504],[19.4445,47.5567],[19.441,47.5584],[19.4377,47.5592],[19.4348,47.5605],[19.4325,47.5621],[19.4313,47.5643],[19.4294,47.5661],[19.4288,47.5729],[19.4294,47.5789],[19.4286,47.581],[19.4291,47.5833],[19.4325,47.5838],[19.4353,47.585],[19.4198,47.592],[19.4192,47.5951],[19.4225,47.5989],[19.4249,47.6004],[19.4255,47.6023],[19.443,47.601],[19.4438,47.599],[19.4461,47.597],[19.4452,47.596],[19.4451,47.5921],[19.4489,47.5956],[19.4502,47.5991],[19.4533,47.6021],[19.4641,47.6055],[19.4674,47.6059],[19.4694,47.606],[19.483,47.611],[19.4891,47.6125],[19.4957,47.6118],[19.5061,47.6123],[19.5095,47.6119],[19.5127,47.6125],[19.5234,47.6121],[19.5373,47.6237],[19.5427,47.634],[19.557,47.6314],[19.5575,47.6321],[19.559,47.6325],[19.5629,47.6324],[19.564,47.6366],[19.5703,47.6458],[19.5623,47.6497],[19.5664,47.6499],[19.5674,47.6506],[19.5744,47.6616],[19.5766,47.6685]]]}},{"type":"Feature","properties":{"id":"1410","name":"Pest vármegye 10. OEVK","regionId":"pest","center":"Monor"},"geometry":{"type":"Polygon","coordinates":[[[19.3344,47.1026],[19.3436,47.1064],[19.3466,47.1028],[19.3539,47.1056],[19.36,47.1066],[19.3598,47.1076],[19.3738,47.1007],[19.3772,47.1272],[19.3759,47.1327],[19.3758,47.1347],[19.3808,47.1501],[19.384,47.1559],[19.3858,47.1567],[19.3975,47.1624],[19.3909,47.163],[19.3889,47.1633],[19.3884,47.1634],[19.3886,47.1646],[19.3911,47.1644],[19.3913,47.1655],[19.3914,47.1651],[19.3924,47.165],[19.3919,47.1654],[19.3957,47.163],[19.3978,47.1627],[19.3918,47.1809],[19.3879,47.1893],[19.3947,47.188],[19.3965,47.1888],[19.3877,47.1953],[19.3587,47.2146],[19.3926,47.2321],[19.3948,47.2341],[19.4037,47.24],[19.4064,47.2424],[19.3963,47.2519],[19.3901,47.2556],[19.3725,47.2643],[19.36,47.2715],[19.3321,47.2879],[19.3229,47.3142],[19.3256,47.3278],[19.3263,47.3285],[19.3277,47.3279],[19.3525,47.3512],[19.358,47.3534],[19.3678,47.3587],[19.3741,47.3596],[19.3786,47.3615],[19.3827,47.3649],[19.3833,47.3652],[19.3845,47.3651],[19.3888,47.3643],[19.3925,47.3632],[19.3963,47.3632],[19.3999,47.3643],[19.4053,47.3687],[19.4001,47.3735],[19.3987,47.3754],[19.3951,47.3779],[19.3917,47.3834],[19.3908,47.3839],[19.3973,47.3886],[19.4006,47.3929],[19.4025,47.3945],[19.404,47.3954],[19.4065,47.3959],[19.4121,47.4048],[19.4207,47.4026],[19.4235,47.4012],[19.4234,47.4001],[19.4254,47.4005],[19.4342,47.4059],[19.4373,47.4087],[19.429,47.4154],[19.4212,47.4231],[19.4179,47.4257],[19.4194,47.427],[19.4146,47.4283],[19.4103,47.4306],[19.414,47.4336],[19.4033,47.4399],[19.4022,47.4408],[19.4064,47.4449],[19.4115,47.4483],[19.4143,47.4472],[19.4182,47.4504],[19.4192,47.4525],[19.4185,47.4535],[19.4203,47.4546],[19.4227,47.4572],[19.4305,47.461],[19.4326,47.4632],[19.4335,47.4648],[19.4357,47.4673],[19.4385,47.4721],[19.446,47.466],[19.4545,47.4571],[19.4564,47.4558],[19.462,47.4502],[19.469,47.4466],[19.4701,47.4476],[19.4771,47.4434],[19.4763,47.4427],[19.479,47.4412],[19.48,47.4395],[19.4811,47.4355],[19.4806,47.4347],[19.4813,47.4332],[19.4902,47.4271],[19.4878,47.4246],[19.4819,47.4226],[19.4839,47.4211],[19.4817,47.4195],[19.4877,47.417],[19.5019,47.408],[19.5085,47.4058],[19.5117,47.4028],[19.5155,47.4013],[19.5162,47.4004],[19.5196,47.3988],[19.5217,47.4],[19.5236,47.3992],[19.5316,47.3972],[19.5375,47.3947],[19.54,47.3947],[19.5403,47.3954],[19.5508,47.3921],[19.5596,47.3907],[19.5628,47.3884],[19.5663,47.3847],[19.5687,47.3843],[19.5736,47.3842],[19.5771,47.3832],[19.5847,47.3818],[19.5832,47.3759],[19.5818,47.3741],[19.5817,47.3721],[19.5877,47.3728],[19.5888,47.3721],[19.5889,47.3716],[19.5868,47.3692],[19.5841,47.3628],[19.589,47.3605],[19.5931,47.3599],[19.5954,47.3589],[19.5968,47.359],[19.5996,47.3584],[19.6014,47.3575],[19.6008,47.3556],[19.6057,47.3544],[19.6056,47.3554],[19.6066,47.3572],[19.6089,47.358],[19.6147,47.3611],[19.6155,47.3609],[19.6188,47.361],[19.6211,47.3604],[19.6233,47.3621],[19.6292,47.3646],[19.63,47.3645],[19.6323,47.3669],[19.6333,47.3686],[19.6351,47.3743],[19.6445,47.3706],[19.6469,47.3685],[19.6472,47.367],[19.6435,47.3601],[19.6421,47.3534],[19.6463,47.3488],[19.6609,47.35],[19.6601,47.3493],[19.6589,47.3468],[19.6563,47.3444],[19.6553,47.3446],[19.6538,47.3415],[19.6526,47.3401],[19.6524,47.3365],[19.6547,47.3314],[19.6538,47.3259],[19.6505,47.317],[19.649,47.3136],[19.6487,47.3101],[19.6471,47.3067],[19.6555,47.3022],[19.6641,47.2967],[19.6683,47.2921],[19.6717,47.2901],[19.673,47.288],[19.6736,47.2846],[19.6753,47.2844],[19.6853,47.2798],[19.6922,47.2775],[19.6948,47.2763],[19.7005,47.2718],[19.7086,47.2696],[19.7096,47.2698],[19.726,47.2699],[19.7038,47.2362],[19.7132,47.2333],[19.7033,47.218],[19.6931,47.2048],[19.678,47.1955],[19.6622,47.181],[19.6779,47.1678],[19.6762,47.1586],[19.6724,47.1385],[19.6695,47.1291],[19.6622,47.1303],[19.6594,47.1297],[19.6284,47.1311],[19.6032,47.1445],[19.5989,47.1342],[19.5911,47.1249],[19.5872,47.1209],[19.5779,47.1127],[19.5697,47.1085],[19.5614,47.1073],[19.5327,47.1113],[19.5071,47.1187],[19.506,47.1189],[19.4996,47.1077],[19.4985,47.1051],[19.4931,47.0964],[19.4911,47.0883],[19.4859,47.0723],[19.483,47.067],[19.4744,47.055],[19.4616,47.0534],[19.44,47.0592],[19.4292,47.0636],[19.3964,47.0441],[19.3858,47.0381],[19.3783,47.0341],[19.3742,47.0327],[19.3581,47.0329],[19.333,47.0269],[19.3251,47.0224],[19.3192,47.0127],[19.2991,47.0318],[19.2953,47.0359],[19.314,47.0668],[19.3288,47.0757],[19.3478,47.0932],[19.3381,47.0994],[19.3344,47.1026]]]}},{"type":"Feature","properties":{"id":"1411","name":"Pest vármegye 11. OEVK","regionId":"pest","center":"Dabas"},"geometry":{"type":"Polygon","coordinates":[[[18.9058,47.2249],[18.9131,47.2226],[18.9166,47.2211],[18.9219,47.2178],[18.9345,47.2024],[18.9416,47.1947],[18.9519,47.1923],[18.9522,47.1995],[18.956,47.206],[18.9577,47.2059],[18.9657,47.2183],[18.9673,47.2227],[18.968,47.225],[18.9678,47.2276],[18.9741,47.2377],[18.975,47.2389],[18.9762,47.2472],[18.9771,47.2498],[18.9804,47.2545],[18.9917,47.2523],[19.0116,47.2455],[19.0191,47.2536],[19.0236,47.2624],[19.0264,47.262],[19.0387,47.2567],[19.0397,47.2571],[19.0446,47.2621],[19.0455,47.262],[19.0472,47.2626],[19.0512,47.265],[19.0525,47.2663],[19.066,47.2696],[19.086,47.2739],[19.0925,47.2737],[19.1026,47.278],[19.1053,47.28],[19.1077,47.2831],[19.0733,47.3004],[19.0383,47.3173],[19.0443,47.3239],[19.0463,47.3268],[19.0477,47.3313],[19.0481,47.3356],[19.0493,47.3387],[19.0512,47.3407],[19.0618,47.3461],[19.0615,47.3467],[19.0652,47.3483],[19.0671,47.3504],[19.0682,47.3527],[19.0726,47.3559],[19.0769,47.3579],[19.0809,47.3608],[19.0832,47.3618],[19.084,47.3634],[19.0849,47.3638],[19.0857,47.3633],[19.0931,47.3723],[19.0976,47.379],[19.1042,47.3752],[19.1334,47.3563],[19.1405,47.3494],[19.1503,47.3564],[19.1794,47.3609],[19.1915,47.3512],[19.2037,47.3425],[19.212,47.3387],[19.2221,47.3355],[19.2233,47.3373],[19.2288,47.3424],[19.2495,47.33],[19.2677,47.3181],[19.3006,47.3421],[19.3059,47.3378],[19.3076,47.3375],[19.3092,47.3366],[19.3164,47.3324],[19.3178,47.3311],[19.3256,47.3278],[19.3229,47.3142],[19.3321,47.2879],[19.36,47.2715],[19.3725,47.2643],[19.3901,47.2556],[19.3963,47.2519],[19.4064,47.2424],[19.4037,47.24],[19.3948,47.2341],[19.3926,47.2321],[19.3587,47.2146],[19.3877,47.1953],[19.3965,47.1888],[19.3947,47.188],[19.3879,47.1893],[19.3918,47.1809],[19.3978,47.1627],[19.3957,47.163],[19.3919,47.1654],[19.3924,47.165],[19.3914,47.1651],[19.3913,47.1655],[19.3911,47.1644],[19.3886,47.1646],[19.3884,47.1634],[19.3889,47.1633],[19.3909,47.163],[19.3975,47.1624],[19.3858,47.1567],[19.384,47.1559],[19.3808,47.1501],[19.3758,47.1347],[19.3759,47.1327],[19.3772,47.1272],[19.3738,47.1007],[19.3598,47.1076],[19.36,47.1066],[19.3539,47.1056],[19.3466,47.1028],[19.3436,47.1064],[19.3344,47.1026],[19.3234,47.1125],[19.3119,47.1204],[19.2982,47.1258],[19.2819,47.1281],[19.269,47.1341],[19.2629,47.1336],[19.2549,47.1337],[19.2368,47.1308],[19.2088,47.0889],[19.2025,47.0975],[19.164,47.0956],[19.1585,47.0905],[19.143,47.0824],[19.139,47.0771],[19.1346,47.0729],[19.1319,47.0716],[19.112,47.0676],[19.1062,47.0673],[19.1033,47.0664],[19.0982,47.0627],[19.0986,47.0539],[19.0966,47.0501],[19.0949,47.0452],[19.0933,47.0448],[19.0875,47.0434],[19.0778,47.0393],[19.0712,47.0371],[19.0693,47.0344],[19.0675,47.0354],[19.0642,47.0384],[19.0599,47.039],[19.0541,47.0413],[19.0459,47.0429],[19.0389,47.0439],[19.0238,47.0488],[19.022,47.0509],[19.0204,47.0511],[19.0209,47.0523],[19.0202,47.0542],[19.0119,47.0548],[18.9934,47.0571],[18.9904,47.0582],[18.9787,47.0605],[18.9659,47.0623],[18.9606,47.0636],[18.9564,47.064],[18.9568,47.0582],[18.9578,47.0558],[18.9601,47.0537],[18.9669,47.0499],[18.973,47.0459],[18.9748,47.0443],[18.9768,47.0411],[18.9767,47.0405],[18.9754,47.0396],[18.974,47.0363],[18.9704,47.0318],[18.9706,47.0313],[18.9659,47.029],[18.9621,47.0341],[18.9562,47.039],[18.9517,47.0438],[18.9462,47.0483],[18.9353,47.0545],[18.9289,47.0591],[18.9126,47.0669],[18.9042,47.0721],[18.9005,47.076],[18.8947,47.084],[18.8903,47.0955],[18.8868,47.1054],[18.8815,47.1265],[18.8794,47.1322],[18.8754,47.1438],[18.873,47.1437],[18.8721,47.1508],[18.8732,47.1566],[18.8733,47.1622],[18.8746,47.1684],[18.8753,47.1684],[18.8786,47.1778],[18.8803,47.1896],[18.8831,47.1992],[18.8868,47.2043],[18.9058,47.2249]]]}},{"type":"Feature","properties":{"id":"1412","name":"Pest vármegye 12. OEVK","regionId":"pest","center":"Cegléd"},"geometry":{"type":"Polygon","coordinates":[[[19.9089,47.2979],[19.9124,47.295],[19.9143,47.295],[19.9202,47.293],[19.9207,47.294],[19.9355,47.2922],[19.9329,47.289],[19.9349,47.2891],[19.9371,47.2899],[19.9481,47.2877],[19.9481,47.287],[19.9546,47.2861],[19.9666,47.2852],[19.9665,47.2838],[19.9722,47.2835],[19.9722,47.2841],[19.9854,47.2833],[19.9846,47.2766],[19.9908,47.2758],[19.9907,47.2754],[19.9935,47.2747],[19.9952,47.278],[19.9971,47.2774],[20.0006,47.2776],[19.9906,47.2585],[19.9883,47.2531],[19.9975,47.2516],[20.008,47.2485],[20.0338,47.2428],[20.0447,47.2382],[20.0506,47.2349],[20.0544,47.2313],[20.0589,47.229],[20.0658,47.2247],[20.0796,47.2204],[20.0802,47.2102],[20.085,47.208],[20.0896,47.1972],[20.0956,47.1884],[20.0985,47.1815],[20.099,47.1815],[20.0846,47.1648],[20.071,47.1562],[20.0636,47.1491],[20.0559,47.1455],[20.0553,47.1417],[20.0472,47.1252],[20.0519,47.1201],[20.057,47.1122],[20.0587,47.1087],[20.0545,47.1062],[20.0564,47.1033],[20.0663,47.0938],[20.0649,47.0903],[20.0734,47.0842],[20.0758,47.0801],[20.0796,47.0764],[20.0818,47.0707],[20.0919,47.0438],[20.1007,47.0421],[20.1047,47.041],[20.1084,47.0394],[20.1127,47.0334],[20.1064,47.0232],[20.0946,47.0074],[20.0885,47.0091],[20.0804,47.0142],[20.071,47.0192],[20.0699,47.0194],[20.0605,47.0132],[20.0515,47.0112],[20.0462,47.0107],[20.0326,47.0079],[20.0265,47.0073],[20.0189,47.0044],[19.9998,46.9983],[19.9955,46.9952],[19.9924,46.9919],[19.9876,46.9886],[19.9861,46.9861],[19.9827,46.983],[19.9836,46.9628],[19.9585,46.9701],[19.9548,46.9718],[19.9471,46.9725],[19.9342,46.9724],[19.9241,46.9759],[19.9159,46.9793],[19.9081,46.9815],[19.8902,46.9901],[19.8787,46.997],[19.8766,46.9979],[19.8742,46.9925],[19.8614,46.9732],[19.8611,46.9708],[19.8588,46.9691],[19.8439,46.9477],[19.8401,46.9444],[19.8292,46.9442],[19.8277,46.9449],[19.8019,46.9553],[19.7798,46.9487],[19.7667,46.9552],[19.7494,46.9649],[19.7413,46.9698],[19.7291,46.9761],[19.7254,46.9779],[19.7099,46.9836],[19.699,46.9884],[19.6823,46.9992],[19.6762,47.0047],[19.674,47.0075],[19.6671,47.0116],[19.6638,47.0145],[19.6616,47.0171],[19.6368,47.038],[19.6304,47.0581],[19.6288,47.0624],[19.6277,47.0639],[19.6269,47.0679],[19.6239,47.0748],[19.6206,47.0824],[19.6037,47.1032],[19.5872,47.1209],[19.5911,47.1249],[19.5989,47.1342],[19.6032,47.1445],[19.6284,47.1311],[19.6594,47.1297],[19.6622,47.1303],[19.6695,47.1291],[19.6724,47.1385],[19.6762,47.1586],[19.6779,47.1678],[19.6622,47.181],[19.678,47.1955],[19.6931,47.2048],[19.7033,47.218],[19.7132,47.2333],[19.7038,47.2362],[19.726,47.2699],[19.7773,47.2691],[19.8063,47.2832],[19.8157,47.2772],[19.8172,47.2757],[19.8279,47.269],[19.8455,47.2637],[19.8758,47.2584],[19.8864,47.2709],[19.8873,47.2701],[19.8951,47.2772],[19.8921,47.2778],[19.8873,47.2802],[19.8991,47.2945],[19.8954,47.2969],[19.9029,47.3057],[19.9124,47.3019],[19.9089,47.2979]]]}},{"type":"Feature","properties":{"id":"1501","name":"Somogy vármegye 01. OEVK","regionId":"somogy","center":"Kaposvár"},"geometry":{"type":"Polygon","coordinates":[[[17.79,46.4406],[17.7953,46.4405],[17.7968,46.4416],[17.7976,46.439],[17.797,46.4363],[17.7979,46.4355],[17.797,46.4354],[17.7972,46.4333],[17.7982,46.432],[17.8002,46.4308],[17.8028,46.4282],[17.8036,46.4264],[17.8058,46.424],[17.8065,46.4214],[17.807,46.4235],[17.8066,46.4251],[17.8067,46.4287],[17.8073,46.4325],[17.8083,46.4304],[17.8111,46.4282],[17.8182,46.4261],[17.8172,46.4311],[17.8222,46.4314],[17.8211,46.4362],[17.8308,46.4364],[17.8454,46.4378],[17.8441,46.4424],[17.8468,46.4428],[17.8473,46.4408],[17.853,46.4316],[17.8547,46.4315],[17.8579,46.4325],[17.862,46.4349],[17.8637,46.4374],[17.8727,46.4399],[17.8736,46.441],[17.8738,46.4407],[17.8749,46.4341],[17.8762,46.432],[17.8554,46.4276],[17.8581,46.4213],[17.861,46.4169],[17.8648,46.4055],[17.8716,46.3906],[17.8823,46.3671],[17.8912,46.3615],[17.9087,46.363],[17.922,46.3655],[17.9335,46.3613],[17.9345,46.3613],[17.9487,46.3565],[17.9733,46.3483],[17.972,46.3534],[17.9722,46.3554],[17.9717,46.3568],[17.9712,46.3569],[17.9715,46.3578],[17.9729,46.3582],[17.9761,46.37],[17.974,46.3738],[17.9743,46.3814],[17.9734,46.3847],[17.9704,46.3918],[17.9727,46.3927],[17.9729,46.3924],[17.9821,46.3937],[17.9839,46.3907],[17.9901,46.3933],[17.9887,46.3961],[17.996,46.3991],[17.9979,46.4006],[18.0014,46.4005],[18.0055,46.3969],[18.0124,46.3893],[18.0129,46.3882],[18.0115,46.3853],[18.014,46.383],[18.0152,46.3838],[18.0146,46.3842],[18.0186,46.3853],[18.0182,46.3862],[18.031,46.3894],[18.0335,46.3849],[18.0519,46.3928],[18.0519,46.3899],[18.0545,46.3834],[18.0642,46.3702],[18.065,46.3649],[18.0815,46.3664],[18.0801,46.3586],[18.0813,46.3575],[18.0826,46.3531],[18.0832,46.3485],[18.083,46.3451],[18.0853,46.3398],[18.0859,46.3349],[18.0874,46.3292],[18.0784,46.3219],[18.0749,46.3181],[18.0743,46.3162],[18.0755,46.3087],[18.0744,46.3065],[18.0722,46.3054],[18.0712,46.3043],[18.0704,46.3047],[18.0644,46.3038],[18.0614,46.3022],[18.0529,46.2958],[18.0492,46.2937],[18.0481,46.2927],[18.0434,46.2928],[18.0381,46.2941],[18.0342,46.2947],[18.0331,46.2954],[18.0311,46.2979],[18.0277,46.2986],[18.0267,46.2991],[18.0253,46.3009],[18.024,46.301],[18.0203,46.2986],[18.0173,46.2974],[18.0146,46.2973],[18.0127,46.2986],[18.0116,46.2997],[18.01,46.3],[18.007,46.2972],[18.005,46.3012],[18.0022,46.3018],[18.0015,46.3016],[18.0009,46.3032],[18.0022,46.308],[18.0016,46.3089],[17.9806,46.3079],[17.9781,46.3072],[17.9766,46.3074],[17.9757,46.3079],[17.9739,46.3076],[17.9595,46.3044],[17.9586,46.3026],[17.9535,46.3008],[17.9517,46.302],[17.9501,46.3022],[17.9483,46.3036],[17.9421,46.2947],[17.9396,46.2932],[17.9394,46.2927],[17.9375,46.2895],[17.9344,46.2861],[17.9336,46.2834],[17.9345,46.278],[17.9367,46.2761],[17.9372,46.2751],[17.9338,46.269],[17.9333,46.267],[17.9335,46.2651],[17.9328,46.2633],[17.9321,46.262],[17.9279,46.2582],[17.9271,46.2559],[17.9307,46.2505],[17.9304,46.2474],[17.9309,46.2456],[17.9327,46.2429],[17.9336,46.2425],[17.934,46.2406],[17.9296,46.2355],[17.9284,46.2331],[17.9285,46.2323],[17.9269,46.2306],[17.9233,46.2285],[17.9221,46.226],[17.919,46.2244],[17.9142,46.2257],[17.9121,46.2277],[17.9088,46.2278],[17.9061,46.2285],[17.905,46.2283],[17.9036,46.2271],[17.9019,46.223],[17.8985,46.2209],[17.8922,46.2204],[17.8884,46.2214],[17.8853,46.2242],[17.8841,46.2248],[17.8816,46.2234],[17.878,46.224],[17.8772,46.2239],[17.8763,46.2229],[17.8759,46.2192],[17.871,46.2161],[17.8706,46.215],[17.8678,46.2162],[17.8654,46.218],[17.8618,46.2192],[17.8603,46.2201],[17.8568,46.2187],[17.8555,46.2177],[17.8533,46.2145],[17.8521,46.214],[17.8502,46.2144],[17.848,46.2164],[17.8466,46.2163],[17.8449,46.2135],[17.8454,46.2112],[17.8427,46.211],[17.8407,46.2082],[17.8364,46.207],[17.8345,46.2075],[17.8326,46.2101],[17.831,46.2107],[17.8245,46.2105],[17.8233,46.2116],[17.8214,46.2124],[17.8148,46.2107],[17.8148,46.2138],[17.8139,46.2154],[17.814,46.22],[17.8119,46.2219],[17.8075,46.2221],[17.8025,46.2189],[17.7984,46.22],[17.797,46.221],[17.7951,46.2253],[17.7937,46.2265],[17.791,46.2247],[17.7836,46.2218],[17.7845,46.2161],[17.7829,46.2129],[17.7785,46.2111],[17.7757,46.2055],[17.7762,46.2026],[17.774,46.202],[17.7725,46.201],[17.7706,46.2008],[17.7659,46.2009],[17.761,46.2016],[17.7576,46.2014],[17.7574,46.2041],[17.7558,46.2044],[17.7539,46.2042],[17.7516,46.2046],[17.7516,46.205],[17.7497,46.2056],[17.7468,46.2091],[17.7443,46.2143],[17.7349,46.23],[17.7315,46.2326],[17.728,46.2334],[17.7273,46.232],[17.7188,46.2272],[17.715,46.2229],[17.7125,46.2233],[17.712,46.2231],[17.7114,46.2221],[17.7038,46.2267],[17.7013,46.229],[17.6975,46.23],[17.6892,46.2334],[17.6898,46.2521],[17.6885,46.2526],[17.6895,46.2532],[17.6893,46.2539],[17.6882,46.2552],[17.6876,46.255],[17.6867,46.2558],[17.6852,46.2554],[17.685,46.2565],[17.684,46.257],[17.6836,46.2579],[17.6843,46.2584],[17.6837,46.2587],[17.6845,46.2589],[17.6843,46.2605],[17.6808,46.2627],[17.6779,46.2656],[17.6803,46.2668],[17.6793,46.2673],[17.6794,46.2693],[17.6816,46.2717],[17.6838,46.2751],[17.6839,46.2779],[17.6831,46.2783],[17.6836,46.2787],[17.6854,46.2859],[17.686,46.286],[17.688,46.2889],[17.6896,46.2897],[17.6899,46.2906],[17.6925,46.292],[17.6977,46.2938],[17.7017,46.2942],[17.6995,46.2975],[17.7003,46.2979],[17.703,46.2981],[17.7037,46.2986],[17.7032,46.2999],[17.7037,46.3008],[17.7031,46.3017],[17.703,46.3034],[17.7042,46.3057],[17.7035,46.3066],[17.7041,46.3102],[17.7038,46.3117],[17.7029,46.3124],[17.7044,46.3124],[17.7086,46.3143],[17.7093,46.3175],[17.7099,46.3176],[17.7098,46.3181],[17.7105,46.3182],[17.7109,46.3195],[17.7121,46.3184],[17.7135,46.3187],[17.7136,46.3199],[17.7141,46.3199],[17.7143,46.3203],[17.714,46.3206],[17.7146,46.3208],[17.7142,46.321],[17.7165,46.3221],[17.7148,46.3265],[17.7186,46.3269],[17.7189,46.329],[17.7179,46.3328],[17.7172,46.3334],[17.7155,46.3333],[17.7149,46.3342],[17.7142,46.3342],[17.7126,46.3357],[17.7113,46.3358],[17.7104,46.3386],[17.7092,46.3404],[17.7085,46.3404],[17.7088,46.3431],[17.7067,46.3461],[17.706,46.3485],[17.7047,46.3502],[17.7041,46.352],[17.7026,46.3525],[17.7021,46.352],[17.6992,46.3517],[17.6947,46.3523],[17.6921,46.3532],[17.6869,46.3604],[17.6866,46.3632],[17.6852,46.3656],[17.6844,46.3692],[17.6817,46.3727],[17.6827,46.3737],[17.6835,46.3739],[17.6836,46.3795],[17.6841,46.3808],[17.6867,46.385],[17.6889,46.3875],[17.6901,46.3884],[17.6916,46.3878],[17.6954,46.3879],[17.7002,46.391],[17.7064,46.3933],[17.7063,46.394],[17.7106,46.3957],[17.7096,46.3973],[17.709,46.4036],[17.7104,46.4054],[17.7132,46.4073],[17.7156,46.411],[17.7154,46.4148],[17.7145,46.4176],[17.7186,46.4187],[17.7296,46.4352],[17.7511,46.4404],[17.753,46.4394],[17.7542,46.4378],[17.757,46.4357],[17.7636,46.4396],[17.7671,46.4398],[17.769,46.4473],[17.7718,46.4505],[17.775,46.4497],[17.7794,46.4478],[17.7836,46.4454],[17.7865,46.4426],[17.79,46.4406]]]}},{"type":"Feature","properties":{"id":"1502","name":"Somogy vármegye 02. OEVK","regionId":"somogy","center":"Barcs"},"geometry":{"type":"Polygon","coordinates":[[[16.8766,46.3205],[16.8772,46.3204],[16.8761,46.3233],[16.8753,46.3234],[16.8753,46.3243],[16.8759,46.3248],[16.8776,46.3247],[16.8783,46.325],[16.8805,46.3238],[16.8832,46.3243],[16.8848,46.3239],[16.8857,46.323],[16.8855,46.3212],[16.887,46.3189],[16.8877,46.3187],[16.8896,46.317],[16.8932,46.3171],[16.8947,46.3149],[16.895,46.3134],[16.8966,46.3123],[16.9016,46.3135],[16.9047,46.3133],[16.9073,46.3136],[16.9116,46.3147],[16.9201,46.3152],[16.9283,46.3179],[16.9352,46.3167],[16.9347,46.3144],[16.9364,46.3142],[16.9361,46.3085],[16.9338,46.3024],[16.9385,46.3022],[16.9384,46.3008],[16.9371,46.2981],[16.9384,46.2982],[16.9376,46.2917],[16.9384,46.291],[16.9434,46.2938],[16.9442,46.2939],[16.9452,46.2937],[16.9458,46.2914],[16.9462,46.2914],[16.9511,46.2931],[16.9547,46.2956],[16.9556,46.2952],[16.9581,46.2981],[16.958,46.2987],[16.959,46.2992],[16.959,46.3009],[16.9606,46.3008],[16.9615,46.3029],[16.9628,46.304],[16.9675,46.305],[16.9757,46.3047],[16.9774,46.3052],[16.9787,46.3063],[16.9809,46.3112],[16.9819,46.3123],[16.9835,46.3132],[16.9847,46.3153],[16.9887,46.3146],[16.9906,46.3129],[16.993,46.3121],[16.9996,46.3135],[16.9997,46.3121],[17.0006,46.3112],[17.0061,46.3114],[17.0064,46.3097],[17.007,46.3096],[17.0078,46.3066],[17.0094,46.3066],[17.0134,46.3045],[17.0164,46.3066],[17.0171,46.3078],[17.02,46.3076],[17.0261,46.3092],[17.026,46.3108],[17.0289,46.3133],[17.0316,46.3133],[17.035,46.314],[17.0401,46.316],[17.0384,46.3182],[17.0382,46.3197],[17.0372,46.3205],[17.0368,46.322],[17.0368,46.323],[17.0374,46.3233],[17.0369,46.3246],[17.0373,46.3271],[17.0369,46.329],[17.0425,46.332],[17.0435,46.3342],[17.0436,46.3363],[17.0457,46.3388],[17.0467,46.3395],[17.0493,46.3399],[17.0579,46.3397],[17.0583,46.3493],[17.0573,46.3536],[17.0528,46.3658],[17.0542,46.3677],[17.0515,46.3687],[17.0506,46.3683],[17.0489,46.368],[17.0462,46.3688],[17.0458,46.3699],[17.0436,46.3727],[17.0432,46.3741],[17.0445,46.3773],[17.0451,46.3776],[17.0451,46.3785],[17.0458,46.3787],[17.0461,46.3795],[17.0435,46.3844],[17.0436,46.3852],[17.043,46.3857],[17.0427,46.3872],[17.0413,46.3888],[17.0391,46.3892],[17.0338,46.3911],[17.0304,46.3958],[17.0292,46.3962],[17.0305,46.3973],[17.0304,46.4013],[17.0327,46.4052],[17.0325,46.4057],[17.0346,46.4069],[17.0363,46.4089],[17.0366,46.4159],[17.0431,46.4162],[17.0455,46.4156],[17.0476,46.4145],[17.0505,46.417],[17.0539,46.4166],[17.0535,46.4128],[17.0543,46.4112],[17.0546,46.4078],[17.0586,46.4076],[17.0603,46.4046],[17.0622,46.4044],[17.0626,46.4037],[17.0637,46.4034],[17.0667,46.4033],[17.0683,46.4015],[17.0723,46.4029],[17.0734,46.4037],[17.0779,46.4047],[17.0781,46.4061],[17.0777,46.4073],[17.0785,46.4084],[17.0782,46.4094],[17.0792,46.4116],[17.0789,46.4131],[17.08,46.4148],[17.0799,46.4162],[17.0864,46.4206],[17.0921,46.4198],[17.0954,46.4198],[17.0983,46.419],[17.1006,46.4164],[17.1016,46.4161],[17.1061,46.4154],[17.107,46.4147],[17.1131,46.4144],[17.1136,46.4138],[17.113,46.411],[17.1139,46.4062],[17.1181,46.4064],[17.123,46.4055],[17.1256,46.4054],[17.134,46.4066],[17.1356,46.4074],[17.1357,46.4078],[17.1388,46.4076],[17.1388,46.4196],[17.1412,46.4273],[17.1639,46.4302],[17.1798,46.4323],[17.1808,46.4305],[17.184,46.4302],[17.1875,46.4291],[17.1909,46.4281],[17.1915,46.4255],[17.1905,46.422],[17.1906,46.418],[17.192,46.4144],[17.1928,46.4097],[17.2074,46.4105],[17.2123,46.4123],[17.2193,46.4137],[17.22,46.412],[17.2224,46.4089],[17.2235,46.4079],[17.2256,46.4071],[17.2335,46.4054],[17.2382,46.4048],[17.2437,46.4033],[17.2492,46.403],[17.2488,46.4059],[17.2574,46.4068],[17.2568,46.4098],[17.2559,46.4106],[17.256,46.4149],[17.2609,46.4155],[17.2604,46.4202],[17.2653,46.4205],[17.2659,46.4221],[17.2668,46.4218],[17.2701,46.4223],[17.27,46.4252],[17.2721,46.4256],[17.2717,46.4276],[17.2784,46.4286],[17.2782,46.4314],[17.2769,46.4354],[17.2825,46.4352],[17.2826,46.44],[17.2796,46.4395],[17.2786,46.4451],[17.2831,46.4463],[17.2771,46.4612],[17.3004,46.454],[17.2984,46.4531],[17.2973,46.4519],[17.2961,46.4494],[17.2956,46.4466],[17.2945,46.4451],[17.2947,46.4424],[17.2939,46.4383],[17.295,46.4365],[17.2956,46.4297],[17.2966,46.4277],[17.2983,46.4277],[17.2988,46.4269],[17.3117,46.4276],[17.3111,46.4262],[17.3112,46.422],[17.3117,46.4204],[17.3132,46.4185],[17.3137,46.4185],[17.3147,46.4168],[17.3145,46.4156],[17.3238,46.4166],[17.3234,46.409],[17.315,46.41],[17.316,46.4041],[17.317,46.3922],[17.3177,46.3902],[17.3176,46.3848],[17.3232,46.384],[17.3291,46.3853],[17.3309,46.3864],[17.334,46.3867],[17.3353,46.3873],[17.3356,46.3884],[17.3407,46.3891],[17.3417,46.3903],[17.3425,46.3906],[17.3466,46.3886],[17.3475,46.3862],[17.3508,46.3863],[17.3497,46.3892],[17.3522,46.3895],[17.3678,46.384],[17.3738,46.3845],[17.3739,46.3842],[17.3816,46.3844],[17.3822,46.3842],[17.3824,46.3835],[17.4045,46.385],[17.4083,46.3892],[17.4122,46.3881],[17.412,46.3872],[17.4142,46.3835],[17.4139,46.3792],[17.4134,46.3786],[17.4148,46.3787],[17.4173,46.3763],[17.4198,46.3764],[17.4222,46.3788],[17.4224,46.3797],[17.4256,46.3803],[17.4261,46.3799],[17.4282,46.3803],[17.4281,46.3826],[17.4291,46.3827],[17.4296,46.3839],[17.4295,46.3868],[17.4299,46.3874],[17.4314,46.3881],[17.4331,46.3904],[17.4367,46.3917],[17.4411,46.3914],[17.4434,46.3916],[17.446,46.3914],[17.4469,46.3895],[17.4485,46.3883],[17.4509,46.3833],[17.4517,46.3779],[17.4523,46.3724],[17.4518,46.3695],[17.4519,46.3655],[17.4552,46.364],[17.4625,46.3619],[17.4672,46.3599],[17.4697,46.3577],[17.4718,46.3573],[17.4724,46.3545],[17.4737,46.3535],[17.4812,46.3496],[17.487,46.3475],[17.4899,46.3458],[17.5084,46.3479],[17.5085,46.3482],[17.514,46.3495],[17.5142,46.35],[17.5181,46.3508],[17.5192,46.3508],[17.5194,46.3502],[17.5223,46.3505],[17.5393,46.3533],[17.5456,46.3537],[17.548,46.3522],[17.5525,46.3528],[17.5656,46.358],[17.569,46.3581],[17.5695,46.3578],[17.5738,46.3576],[17.5791,46.3582],[17.5792,46.3607],[17.5787,46.3609],[17.5783,46.3629],[17.5782,46.366],[17.5771,46.366],[17.5768,46.368],[17.5783,46.3696],[17.5803,46.369],[17.5819,46.3729],[17.5911,46.3751],[17.5934,46.3784],[17.5928,46.3827],[17.6025,46.3843],[17.6041,46.379],[17.6289,46.3839],[17.6323,46.3854],[17.6349,46.386],[17.639,46.3881],[17.6399,46.3898],[17.6463,46.3933],[17.6434,46.4054],[17.649,46.4038],[17.6513,46.395],[17.6536,46.3912],[17.6562,46.3911],[17.6572,46.3894],[17.6598,46.3883],[17.6623,46.3881],[17.6648,46.3888],[17.6704,46.3839],[17.6709,46.382],[17.6721,46.3807],[17.6817,46.3727],[17.6844,46.3692],[17.6852,46.3656],[17.6866,46.3632],[17.6869,46.3604],[17.6921,46.3532],[17.6947,46.3523],[17.6992,46.3517],[17.7021,46.352],[17.7026,46.3525],[17.7041,46.352],[17.7047,46.3502],[17.706,46.3485],[17.7067,46.3461],[17.7088,46.3431],[17.7085,46.3404],[17.7092,46.3404],[17.7104,46.3386],[17.7113,46.3358],[17.7126,46.3357],[17.7142,46.3342],[17.7149,46.3342],[17.7155,46.3333],[17.7172,46.3334],[17.7179,46.3328],[17.7189,46.329],[17.7186,46.3269],[17.7148,46.3265],[17.7165,46.3221],[17.7142,46.321],[17.7146,46.3208],[17.714,46.3206],[17.7143,46.3203],[17.7141,46.3199],[17.7136,46.3199],[17.7135,46.3187],[17.7121,46.3184],[17.7109,46.3195],[17.7105,46.3182],[17.7098,46.3181],[17.7099,46.3176],[17.7093,46.3175],[17.7086,46.3143],[17.7044,46.3124],[17.7029,46.3124],[17.7038,46.3117],[17.7041,46.3102],[17.7035,46.3066],[17.7042,46.3057],[17.703,46.3034],[17.7031,46.3017],[17.7037,46.3008],[17.7032,46.2999],[17.7037,46.2986],[17.703,46.2981],[17.7003,46.2979],[17.6995,46.2975],[17.7017,46.2942],[17.6977,46.2938],[17.6925,46.292],[17.6899,46.2906],[17.6896,46.2897],[17.688,46.2889],[17.686,46.286],[17.6854,46.2859],[17.6836,46.2787],[17.6831,46.2783],[17.6839,46.2779],[17.6838,46.2751],[17.6816,46.2717],[17.6794,46.2693],[17.6793,46.2673],[17.6803,46.2668],[17.6779,46.2656],[17.6808,46.2627],[17.6843,46.2605],[17.6845,46.2589],[17.6837,46.2587],[17.6843,46.2584],[17.6836,46.2579],[17.684,46.257],[17.685,46.2565],[17.6852,46.2554],[17.6867,46.2558],[17.6876,46.255],[17.6882,46.2552],[17.6893,46.2539],[17.6895,46.2532],[17.6885,46.2526],[17.6898,46.2521],[17.6892,46.2334],[17.6975,46.23],[17.7013,46.229],[17.7038,46.2267],[17.7114,46.2221],[17.712,46.2231],[17.7125,46.2233],[17.715,46.2229],[17.7153,46.2206],[17.716,46.2201],[17.7195,46.2206],[17.7212,46.22],[17.7219,46.2194],[17.7268,46.2113],[17.7274,46.2082],[17.7247,46.2039],[17.7245,46.203],[17.7227,46.2025],[17.7227,46.2003],[17.7207,46.201],[17.7174,46.1984],[17.7165,46.1972],[17.7127,46.1988],[17.7122,46.1985],[17.7117,46.1989],[17.709,46.1964],[17.7073,46.1966],[17.7097,46.1948],[17.7027,46.1949],[17.7041,46.1888],[17.7049,46.1875],[17.7063,46.1873],[17.7064,46.1856],[17.7053,46.1857],[17.7047,46.1853],[17.7055,46.1843],[17.7048,46.181],[17.7021,46.1758],[17.7014,46.1747],[17.7008,46.1748],[17.7002,46.1735],[17.6989,46.1734],[17.6986,46.1771],[17.6978,46.1781],[17.6963,46.1782],[17.6976,46.1744],[17.6972,46.1709],[17.6968,46.1705],[17.6953,46.1703],[17.6946,46.1687],[17.692,46.1659],[17.6911,46.164],[17.6918,46.1637],[17.6919,46.1644],[17.6929,46.1633],[17.692,46.1617],[17.6905,46.1602],[17.6879,46.1587],[17.6866,46.1593],[17.6862,46.157],[17.6877,46.1524],[17.6811,46.1336],[17.6818,46.1256],[17.6837,46.1221],[17.6832,46.1195],[17.6799,46.1188],[17.6854,46.11],[17.6873,46.1093],[17.6648,46.1015],[17.6713,46.0947],[17.6805,46.0913],[17.6762,46.0887],[17.6773,46.0852],[17.6777,46.0799],[17.6777,46.0779],[17.6752,46.0776],[17.6764,46.0733],[17.6693,46.0724],[17.6692,46.0695],[17.6701,46.0637],[17.6698,46.0624],[17.6643,46.062],[17.6551,46.0605],[17.6559,46.0534],[17.6381,46.0492],[17.6344,46.0487],[17.6311,46.0487],[17.6324,46.046],[17.6292,46.0454],[17.6291,46.0448],[17.6283,46.0447],[17.6288,46.044],[17.6282,46.0433],[17.6293,46.0417],[17.6317,46.0411],[17.6321,46.0379],[17.6317,46.0372],[17.6339,46.0329],[17.6326,46.0304],[17.6337,46.0282],[17.6337,46.0268],[17.6369,46.0253],[17.6376,46.0241],[17.6369,46.0222],[17.6383,46.0186],[17.6408,46.0155],[17.6483,46.0132],[17.6529,46.0107],[17.6565,46.0071],[17.6529,46.005],[17.6531,46.0033],[17.6524,46.0],[17.6531,45.9909],[17.6386,45.9897],[17.6385,45.99],[17.6287,45.9888],[17.6248,45.9879],[17.6251,45.9873],[17.6295,45.9883],[17.6304,45.9793],[17.633,45.9697],[17.6383,45.9601],[17.6407,45.9578],[17.6423,45.9538],[17.6433,45.95],[17.6435,45.9448],[17.6446,45.9413],[17.6442,45.9369],[17.6449,45.9344],[17.6465,45.9343],[17.6465,45.9355],[17.6594,45.9365],[17.6533,45.9503],[17.6591,45.9515],[17.6621,45.9446],[17.6681,45.9459],[17.6693,45.9431],[17.6682,45.9428],[17.6689,45.9413],[17.6702,45.9416],[17.6704,45.9421],[17.6768,45.9436],[17.6773,45.9428],[17.6847,45.9432],[17.6871,45.9394],[17.6883,45.9397],[17.6885,45.9392],[17.6869,45.9379],[17.6847,45.9371],[17.6808,45.9361],[17.6759,45.9358],[17.6812,45.9278],[17.6816,45.9254],[17.6833,45.9242],[17.6871,45.9239],[17.6943,45.9249],[17.6982,45.9238],[17.7142,45.9204],[17.7243,45.9156],[17.7236,45.9086],[17.7201,45.9051],[17.7302,45.901],[17.7337,45.8974],[17.7331,45.8961],[17.7299,45.8962],[17.7283,45.8955],[17.7258,45.8924],[17.7266,45.8907],[17.7274,45.8857],[17.7269,45.8834],[17.728,45.8816],[17.7297,45.8815],[17.731,45.8809],[17.7336,45.8794],[17.7346,45.8781],[17.734,45.8772],[17.7341,45.8758],[17.7325,45.874],[17.7303,45.873],[17.7274,45.8725],[17.7263,45.8712],[17.7272,45.8696],[17.7288,45.869],[17.7307,45.8668],[17.7287,45.866],[17.7278,45.8645],[17.7259,45.8651],[17.7252,45.8649],[17.7219,45.8666],[17.7216,45.8658],[17.7158,45.8667],[17.7156,45.8657],[17.7163,45.8647],[17.7158,45.8643],[17.7092,45.8649],[17.7059,45.8657],[17.7031,45.8682],[17.7011,45.8653],[17.6982,45.8625],[17.6972,45.8606],[17.6928,45.858],[17.693,45.8597],[17.6927,45.8615],[17.6948,45.8667],[17.6889,45.8734],[17.6868,45.8705],[17.684,45.8698],[17.6827,45.8703],[17.6798,45.8693],[17.6757,45.8675],[17.6736,45.8658],[17.6702,45.8666],[17.6696,45.8664],[17.6681,45.858],[17.6683,45.8563],[17.6665,45.8539],[17.6679,45.8522],[17.6657,45.8496],[17.6649,45.8493],[17.6648,45.8497],[17.6588,45.8487],[17.6547,45.8498],[17.6518,45.848],[17.6487,45.8547],[17.6489,45.8608],[17.6478,45.8659],[17.6413,45.8752],[17.6374,45.8823],[17.6341,45.8892],[17.6299,45.8949],[17.626,45.8995],[17.6175,45.9076],[17.6149,45.9095],[17.6111,45.9116],[17.6035,45.9137],[17.5997,45.9154],[17.5932,45.9216],[17.5876,45.9247],[17.5823,45.9289],[17.5757,45.9334],[17.5695,45.936],[17.5597,45.9382],[17.5567,45.9382],[17.548,45.9366],[17.5405,45.9359],[17.5335,45.9338],[17.5288,45.9338],[17.5264,45.9347],[17.5197,45.938],[17.5149,45.9396],[17.5087,45.9398],[17.5027,45.9411],[17.4984,45.9416],[17.4768,45.9422],[17.4738,45.9426],[17.4674,45.9438],[17.462,45.9457],[17.4595,45.9461],[17.4502,45.9496],[17.4443,45.9506],[17.4354,45.9503],[17.4316,45.949],[17.4298,45.9476],[17.428,45.9469],[17.4286,45.9462],[17.4274,45.9443],[17.4274,45.9423],[17.4338,45.937],[17.4374,45.9325],[17.4374,45.931],[17.4353,45.9288],[17.4262,45.9271],[17.4123,45.9302],[17.4098,45.9329],[17.4122,45.9359],[17.4117,45.9389],[17.4109,45.9401],[17.4074,45.938],[17.4047,45.9358],[17.3991,45.9331],[17.3961,45.9311],[17.3951,45.9309],[17.3901,45.9316],[17.3887,45.9323],[17.387,45.9339],[17.3851,45.9374],[17.3876,45.9414],[17.3871,45.945],[17.3861,45.9463],[17.3814,45.9481],[17.3778,45.9485],[17.3733,45.9477],[17.3634,45.9433],[17.3547,45.941],[17.35,45.9417],[17.3471,45.9427],[17.3444,45.9442],[17.343,45.9461],[17.3395,45.9553],[17.3417,45.9547],[17.3424,45.9552],[17.3417,45.9569],[17.3418,45.9586],[17.3432,45.9602],[17.3458,45.9609],[17.3486,45.9606],[17.35,45.9596],[17.3504,45.957],[17.3494,45.956],[17.3495,45.9547],[17.351,45.953],[17.3527,45.9525],[17.354,45.9527],[17.356,45.9539],[17.3572,45.9567],[17.3599,45.9586],[17.3642,45.9592],[17.3739,45.957],[17.3797,45.9564],[17.3847,45.9563],[17.3863,45.9565],[17.3896,45.9581],[17.3911,45.9601],[17.3912,45.9627],[17.3906,45.9635],[17.3895,45.9644],[17.3863,45.9657],[17.3829,45.9652],[17.378,45.9621],[17.3706,45.961],[17.3631,45.9613],[17.3617,45.9619],[17.3594,45.9638],[17.359,45.9653],[17.3596,45.967],[17.3621,45.9688],[17.3658,45.9695],[17.369,45.969],[17.3717,45.9681],[17.3734,45.968],[17.3746,45.9687],[17.3757,45.9701],[17.3753,45.9711],[17.3696,45.9729],[17.3681,45.9737],[17.3672,45.9753],[17.3684,45.9777],[17.3733,45.9817],[17.3743,45.9836],[17.3747,45.986],[17.3744,45.9883],[17.3719,45.9908],[17.3703,45.9914],[17.3664,45.9919],[17.364,45.9916],[17.363,45.9909],[17.3613,45.988],[17.3613,45.9837],[17.3602,45.9772],[17.3581,45.9753],[17.357,45.9749],[17.3556,45.9746],[17.3529,45.9747],[17.3511,45.9755],[17.3486,45.9774],[17.3457,45.9815],[17.343,45.9838],[17.3416,45.9921],[17.34,45.9947],[17.3379,45.9957],[17.3353,45.9961],[17.3318,45.9954],[17.329,45.9937],[17.3274,45.9913],[17.3276,45.9898],[17.3297,45.9873],[17.333,45.9857],[17.3348,45.9854],[17.3364,45.9844],[17.3373,45.9828],[17.337,45.9828],[17.337,45.9806],[17.336,45.978],[17.3305,45.9707],[17.3294,45.9697],[17.3261,45.9684],[17.3239,45.9668],[17.3193,45.9673],[17.3155,45.9664],[17.313,45.9663],[17.311,45.9671],[17.3095,45.9682],[17.3083,45.9707],[17.3088,45.9724],[17.3096,45.9733],[17.3166,45.9756],[17.3176,45.9764],[17.3179,45.9789],[17.3166,45.9803],[17.3214,45.9827],[17.3234,45.9845],[17.324,45.9869],[17.3225,45.9894],[17.3206,45.9906],[17.3184,45.9912],[17.3152,45.9909],[17.3127,45.9897],[17.3106,45.987],[17.311,45.9868],[17.3087,45.9816],[17.304,45.982],[17.299,45.9832],[17.2973,45.984],[17.2968,45.9854],[17.2947,45.9878],[17.2942,45.9891],[17.2943,45.9905],[17.2962,45.9934],[17.299,45.9937],[17.3019,45.9944],[17.3046,45.9964],[17.3062,46.0],[17.3057,46.0014],[17.3044,46.0025],[17.3012,46.0038],[17.2991,46.0038],[17.2906,46.0008],[17.2856,46.0002],[17.2817,46.0008],[17.2771,46.0024],[17.2749,46.0039],[17.2706,46.0083],[17.2634,46.0093],[17.2587,46.0112],[17.2578,46.0121],[17.2582,46.0138],[17.2596,46.0147],[17.2686,46.0163],[17.2711,46.0171],[17.2725,46.0195],[17.272,46.021],[17.2737,46.0205],[17.2776,46.0208],[17.2814,46.0217],[17.2903,46.0225],[17.2931,46.0233],[17.2946,46.0248],[17.2957,46.027],[17.2959,46.0288],[17.2947,46.0311],[17.2922,46.0323],[17.2859,46.032],[17.2819,46.0313],[17.2691,46.0336],[17.2621,46.0329],[17.2582,46.0312],[17.257,46.0298],[17.2546,46.03],[17.255,46.0311],[17.2564,46.0315],[17.257,46.0321],[17.2596,46.0325],[17.2593,46.0376],[17.258,46.0419],[17.2577,46.0462],[17.2604,46.0465],[17.2717,46.0534],[17.2719,46.054],[17.2714,46.0555],[17.27,46.0573],[17.2688,46.0574],[17.265,46.0567],[17.2651,46.0572],[17.2605,46.0577],[17.2512,46.0586],[17.2447,46.0578],[17.2379,46.0585],[17.2327,46.0597],[17.2307,46.0609],[17.2297,46.062],[17.2292,46.0635],[17.2306,46.0651],[17.2324,46.0659],[17.234,46.066],[17.2367,46.0649],[17.238,46.063],[17.2412,46.0618],[17.2438,46.0613],[17.2461,46.0612],[17.248,46.0617],[17.2518,46.0644],[17.2505,46.0652],[17.2456,46.0641],[17.2445,46.0642],[17.2409,46.0656],[17.2395,46.0669],[17.2387,46.0711],[17.2396,46.0744],[17.2393,46.0764],[17.2387,46.0773],[17.2322,46.0801],[17.2307,46.0805],[17.2244,46.0806],[17.2213,46.0813],[17.2195,46.0803],[17.2163,46.0801],[17.2145,46.0795],[17.2093,46.0768],[17.2073,46.0762],[17.2046,46.0761],[17.2028,46.0766],[17.2016,46.0775],[17.2009,46.0787],[17.201,46.0799],[17.2031,46.0821],[17.2062,46.0832],[17.2082,46.0834],[17.2138,46.0819],[17.2166,46.082],[17.2191,46.0827],[17.2183,46.0833],[17.2179,46.0844],[17.2182,46.0867],[17.2215,46.09],[17.2234,46.0942],[17.2282,46.095],[17.2331,46.0967],[17.2334,46.0977],[17.2326,46.0991],[17.2301,46.0998],[17.2228,46.0985],[17.2204,46.099],[17.2193,46.0977],[17.2159,46.0991],[17.2126,46.0983],[17.2095,46.0993],[17.2137,46.104],[17.2164,46.1061],[17.2185,46.1091],[17.2185,46.1112],[17.2178,46.1126],[17.2147,46.1143],[17.213,46.1143],[17.2107,46.1127],[17.2101,46.109],[17.209,46.1086],[17.2072,46.1114],[17.2053,46.1122],[17.2031,46.1123],[17.1968,46.1112],[17.1915,46.1093],[17.1858,46.1064],[17.1822,46.106],[17.1779,46.1071],[17.1761,46.109],[17.176,46.1125],[17.1778,46.1128],[17.1805,46.1164],[17.1819,46.1191],[17.1804,46.1221],[17.1767,46.1223],[17.1749,46.1262],[17.175,46.1275],[17.1758,46.1277],[17.1743,46.1292],[17.1749,46.1298],[17.176,46.13],[17.1781,46.1291],[17.1823,46.1317],[17.1849,46.1319],[17.1861,46.1328],[17.1848,46.1348],[17.1828,46.1355],[17.1826,46.1365],[17.181,46.1365],[17.1804,46.137],[17.1808,46.1381],[17.1801,46.1384],[17.1797,46.1393],[17.1798,46.1399],[17.1813,46.1403],[17.1812,46.1411],[17.1795,46.1421],[17.1789,46.1441],[17.1773,46.1453],[17.1775,46.1464],[17.1787,46.1479],[17.1804,46.1485],[17.1807,46.1506],[17.1788,46.1516],[17.1764,46.152],[17.175,46.1532],[17.1726,46.1539],[17.1711,46.156],[17.1705,46.1562],[17.1688,46.1566],[17.1676,46.1562],[17.1662,46.1563],[17.1652,46.1556],[17.1633,46.155],[17.1618,46.155],[17.1598,46.1562],[17.1597,46.1572],[17.1581,46.1576],[17.1561,46.1587],[17.1559,46.1592],[17.157,46.1599],[17.1574,46.1609],[17.1561,46.1619],[17.1573,46.1627],[17.1564,46.164],[17.1568,46.1643],[17.1591,46.1648],[17.1578,46.1658],[17.1575,46.1671],[17.1581,46.1676],[17.1595,46.1676],[17.16,46.1682],[17.1586,46.1698],[17.1548,46.1715],[17.1532,46.1716],[17.1453,46.1704],[17.1429,46.1709],[17.143,46.1712],[17.1408,46.1726],[17.1399,46.1725],[17.1382,46.1711],[17.1372,46.1713],[17.136,46.1694],[17.1341,46.1679],[17.1315,46.1684],[17.1297,46.1681],[17.1283,46.1692],[17.1275,46.1686],[17.1264,46.1687],[17.1254,46.1684],[17.1237,46.1708],[17.1232,46.1729],[17.1244,46.177],[17.1229,46.1779],[17.1231,46.1789],[17.1213,46.1787],[17.118,46.1793],[17.1147,46.1769],[17.1129,46.1762],[17.111,46.1761],[17.1092,46.1775],[17.109,46.1782],[17.1069,46.179],[17.106,46.1803],[17.1027,46.1816],[17.1021,46.1825],[17.1028,46.1838],[17.1027,46.1853],[17.1014,46.1865],[17.0984,46.1872],[17.0955,46.1871],[17.0943,46.1882],[17.0931,46.1881],[17.0925,46.1888],[17.0907,46.189],[17.0902,46.1895],[17.0886,46.1885],[17.0877,46.1886],[17.0867,46.1883],[17.086,46.1875],[17.0862,46.1864],[17.085,46.1857],[17.0818,46.1858],[17.0816,46.1867],[17.0802,46.1882],[17.079,46.1886],[17.077,46.1882],[17.0754,46.1888],[17.074,46.191],[17.0708,46.1922],[17.0694,46.1937],[17.0686,46.1939],[17.0683,46.1954],[17.0672,46.1968],[17.0657,46.1975],[17.0666,46.2004],[17.0659,46.2011],[17.0662,46.2021],[17.0613,46.2018],[17.0614,46.2022],[17.0607,46.2021],[17.0607,46.2018],[17.0569,46.2018],[17.0539,46.2024],[17.0504,46.2038],[17.0469,46.2053],[17.0222,46.2162],[17.0204,46.216],[17.0164,46.2182],[17.0146,46.2185],[17.0138,46.2193],[17.0124,46.2193],[17.0111,46.2203],[17.0077,46.2214],[17.0059,46.2228],[17.0037,46.2216],[17.0034,46.2223],[17.0003,46.2224],[16.9995,46.2229],[16.9986,46.2216],[16.9968,46.2214],[16.9968,46.2206],[16.9962,46.2202],[16.9932,46.2212],[16.9926,46.2228],[16.9899,46.2248],[16.9878,46.2249],[16.9877,46.2242],[16.9865,46.2239],[16.9853,46.2227],[16.9837,46.222],[16.9819,46.2235],[16.9816,46.2243],[16.9807,46.2247],[16.9784,46.2235],[16.9765,46.2238],[16.9753,46.2247],[16.9731,46.2248],[16.9736,46.2274],[16.9723,46.229],[16.973,46.2304],[16.9722,46.231],[16.9732,46.2319],[16.9712,46.2342],[16.9716,46.2346],[16.9735,46.2344],[16.9741,46.2348],[16.9736,46.2365],[16.9749,46.2376],[16.9754,46.2395],[16.9732,46.2427],[16.9714,46.2424],[16.9695,46.2426],[16.9688,46.2413],[16.9664,46.24],[16.9645,46.2399],[16.9628,46.2405],[16.9607,46.2399],[16.9582,46.241],[16.9572,46.2413],[16.956,46.241],[16.9548,46.2392],[16.9509,46.2408],[16.9499,46.2415],[16.9494,46.243],[16.9462,46.2444],[16.9445,46.2464],[16.9395,46.249],[16.9392,46.2487],[16.9382,46.2498],[16.9376,46.2499],[16.9361,46.254],[16.9356,46.2544],[16.9339,46.2542],[16.9313,46.257],[16.9261,46.2598],[16.9243,46.2602],[16.918,46.2605],[16.9133,46.2621],[16.9078,46.2665],[16.9057,46.2704],[16.9033,46.2729],[16.9025,46.2745],[16.8993,46.276],[16.8882,46.2795],[16.8858,46.2813],[16.8851,46.2837],[16.8871,46.2898],[16.887,46.2952],[16.8852,46.2982],[16.884,46.2985],[16.8851,46.299],[16.8857,46.299],[16.8851,46.3009],[16.8817,46.3021],[16.8797,46.3036],[16.8772,46.3071],[16.8765,46.3109],[16.8753,46.3132],[16.8756,46.3157],[16.8771,46.3183],[16.8766,46.3205]]]}},{"type":"Feature","properties":{"id":"1503","name":"Somogy vármegye 03. OEVK","regionId":"somogy","center":"Marcali"},"geometry":{"type":"Polygon","coordinates":[[[17.7259,46.7959],[17.7269,46.7953],[17.7273,46.7956],[17.7285,46.7946],[17.7279,46.7942],[17.7351,46.7889],[17.7361,46.7842],[17.7531,46.7889],[17.7588,46.7902],[17.7607,46.7867],[17.7661,46.7851],[17.7691,46.7851],[17.7783,46.783],[17.78,46.7817],[17.7835,46.7768],[17.7845,46.7742],[17.7848,46.7712],[17.7858,46.7693],[17.7895,46.7666],[17.7887,46.7634],[17.7882,46.7624],[17.7893,46.7581],[17.7813,46.7564],[17.7769,46.7564],[17.7768,46.754],[17.7788,46.752],[17.7775,46.7468],[17.777,46.7463],[17.7776,46.7452],[17.779,46.7442],[17.7785,46.742],[17.7809,46.737],[17.776,46.735],[17.7757,46.7295],[17.7769,46.7247],[17.7912,46.7231],[17.7975,46.7266],[17.8012,46.7251],[17.807,46.7237],[17.8064,46.7226],[17.8062,46.7202],[17.8053,46.7187],[17.805,46.7139],[17.8053,46.7124],[17.8064,46.7114],[17.8067,46.7103],[17.806,46.7102],[17.8061,46.7081],[17.8073,46.7064],[17.802,46.7048],[17.8005,46.7039],[17.7943,46.7024],[17.7967,46.6964],[17.7967,46.6943],[17.7957,46.6928],[17.7958,46.6873],[17.7942,46.6835],[17.7961,46.6793],[17.7889,46.6781],[17.7847,46.678],[17.7843,46.6797],[17.7793,46.6789],[17.7799,46.6775],[17.7774,46.6773],[17.7758,46.6805],[17.7736,46.6801],[17.7735,46.6804],[17.7742,46.6804],[17.7733,46.6833],[17.7697,46.6826],[17.7694,46.6818],[17.7676,46.6814],[17.7679,46.6801],[17.7693,46.6794],[17.7678,46.6788],[17.769,46.678],[17.7696,46.6765],[17.7635,46.6758],[17.7574,46.6738],[17.7532,46.6679],[17.7524,46.6633],[17.7548,46.6635],[17.7571,46.6578],[17.7652,46.6587],[17.7654,46.6553],[17.7685,46.6502],[17.7667,46.6497],[17.7681,46.6483],[17.7704,46.6468],[17.7739,46.6463],[17.7767,46.6449],[17.7787,46.6446],[17.779,46.6442],[17.7803,46.6444],[17.7823,46.6438],[17.7839,46.6425],[17.7871,46.6431],[17.7859,46.6489],[17.7987,46.6499],[17.7999,46.6438],[17.8018,46.6407],[17.8021,46.6351],[17.8016,46.6337],[17.8022,46.632],[17.8032,46.631],[17.8032,46.6282],[17.8043,46.627],[17.8101,46.6145],[17.8124,46.6135],[17.8128,46.6108],[17.8147,46.6056],[17.8157,46.5964],[17.8173,46.5939],[17.8175,46.5916],[17.8163,46.5892],[17.8165,46.5874],[17.8132,46.5845],[17.8116,46.5821],[17.811,46.5818],[17.8065,46.5814],[17.8065,46.5838],[17.8036,46.5837],[17.7942,46.5849],[17.7892,46.5847],[17.7895,46.5835],[17.7891,46.5799],[17.7909,46.5757],[17.7908,46.5716],[17.7882,46.5713],[17.7863,46.5707],[17.7826,46.5605],[17.7821,46.5559],[17.7815,46.5557],[17.7816,46.5536],[17.7838,46.5501],[17.7843,46.5498],[17.785,46.5469],[17.7845,46.5443],[17.7867,46.54],[17.7862,46.5375],[17.7917,46.5372],[17.7961,46.5377],[17.7962,46.5359],[17.7976,46.5329],[17.7983,46.527],[17.8015,46.5205],[17.8029,46.5071],[17.8056,46.5029],[17.8056,46.5013],[17.8031,46.4973],[17.7995,46.4944],[17.7987,46.4941],[17.7961,46.4951],[17.7941,46.4954],[17.7923,46.4889],[17.7916,46.4854],[17.7933,46.4861],[17.8065,46.4871],[17.8214,46.4883],[17.8252,46.4864],[17.8312,46.4864],[17.8312,46.4848],[17.8324,46.4832],[17.8314,46.4817],[17.8351,46.4757],[17.8368,46.4645],[17.8377,46.4643],[17.8408,46.4613],[17.8432,46.4565],[17.8428,46.4556],[17.8453,46.4489],[17.8468,46.4428],[17.8441,46.4424],[17.8454,46.4378],[17.8308,46.4364],[17.8211,46.4362],[17.8222,46.4314],[17.8172,46.4311],[17.8182,46.4261],[17.8111,46.4282],[17.8083,46.4304],[17.8073,46.4325],[17.8067,46.4287],[17.8066,46.4251],[17.807,46.4235],[17.8065,46.4214],[17.8058,46.424],[17.8036,46.4264],[17.8028,46.4282],[17.8002,46.4308],[17.7982,46.432],[17.7972,46.4333],[17.797,46.4354],[17.7979,46.4355],[17.797,46.4363],[17.7976,46.439],[17.7968,46.4416],[17.7953,46.4405],[17.79,46.4406],[17.7865,46.4426],[17.7836,46.4454],[17.7794,46.4478],[17.775,46.4497],[17.7718,46.4505],[17.769,46.4473],[17.7671,46.4398],[17.7636,46.4396],[17.757,46.4357],[17.7542,46.4378],[17.753,46.4394],[17.7511,46.4404],[17.7296,46.4352],[17.7186,46.4187],[17.7145,46.4176],[17.7154,46.4148],[17.7156,46.411],[17.7132,46.4073],[17.7104,46.4054],[17.709,46.4036],[17.7096,46.3973],[17.7106,46.3957],[17.7063,46.394],[17.7064,46.3933],[17.7002,46.391],[17.6954,46.3879],[17.6916,46.3878],[17.6901,46.3884],[17.6889,46.3875],[17.6867,46.385],[17.6841,46.3808],[17.6836,46.3795],[17.6835,46.3739],[17.6827,46.3737],[17.6817,46.3727],[17.6721,46.3807],[17.6709,46.382],[17.6704,46.3839],[17.6648,46.3888],[17.6623,46.3881],[17.6598,46.3883],[17.6572,46.3894],[17.6562,46.3911],[17.6536,46.3912],[17.6513,46.395],[17.649,46.4038],[17.6434,46.4054],[17.6463,46.3933],[17.6399,46.3898],[17.639,46.3881],[17.6349,46.386],[17.6323,46.3854],[17.6289,46.3839],[17.6041,46.379],[17.6025,46.3843],[17.5928,46.3827],[17.5934,46.3784],[17.5911,46.3751],[17.5819,46.3729],[17.5803,46.369],[17.5783,46.3696],[17.5768,46.368],[17.5771,46.366],[17.5782,46.366],[17.5783,46.3629],[17.5787,46.3609],[17.5792,46.3607],[17.5791,46.3582],[17.5738,46.3576],[17.5695,46.3578],[17.569,46.3581],[17.5656,46.358],[17.5525,46.3528],[17.548,46.3522],[17.5456,46.3537],[17.5393,46.3533],[17.5223,46.3505],[17.5194,46.3502],[17.5192,46.3508],[17.5181,46.3508],[17.5142,46.35],[17.514,46.3495],[17.5085,46.3482],[17.5084,46.3479],[17.4899,46.3458],[17.487,46.3475],[17.4812,46.3496],[17.4737,46.3535],[17.4724,46.3545],[17.4718,46.3573],[17.4697,46.3577],[17.4672,46.3599],[17.4625,46.3619],[17.4552,46.364],[17.4519,46.3655],[17.4518,46.3695],[17.4523,46.3724],[17.4517,46.3779],[17.4509,46.3833],[17.4485,46.3883],[17.4469,46.3895],[17.446,46.3914],[17.4434,46.3916],[17.4411,46.3914],[17.4367,46.3917],[17.4331,46.3904],[17.4314,46.3881],[17.4299,46.3874],[17.4295,46.3868],[17.4296,46.3839],[17.4291,46.3827],[17.4281,46.3826],[17.4282,46.3803],[17.4261,46.3799],[17.4256,46.3803],[17.4224,46.3797],[17.4222,46.3788],[17.4198,46.3764],[17.4173,46.3763],[17.4148,46.3787],[17.4134,46.3786],[17.4139,46.3792],[17.4142,46.3835],[17.412,46.3872],[17.4122,46.3881],[17.4083,46.3892],[17.4045,46.385],[17.3824,46.3835],[17.3822,46.3842],[17.3816,46.3844],[17.3739,46.3842],[17.3738,46.3845],[17.3678,46.384],[17.3522,46.3895],[17.3497,46.3892],[17.3508,46.3863],[17.3475,46.3862],[17.3466,46.3886],[17.3425,46.3906],[17.3417,46.3903],[17.3407,46.3891],[17.3356,46.3884],[17.3353,46.3873],[17.334,46.3867],[17.3309,46.3864],[17.3291,46.3853],[17.3232,46.384],[17.3176,46.3848],[17.3177,46.3902],[17.317,46.3922],[17.316,46.4041],[17.315,46.41],[17.3234,46.409],[17.3238,46.4166],[17.3145,46.4156],[17.3147,46.4168],[17.3137,46.4185],[17.3132,46.4185],[17.3117,46.4204],[17.3112,46.422],[17.3111,46.4262],[17.3117,46.4276],[17.2988,46.4269],[17.2983,46.4277],[17.2966,46.4277],[17.2956,46.4297],[17.295,46.4365],[17.2939,46.4383],[17.2947,46.4424],[17.2945,46.4451],[17.2956,46.4466],[17.2961,46.4494],[17.2973,46.4519],[17.2984,46.4531],[17.3004,46.454],[17.2771,46.4612],[17.2831,46.4463],[17.2786,46.4451],[17.2796,46.4395],[17.2826,46.44],[17.2825,46.4352],[17.2769,46.4354],[17.2782,46.4314],[17.2784,46.4286],[17.2717,46.4276],[17.2721,46.4256],[17.27,46.4252],[17.2701,46.4223],[17.2668,46.4218],[17.2659,46.4221],[17.2653,46.4205],[17.2604,46.4202],[17.2609,46.4155],[17.256,46.4149],[17.2559,46.4106],[17.2568,46.4098],[17.2574,46.4068],[17.2488,46.4059],[17.2492,46.403],[17.2437,46.4033],[17.2382,46.4048],[17.2335,46.4054],[17.2256,46.4071],[17.2235,46.4079],[17.2224,46.4089],[17.22,46.412],[17.2193,46.4137],[17.2123,46.4123],[17.2074,46.4105],[17.1928,46.4097],[17.192,46.4144],[17.1906,46.418],[17.1905,46.422],[17.1915,46.4255],[17.1909,46.4281],[17.1875,46.4291],[17.188,46.4303],[17.1877,46.4312],[17.1906,46.441],[17.1933,46.4427],[17.1944,46.4621],[17.1946,46.4653],[17.1924,46.4676],[17.1882,46.4739],[17.1902,46.478],[17.19,46.4858],[17.1916,46.4868],[17.1935,46.4873],[17.1966,46.4865],[17.1955,46.4851],[17.2008,46.4844],[17.2028,46.4877],[17.2027,46.4894],[17.2043,46.4934],[17.2134,46.4942],[17.2188,46.4994],[17.2261,46.5115],[17.2256,46.5272],[17.2222,46.532],[17.2222,46.5329],[17.2194,46.5625],[17.2194,46.5781],[17.2189,46.5848],[17.216,46.5989],[17.2149,46.6105],[17.219,46.626],[17.2209,46.6329],[17.2213,46.6344],[17.2176,46.6487],[17.2211,46.6549],[17.22,46.6639],[17.2215,46.6717],[17.2449,46.6794],[17.2498,46.6837],[17.2568,46.6873],[17.2584,46.6907],[17.2593,46.7008],[17.2593,46.7018],[17.2619,46.7059],[17.269,46.7339],[17.2775,46.734],[17.2897,46.7344],[17.2986,46.735],[17.3107,46.7331],[17.3346,46.7323],[17.3501,46.7316],[17.3614,46.7317],[17.3722,46.7342],[17.3781,46.7374],[17.3853,46.7438],[17.3974,46.7484],[17.4089,46.75],[17.4191,46.7507],[17.4364,46.7488],[17.4455,46.7478],[17.4537,46.7487],[17.465,46.7529],[17.4748,46.753],[17.4783,46.752],[17.485,46.7519],[17.4919,46.753],[17.5092,46.759],[17.5233,46.7671],[17.5338,46.7715],[17.5542,46.7778],[17.604,46.7943],[17.6249,46.8016],[17.6401,46.8053],[17.6673,46.812],[17.6684,46.8125],[17.6986,46.8287],[17.7259,46.7959]]]}},{"type":"Feature","properties":{"id":"1504","name":"Somogy vármegye 04. OEVK","regionId":"somogy","center":"Siófok"},"geometry":{"type":"Polygon","coordinates":[[[18.1686,46.9962],[18.1673,46.9946],[18.1693,46.9946],[18.17,46.9938],[18.17,46.9952],[18.1758,46.9936],[18.1808,46.9892],[18.1804,46.9889],[18.181,46.9883],[18.1891,46.9897],[18.193,46.985],[18.1924,46.9852],[18.2009,46.9778],[18.2052,46.9716],[18.2037,46.9696],[18.2018,46.9686],[18.1958,46.9641],[18.1935,46.9619],[18.1937,46.9618],[18.1889,46.9584],[18.1799,46.9497],[18.1761,46.9471],[18.1742,46.9462],[18.1795,46.9426],[18.182,46.9403],[18.1864,46.9351],[18.1892,46.9328],[18.1936,46.9281],[18.1908,46.9255],[18.1918,46.9231],[18.1961,46.9152],[18.1979,46.9136],[18.2006,46.9098],[18.2026,46.9051],[18.2098,46.8973],[18.208,46.8956],[18.2128,46.8872],[18.2053,46.8833],[18.1894,46.8732],[18.2007,46.8701],[18.2063,46.8673],[18.1972,46.8644],[18.1979,46.8566],[18.2028,46.8474],[18.2033,46.8475],[18.2047,46.8377],[18.2043,46.8339],[18.2033,46.8314],[18.202,46.8294],[18.2006,46.8283],[18.2009,46.8277],[18.1986,46.8205],[18.1989,46.8193],[18.1982,46.813],[18.2027,46.805],[18.2042,46.8],[18.2032,46.7942],[18.2033,46.7921],[18.2065,46.7849],[18.2109,46.7782],[18.2062,46.7775],[18.2033,46.778],[18.1997,46.7781],[18.1863,46.7702],[18.1819,46.7702],[18.181,46.7707],[18.1774,46.7711],[18.1741,46.772],[18.1659,46.7668],[18.166,46.7643],[18.1671,46.7619],[18.1705,46.7573],[18.1719,46.7538],[18.1719,46.7449],[18.1609,46.7444],[18.1606,46.7436],[18.1594,46.7428],[18.1561,46.7425],[18.1532,46.7451],[18.1501,46.7492],[18.1409,46.7473],[18.143,46.7433],[18.1374,46.7423],[18.1373,46.7359],[18.1321,46.7353],[18.128,46.7338],[18.1239,46.7315],[18.1224,46.7299],[18.1203,46.7291],[18.1158,46.7302],[18.1138,46.7302],[18.1149,46.7269],[18.1172,46.7259],[18.1182,46.7248],[18.1226,46.7182],[18.1229,46.7161],[18.127,46.7102],[18.1297,46.7041],[18.1358,46.7064],[18.1412,46.7088],[18.1465,46.7026],[18.1375,46.7004],[18.1405,46.6937],[18.1313,46.6944],[18.1318,46.6907],[18.1326,46.6888],[18.1281,46.6875],[18.1312,46.677],[18.1284,46.6776],[18.1271,46.6772],[18.1218,46.6743],[18.1122,46.6706],[18.1132,46.6694],[18.1102,46.6681],[18.1109,46.6666],[18.1091,46.666],[18.1067,46.6644],[18.1094,46.6629],[18.1063,46.6613],[18.107,46.6606],[18.1063,46.6603],[18.1071,46.6597],[18.1031,46.6579],[18.1015,46.6576],[18.1074,46.6494],[18.0979,46.6446],[18.0892,46.6412],[18.0903,46.6358],[18.0891,46.6312],[18.0882,46.63],[18.0865,46.629],[18.0768,46.6258],[18.0748,46.6257],[18.074,46.6226],[18.0719,46.6214],[18.0706,46.6212],[18.0735,46.6131],[18.0792,46.6078],[18.0825,46.6026],[18.0867,46.5982],[18.087,46.5947],[18.086,46.5926],[18.0857,46.5908],[18.0847,46.5895],[18.0848,46.5853],[18.084,46.5836],[18.0845,46.5829],[18.0795,46.5828],[18.0782,46.5802],[18.0778,46.5782],[18.078,46.576],[18.0763,46.5728],[18.075,46.5717],[18.0737,46.5697],[18.0718,46.5642],[18.0684,46.5607],[18.0656,46.5594],[18.063,46.5566],[18.0571,46.5563],[18.0497,46.5535],[18.0376,46.5608],[18.0396,46.5526],[18.0396,46.5491],[18.039,46.5437],[18.0387,46.5432],[18.0365,46.5422],[18.0384,46.5395],[18.0324,46.5369],[18.0331,46.526],[18.0342,46.5207],[18.037,46.5141],[18.038,46.5103],[18.0374,46.5042],[18.0342,46.5034],[18.0308,46.5015],[18.0358,46.4984],[18.0392,46.4958],[18.0402,46.4945],[18.0452,46.4833],[18.0478,46.4789],[18.0487,46.4752],[18.0509,46.4712],[18.0515,46.4619],[18.0569,46.4555],[18.062,46.4445],[18.0679,46.4369],[18.0672,46.4367],[18.0683,46.4348],[18.0642,46.4343],[18.0665,46.423],[18.0518,46.4215],[18.0489,46.4217],[18.0494,46.416],[18.0468,46.4156],[18.0444,46.4137],[18.0404,46.4185],[18.0388,46.4182],[18.0394,46.4166],[18.0367,46.4135],[18.037,46.4128],[18.0365,46.4122],[18.0358,46.4122],[18.0325,46.4143],[18.0314,46.4141],[18.0309,46.4121],[18.0255,46.4109],[18.0263,46.409],[18.0199,46.4077],[18.0217,46.4039],[18.0156,46.4026],[18.0142,46.4056],[18.0079,46.4042],[18.009,46.4018],[18.0038,46.4001],[18.0014,46.4005],[17.9979,46.4006],[17.996,46.3991],[17.9887,46.3961],[17.9901,46.3933],[17.9839,46.3907],[17.9821,46.3937],[17.9729,46.3924],[17.9727,46.3927],[17.9704,46.3918],[17.9734,46.3847],[17.9743,46.3814],[17.974,46.3738],[17.9761,46.37],[17.9729,46.3582],[17.9715,46.3578],[17.9712,46.3569],[17.9717,46.3568],[17.9722,46.3554],[17.972,46.3534],[17.9733,46.3483],[17.9487,46.3565],[17.9345,46.3613],[17.9335,46.3613],[17.922,46.3655],[17.9087,46.363],[17.8912,46.3615],[17.8823,46.3671],[17.8716,46.3906],[17.8648,46.4055],[17.861,46.4169],[17.8581,46.4213],[17.8554,46.4276],[17.8762,46.432],[17.8749,46.4341],[17.8738,46.4407],[17.8736,46.441],[17.8727,46.4399],[17.8637,46.4374],[17.862,46.4349],[17.8579,46.4325],[17.8547,46.4315],[17.853,46.4316],[17.8473,46.4408],[17.8468,46.4428],[17.8453,46.4489],[17.8428,46.4556],[17.8432,46.4565],[17.8408,46.4613],[17.8377,46.4643],[17.8368,46.4645],[17.8351,46.4757],[17.8314,46.4817],[17.8324,46.4832],[17.8312,46.4848],[17.8312,46.4864],[17.8252,46.4864],[17.8214,46.4883],[17.8065,46.4871],[17.7933,46.4861],[17.7916,46.4854],[17.7923,46.4889],[17.7941,46.4954],[17.7961,46.4951],[17.7987,46.4941],[17.7995,46.4944],[17.8031,46.4973],[17.8056,46.5013],[17.8056,46.5029],[17.8029,46.5071],[17.8015,46.5205],[17.7983,46.527],[17.7976,46.5329],[17.7962,46.5359],[17.7961,46.5377],[17.7917,46.5372],[17.7862,46.5375],[17.7867,46.54],[17.7845,46.5443],[17.785,46.5469],[17.7843,46.5498],[17.7838,46.5501],[17.7816,46.5536],[17.7815,46.5557],[17.7821,46.5559],[17.7826,46.5605],[17.7863,46.5707],[17.7882,46.5713],[17.7908,46.5716],[17.7909,46.5757],[17.7891,46.5799],[17.7895,46.5835],[17.7892,46.5847],[17.7942,46.5849],[17.8036,46.5837],[17.8065,46.5838],[17.8065,46.5814],[17.811,46.5818],[17.8116,46.5821],[17.8132,46.5845],[17.8165,46.5874],[17.8163,46.5892],[17.8175,46.5916],[17.8173,46.5939],[17.8157,46.5964],[17.8147,46.6056],[17.8128,46.6108],[17.8124,46.6135],[17.8101,46.6145],[17.8043,46.627],[17.8032,46.6282],[17.8032,46.631],[17.8022,46.632],[17.8016,46.6337],[17.8021,46.6351],[17.8018,46.6407],[17.7999,46.6438],[17.7987,46.6499],[17.7859,46.6489],[17.7871,46.6431],[17.7839,46.6425],[17.7823,46.6438],[17.7803,46.6444],[17.779,46.6442],[17.7787,46.6446],[17.7767,46.6449],[17.7739,46.6463],[17.7704,46.6468],[17.7681,46.6483],[17.7667,46.6497],[17.7685,46.6502],[17.7654,46.6553],[17.7652,46.6587],[17.7571,46.6578],[17.7548,46.6635],[17.7524,46.6633],[17.7532,46.6679],[17.7574,46.6738],[17.7635,46.6758],[17.7696,46.6765],[17.769,46.678],[17.7678,46.6788],[17.7693,46.6794],[17.7679,46.6801],[17.7676,46.6814],[17.7694,46.6818],[17.7697,46.6826],[17.7733,46.6833],[17.7742,46.6804],[17.7735,46.6804],[17.7736,46.6801],[17.7758,46.6805],[17.7774,46.6773],[17.7799,46.6775],[17.7793,46.6789],[17.7843,46.6797],[17.7847,46.678],[17.7889,46.6781],[17.7961,46.6793],[17.7942,46.6835],[17.7958,46.6873],[17.7957,46.6928],[17.7967,46.6943],[17.7967,46.6964],[17.7943,46.7024],[17.8005,46.7039],[17.802,46.7048],[17.8073,46.7064],[17.8061,46.7081],[17.806,46.7102],[17.8067,46.7103],[17.8064,46.7114],[17.8053,46.7124],[17.805,46.7139],[17.8053,46.7187],[17.8062,46.7202],[17.8064,46.7226],[17.807,46.7237],[17.8012,46.7251],[17.7975,46.7266],[17.7912,46.7231],[17.7769,46.7247],[17.7757,46.7295],[17.776,46.735],[17.7809,46.737],[17.7785,46.742],[17.779,46.7442],[17.7776,46.7452],[17.777,46.7463],[17.7775,46.7468],[17.7788,46.752],[17.7768,46.754],[17.7769,46.7564],[17.7813,46.7564],[17.7893,46.7581],[17.7882,46.7624],[17.7887,46.7634],[17.7895,46.7666],[17.7858,46.7693],[17.7848,46.7712],[17.7845,46.7742],[17.7835,46.7768],[17.78,46.7817],[17.7783,46.783],[17.7691,46.7851],[17.7661,46.7851],[17.7607,46.7867],[17.7588,46.7902],[17.7531,46.7889],[17.7361,46.7842],[17.7351,46.7889],[17.7279,46.7942],[17.7285,46.7946],[17.7273,46.7956],[17.7269,46.7953],[17.7259,46.7959],[17.6986,46.8287],[17.7296,46.8404],[17.7326,46.841],[17.7643,46.8471],[17.7885,46.8536],[17.8019,46.8589],[17.8147,46.865],[17.8342,46.8741],[17.8415,46.8775],[17.8541,46.8844],[17.8696,46.8798],[17.8782,46.8781],[17.879,46.8783],[17.8802,46.8784],[17.889,46.8799],[17.9012,46.8856],[17.9103,46.8941],[17.9124,46.9073],[17.9076,46.9159],[17.9233,46.9211],[17.9452,46.9272],[17.9703,46.9321],[17.9748,46.9332],[17.9757,46.9334],[18.0074,46.9439],[18.0316,46.9531],[18.0416,46.9573],[18.0432,46.958],[18.0476,46.9598],[18.0556,46.964],[18.0557,46.964],[18.0666,46.9697],[18.1672,46.9973],[18.1672,46.9972],[18.1682,46.9969],[18.1686,46.9962]]]}},{"type":"Feature","properties":{"id":"1601","name":"Szabolcs-Szatmár-Bereg vármegye 01. OEVK","regionId":"szabolcs","center":"Nyíregyháza"},"geometry":{"type":"Polygon","coordinates":[[[21.7554,48.0361],[21.7561,48.032],[21.7591,48.0314],[21.7659,48.0318],[21.7659,48.0307],[21.7647,48.0307],[21.7648,48.0292],[21.7687,48.029],[21.7691,48.0264],[21.7708,48.0225],[21.7762,48.0218],[21.7758,48.0111],[21.7696,48.0077],[21.768,48.0052],[21.7686,48.0031],[21.7704,48.001],[21.7713,47.9976],[21.77,47.9976],[21.7702,47.9965],[21.7685,47.9965],[21.7686,47.9957],[21.764,47.9986],[21.7563,47.999],[21.7562,47.997],[21.7581,47.9968],[21.7578,47.9933],[21.7565,47.9933],[21.7561,47.9888],[21.7801,47.9881],[21.7806,47.9879],[21.7837,47.983],[21.7826,47.9823],[21.7812,47.9825],[21.781,47.982],[21.7791,47.9821],[21.7776,47.9829],[21.7755,47.983],[21.7751,47.9795],[21.7773,47.9792],[21.7804,47.9784],[21.7824,47.9773],[21.7844,47.9776],[21.7844,47.9768],[21.7845,47.9728],[21.7885,47.9727],[21.788,47.9756],[21.7938,47.9746],[21.8016,47.9748],[21.8079,47.976],[21.8077,47.9762],[21.8111,47.9778],[21.8113,47.9791],[21.8144,47.9793],[21.8148,47.9811],[21.8145,47.9833],[21.8197,47.985],[21.8223,47.9864],[21.8246,47.9867],[21.8254,47.9877],[21.8322,47.9876],[21.8322,47.9864],[21.8335,47.9863],[21.8344,47.9852],[21.8356,47.9848],[21.8359,47.9832],[21.8364,47.9832],[21.8371,47.9788],[21.839,47.9789],[21.8402,47.9703],[21.8391,47.9666],[21.8383,47.9659],[21.8386,47.9634],[21.8383,47.9609],[21.8366,47.9559],[21.8365,47.9511],[21.8352,47.9464],[21.835,47.9439],[21.8354,47.9433],[21.8342,47.9387],[21.8334,47.9376],[21.8333,47.9346],[21.8412,47.9347],[21.8415,47.9282],[21.8441,47.9191],[21.8371,47.9188],[21.837,47.9193],[21.8291,47.9178],[21.8291,47.9152],[21.8315,47.9156],[21.8307,47.9109],[21.829,47.9109],[21.8289,47.9099],[21.83,47.9098],[21.8301,47.9066],[21.8215,47.9051],[21.8214,47.8956],[21.8205,47.8929],[21.821,47.8888],[21.8146,47.8901],[21.8065,47.8945],[21.7982,47.8948],[21.7925,47.8969],[21.7883,47.8993],[21.7724,47.8987],[21.7724,47.8962],[21.7711,47.8926],[21.7604,47.896],[21.7456,47.9006],[21.7218,47.9081],[21.7191,47.9093],[21.7187,47.9096],[21.7184,47.9098],[21.7179,47.9102],[21.7177,47.9105],[21.7173,47.9109],[21.7171,47.9113],[21.7169,47.9116],[21.7167,47.912],[21.7165,47.9127],[21.7161,47.9209],[21.7151,47.929],[21.7147,47.9322],[21.7123,47.9359],[21.7099,47.9397],[21.7082,47.942],[21.7053,47.9464],[21.7037,47.9488],[21.7002,47.9538],[21.698,47.9563],[21.6964,47.9576],[21.6982,47.9577],[21.6992,47.9576],[21.7009,47.9572],[21.7022,47.9568],[21.7042,47.9564],[21.7046,47.9588],[21.7049,47.9604],[21.7046,47.9604],[21.7049,47.962],[21.7053,47.9634],[21.7058,47.9641],[21.7064,47.9648],[21.7071,47.9652],[21.7079,47.9654],[21.7091,47.9655],[21.7103,47.9657],[21.7103,47.9659],[21.7101,47.9661],[21.71,47.9662],[21.71,47.9662],[21.7099,47.9664],[21.7094,47.9674],[21.7093,47.9677],[21.709,47.9684],[21.7087,47.969],[21.7077,47.9717],[21.7064,47.9749],[21.7058,47.9766],[21.7174,47.9867],[21.7228,47.9918],[21.7241,47.9931],[21.7238,47.9936],[21.7232,47.9941],[21.7227,47.9948],[21.7221,47.9956],[21.7221,47.9966],[21.7223,47.9986],[21.7232,48.0019],[21.7233,48.004],[21.7219,48.0055],[21.7202,48.0066],[21.7155,48.0092],[21.7112,48.0117],[21.71,48.0125],[21.7097,48.0129],[21.7096,48.0133],[21.7093,48.0144],[21.7188,48.015],[21.7232,48.0157],[21.7211,48.0243],[21.7225,48.0244],[21.7228,48.0298],[21.7334,48.031],[21.73,48.0376],[21.743,48.0376],[21.7482,48.035],[21.7488,48.037],[21.7554,48.0361]]]}},{"type":"Feature","properties":{"id":"1602","name":"Szabolcs-Szatmár-Bereg vármegye 02. OEVK","regionId":"szabolcs","center":"Nyíregyháza"},"geometry":{"type":"Polygon","coordinates":[[[21.7546,48.1913],[21.7533,48.1894],[21.753,48.1895],[21.7519,48.1845],[21.749,48.1775],[21.7366,48.1551],[21.7365,48.1505],[21.7356,48.1495],[21.7387,48.1477],[21.739,48.147],[21.7351,48.1453],[21.7344,48.1446],[21.7349,48.1435],[21.7342,48.1433],[21.7351,48.143],[21.7347,48.1424],[21.7353,48.141],[21.7361,48.1408],[21.7363,48.1392],[21.7359,48.1257],[21.7373,48.1233],[21.7365,48.1152],[21.7298,48.1125],[21.7322,48.1069],[21.7306,48.1049],[21.7313,48.1015],[21.7296,48.0946],[21.7258,48.0908],[21.7217,48.084],[21.7219,48.0814],[21.7213,48.0737],[21.7207,48.0725],[21.7229,48.0667],[21.7264,48.0658],[21.7294,48.0652],[21.7324,48.0595],[21.7357,48.0584],[21.7441,48.0537],[21.7442,48.0495],[21.7456,48.047],[21.7527,48.0471],[21.7552,48.0476],[21.7548,48.0438],[21.7554,48.0361],[21.7488,48.037],[21.7482,48.035],[21.743,48.0376],[21.73,48.0376],[21.7334,48.031],[21.7228,48.0298],[21.7225,48.0244],[21.7211,48.0243],[21.7232,48.0157],[21.7188,48.015],[21.7093,48.0144],[21.7096,48.0133],[21.7097,48.0129],[21.71,48.0125],[21.7112,48.0117],[21.7155,48.0092],[21.7202,48.0066],[21.7219,48.0055],[21.7233,48.004],[21.7232,48.0019],[21.7223,47.9986],[21.7221,47.9966],[21.7221,47.9956],[21.7227,47.9948],[21.7232,47.9941],[21.7238,47.9936],[21.7241,47.9931],[21.7228,47.9918],[21.7174,47.9867],[21.7058,47.9766],[21.7064,47.9749],[21.7077,47.9717],[21.7087,47.969],[21.709,47.9684],[21.7093,47.9677],[21.7094,47.9674],[21.7099,47.9664],[21.71,47.9662],[21.71,47.9662],[21.7101,47.9661],[21.7103,47.9659],[21.7103,47.9657],[21.7091,47.9655],[21.7079,47.9654],[21.7071,47.9652],[21.7064,47.9648],[21.7058,47.9641],[21.7053,47.9634],[21.7049,47.962],[21.7046,47.9604],[21.7049,47.9604],[21.7046,47.9588],[21.7042,47.9564],[21.7022,47.9568],[21.7009,47.9572],[21.6992,47.9576],[21.6982,47.9577],[21.6964,47.9576],[21.698,47.9563],[21.7002,47.9538],[21.7037,47.9488],[21.7053,47.9464],[21.7082,47.942],[21.7099,47.9397],[21.7123,47.9359],[21.7147,47.9322],[21.7151,47.929],[21.7161,47.9209],[21.7165,47.9127],[21.7167,47.912],[21.7169,47.9116],[21.7171,47.9113],[21.7173,47.9109],[21.7177,47.9105],[21.7179,47.9102],[21.7184,47.9098],[21.7187,47.9096],[21.7191,47.9093],[21.7218,47.9081],[21.7456,47.9006],[21.7604,47.896],[21.7711,47.8926],[21.7705,47.891],[21.7697,47.8817],[21.7709,47.874],[21.7712,47.8627],[21.7705,47.8609],[21.7705,47.8585],[21.7688,47.8551],[21.7688,47.8525],[21.7671,47.85],[21.7511,47.8492],[21.7451,47.8488],[21.7432,47.849],[21.7367,47.8497],[21.7251,47.8491],[21.7139,47.8497],[21.712,47.8492],[21.7077,47.849],[21.7052,47.8473],[21.705,47.8467],[21.7041,47.8467],[21.7038,47.8471],[21.7031,47.8471],[21.7019,47.8477],[21.7005,47.8464],[21.6922,47.8464],[21.6877,47.8458],[21.6831,47.8461],[21.6802,47.8457],[21.6795,47.8479],[21.6807,47.8532],[21.675,47.8567],[21.6665,47.8607],[21.6595,47.8641],[21.653,47.8648],[21.6459,47.8648],[21.6449,47.8648],[21.6401,47.8481],[21.6247,47.8492],[21.6229,47.8392],[21.6075,47.8404],[21.6081,47.844],[21.5917,47.8456],[21.5924,47.8474],[21.558,47.8507],[21.5577,47.8494],[21.5518,47.8499],[21.5521,47.8548],[21.5545,47.8648],[21.5542,47.8664],[21.5559,47.8691],[21.5562,47.8752],[21.5628,47.8851],[21.5662,47.8883],[21.5625,47.8881],[21.5545,47.8896],[21.5561,47.8962],[21.5536,47.9057],[21.5573,47.9141],[21.5577,47.916],[21.5601,47.9219],[21.5659,47.9297],[21.559,47.931],[21.5455,47.935],[21.5331,47.9379],[21.5237,47.9406],[21.5196,47.9411],[21.5161,47.9412],[21.5137,47.9367],[21.5113,47.9337],[21.5099,47.934],[21.5099,47.9344],[21.5088,47.9345],[21.4998,47.9339],[21.4971,47.9256],[21.4827,47.9261],[21.4725,47.9257],[21.4658,47.9268],[21.4533,47.9283],[21.4383,47.9273],[21.4311,47.9285],[21.4301,47.9227],[21.421,47.922],[21.4167,47.9222],[21.414,47.9206],[21.4047,47.9211],[21.4028,47.9204],[21.4004,47.9204],[21.3946,47.9198],[21.3929,47.9203],[21.3878,47.9199],[21.3812,47.9209],[21.3761,47.919],[21.3708,47.9183],[21.3617,47.9186],[21.3589,47.9191],[21.3571,47.9198],[21.3561,47.9215],[21.3487,47.9216],[21.3202,47.9199],[21.3043,47.9161],[21.3042,47.9129],[21.2977,47.9102],[21.2729,47.9052],[21.2708,47.9048],[21.2649,47.9094],[21.2617,47.9119],[21.2631,47.9187],[21.2618,47.9215],[21.2617,47.9243],[21.2533,47.9275],[21.2476,47.9286],[21.2404,47.9306],[21.2341,47.9347],[21.2318,47.9407],[21.227,47.9427],[21.222,47.9439],[21.2111,47.9497],[21.2,47.9546],[21.1962,47.957],[21.1942,47.9577],[21.1906,47.9571],[21.1874,47.957],[21.1867,47.9578],[21.184,47.9574],[21.1756,47.9629],[21.1517,47.9649],[21.151,47.9634],[21.151,47.9622],[21.1515,47.9621],[21.1487,47.956],[21.1474,47.9542],[21.1461,47.9534],[21.1346,47.9613],[21.1277,47.9575],[21.1222,47.9618],[21.1131,47.9692],[21.1112,47.9698],[21.1093,47.9717],[21.1067,47.9705],[21.1053,47.9713],[21.1036,47.9707],[21.1021,47.971],[21.1064,47.9759],[21.1044,47.9815],[21.0964,47.9891],[21.086,47.997],[21.0862,47.999],[21.0835,48.0019],[21.079,48.0022],[21.0797,48.0055],[21.0827,48.0095],[21.0889,48.0105],[21.0917,48.0101],[21.0921,48.0104],[21.0914,48.0177],[21.0922,48.0189],[21.094,48.0196],[21.0953,48.022],[21.1029,48.023],[21.1048,48.0237],[21.1086,48.023],[21.1107,48.0234],[21.1116,48.028],[21.1142,48.0314],[21.1173,48.0339],[21.1206,48.0359],[21.1247,48.0394],[21.1259,48.0399],[21.1287,48.0397],[21.1301,48.0414],[21.1311,48.0419],[21.1278,48.0457],[21.1307,48.0471],[21.1317,48.0482],[21.133,48.0456],[21.1367,48.0442],[21.1376,48.0442],[21.1381,48.0453],[21.1404,48.0454],[21.1412,48.0458],[21.1434,48.0436],[21.1473,48.0417],[21.1495,48.04],[21.1512,48.0396],[21.1521,48.0398],[21.1529,48.0407],[21.1542,48.0411],[21.1553,48.043],[21.157,48.0439],[21.1606,48.0444],[21.1638,48.0439],[21.1699,48.0418],[21.1721,48.04],[21.1719,48.0384],[21.1683,48.0349],[21.1678,48.0335],[21.17,48.0267],[21.1794,48.0288],[21.1925,48.0296],[21.1982,48.0283],[21.2054,48.0251],[21.2052,48.0249],[21.2102,48.0235],[21.2131,48.0231],[21.2185,48.0232],[21.2236,48.0245],[21.2289,48.0273],[21.2298,48.0281],[21.2302,48.0295],[21.2253,48.032],[21.223,48.0338],[21.2219,48.0356],[21.222,48.0372],[21.2234,48.0392],[21.2256,48.0411],[21.2343,48.0456],[21.2363,48.0474],[21.2383,48.05],[21.2423,48.0523],[21.2476,48.0536],[21.2512,48.0549],[21.2545,48.0569],[21.2566,48.0591],[21.2591,48.0598],[21.2604,48.0591],[21.2603,48.0583],[21.2583,48.0518],[21.2589,48.0478],[21.2617,48.042],[21.2642,48.0398],[21.2666,48.0385],[21.2711,48.0365],[21.278,48.0362],[21.2814,48.0356],[21.2835,48.0349],[21.2859,48.0335],[21.2867,48.0346],[21.2906,48.036],[21.2932,48.0381],[21.2946,48.0385],[21.2957,48.0382],[21.2961,48.0371],[21.2932,48.0324],[21.2935,48.0305],[21.2931,48.0291],[21.2969,48.0283],[21.3001,48.0287],[21.2999,48.0295],[21.3101,48.0316],[21.3122,48.032],[21.3166,48.0318],[21.3198,48.0309],[21.3233,48.0287],[21.3276,48.0223],[21.3332,48.0216],[21.3366,48.0219],[21.3397,48.0227],[21.3437,48.0242],[21.3472,48.0262],[21.3488,48.0278],[21.3494,48.0323],[21.3502,48.0332],[21.3528,48.0337],[21.3629,48.0324],[21.3684,48.0325],[21.3684,48.0318],[21.3751,48.0264],[21.3773,48.0253],[21.3795,48.0248],[21.3809,48.0257],[21.3811,48.0267],[21.3766,48.0312],[21.3752,48.034],[21.381,48.0349],[21.3849,48.0347],[21.3885,48.0339],[21.3944,48.0317],[21.4005,48.0306],[21.4061,48.0312],[21.413,48.0339],[21.4154,48.0356],[21.4157,48.0368],[21.4145,48.0382],[21.4121,48.0397],[21.4092,48.0424],[21.408,48.0446],[21.4077,48.0486],[21.4088,48.0508],[21.4116,48.0525],[21.4142,48.0524],[21.4164,48.0513],[21.4197,48.0463],[21.4216,48.0443],[21.4233,48.043],[21.4264,48.0421],[21.4302,48.0425],[21.4336,48.0444],[21.4358,48.0468],[21.4371,48.0497],[21.4361,48.0587],[21.4361,48.0638],[21.4375,48.0682],[21.4399,48.0675],[21.4404,48.0667],[21.4436,48.0675],[21.4529,48.0711],[21.456,48.0713],[21.4606,48.0709],[21.4621,48.0714],[21.4609,48.073],[21.4573,48.0738],[21.4561,48.0745],[21.4532,48.0786],[21.451,48.0799],[21.4492,48.0804],[21.4458,48.0805],[21.4413,48.0784],[21.4369,48.0781],[21.4315,48.086],[21.4314,48.0871],[21.432,48.0882],[21.4332,48.0886],[21.4339,48.0885],[21.4433,48.0859],[21.4467,48.0857],[21.4496,48.0863],[21.4511,48.0885],[21.45,48.0912],[21.4476,48.0935],[21.4427,48.0965],[21.4362,48.1001],[21.4281,48.1035],[21.4245,48.1059],[21.421,48.1092],[21.4171,48.1141],[21.4143,48.1199],[21.4138,48.1216],[21.4144,48.1229],[21.4205,48.1257],[21.4236,48.1275],[21.4273,48.1305],[21.4303,48.1344],[21.4248,48.1372],[21.4251,48.1396],[21.4261,48.1412],[21.4272,48.1421],[21.429,48.1426],[21.4291,48.1435],[21.428,48.1458],[21.4272,48.1519],[21.4254,48.1547],[21.4261,48.1554],[21.4262,48.1565],[21.4238,48.158],[21.424,48.1589],[21.4251,48.1595],[21.4264,48.1591],[21.4281,48.1593],[21.4289,48.161],[21.4305,48.1617],[21.432,48.1638],[21.4353,48.1637],[21.4372,48.1647],[21.4386,48.1682],[21.4409,48.1712],[21.4396,48.1719],[21.4416,48.1757],[21.4438,48.1774],[21.4476,48.1791],[21.4525,48.1799],[21.4535,48.1795],[21.4548,48.1795],[21.4552,48.1784],[21.4571,48.1784],[21.4576,48.1777],[21.4589,48.1778],[21.4611,48.177],[21.4616,48.1746],[21.4631,48.1725],[21.4614,48.1699],[21.4634,48.1696],[21.4712,48.1668],[21.4726,48.1669],[21.4738,48.1676],[21.4743,48.1717],[21.4738,48.1753],[21.4753,48.1783],[21.4794,48.1805],[21.486,48.1811],[21.49,48.1806],[21.5015,48.178],[21.5014,48.1739],[21.5027,48.1729],[21.5044,48.1725],[21.5067,48.1728],[21.5075,48.1738],[21.5068,48.1758],[21.5054,48.1776],[21.5176,48.1784],[21.5243,48.179],[21.5251,48.1798],[21.5219,48.1818],[21.5162,48.1837],[21.5164,48.1847],[21.517,48.1851],[21.5204,48.1853],[21.525,48.1863],[21.5322,48.19],[21.5337,48.1905],[21.5342,48.1924],[21.5326,48.1938],[21.5326,48.1947],[21.5331,48.1958],[21.5352,48.1974],[21.537,48.1976],[21.5395,48.1968],[21.544,48.1962],[21.5473,48.197],[21.5481,48.1968],[21.5488,48.1952],[21.55,48.1948],[21.5506,48.1952],[21.5506,48.196],[21.5496,48.1976],[21.5508,48.198],[21.5532,48.198],[21.5544,48.1985],[21.555,48.2005],[21.5556,48.2009],[21.558,48.1999],[21.5597,48.1997],[21.561,48.1997],[21.5643,48.2008],[21.5671,48.2001],[21.57,48.2001],[21.5708,48.2003],[21.5711,48.2009],[21.5715,48.2054],[21.5726,48.206],[21.5737,48.2073],[21.5754,48.2071],[21.5759,48.2073],[21.5748,48.2085],[21.5751,48.2091],[21.5788,48.2097],[21.5821,48.2086],[21.5843,48.2086],[21.5911,48.2031],[21.6022,48.1975],[21.6278,48.1933],[21.6445,48.1943],[21.6701,48.1922],[21.6805,48.1914],[21.6902,48.1946],[21.6961,48.1943],[21.7112,48.1931],[21.7103,48.1938],[21.7127,48.1969],[21.7144,48.1981],[21.7155,48.1981],[21.7181,48.1941],[21.7193,48.1932],[21.7211,48.1926],[21.7209,48.1917],[21.7188,48.1895],[21.7186,48.1885],[21.7196,48.1876],[21.7209,48.1873],[21.7218,48.1863],[21.728,48.1887],[21.7295,48.1925],[21.7268,48.1926],[21.7236,48.1942],[21.7225,48.1981],[21.7222,48.2005],[21.7227,48.2024],[21.7236,48.2034],[21.7248,48.2038],[21.7273,48.2032],[21.7296,48.2017],[21.7323,48.1989],[21.7332,48.1974],[21.737,48.1997],[21.7412,48.2014],[21.746,48.2027],[21.7541,48.2041],[21.755,48.2021],[21.7526,48.1996],[21.7527,48.1982],[21.7532,48.1925],[21.754,48.1916],[21.7547,48.1916],[21.7546,48.1913]]]}},{"type":"Feature","properties":{"id":"1701","name":"Tolna vármegye 01. OEVK","regionId":"tolna","center":"Szekszárd"},"geometry":{"type":"Polygon","coordinates":[[[18.6214,46.535],[18.637,46.5418],[18.6407,46.5364],[18.6465,46.5372],[18.6549,46.5395],[18.6851,46.5599],[18.6901,46.5619],[18.6952,46.5653],[18.6994,46.5673],[18.6989,46.5683],[18.7035,46.5711],[18.7117,46.5754],[18.7139,46.5759],[18.7162,46.5753],[18.7264,46.5681],[18.7304,46.5686],[18.7334,46.5679],[18.7409,46.5645],[18.7484,46.5669],[18.7503,46.5678],[18.7529,46.568],[18.759,46.5541],[18.759,46.5526],[18.7597,46.5521],[18.7613,46.5514],[18.7626,46.5495],[18.7639,46.5473],[18.7631,46.5465],[18.7635,46.5452],[18.7653,46.5438],[18.7651,46.5424],[18.766,46.5387],[18.766,46.5346],[18.7671,46.5311],[18.771,46.532],[18.7722,46.5295],[18.777,46.5253],[18.7726,46.523],[18.7747,46.521],[18.7614,46.5146],[18.7643,46.5103],[18.769,46.5072],[18.7699,46.5062],[18.7707,46.5063],[18.772,46.5048],[18.7728,46.505],[18.7733,46.5045],[18.7762,46.5055],[18.7778,46.5039],[18.7792,46.5043],[18.7823,46.5055],[18.7892,46.5096],[18.7931,46.506],[18.7938,46.5058],[18.8097,46.5052],[18.8239,46.5041],[18.8267,46.5036],[18.8278,46.5024],[18.8344,46.5026],[18.8382,46.504],[18.8414,46.5027],[18.8446,46.503],[18.8465,46.5018],[18.8501,46.5011],[18.8504,46.5006],[18.8489,46.4992],[18.8499,46.4969],[18.8529,46.4939],[18.8528,46.4918],[18.8545,46.4887],[18.8538,46.4866],[18.8547,46.4865],[18.8546,46.4858],[18.8561,46.4853],[18.8566,46.4842],[18.858,46.4838],[18.8615,46.4804],[18.8615,46.4756],[18.8667,46.4723],[18.8716,46.4674],[18.8743,46.4593],[18.877,46.4554],[18.883,46.4521],[18.886,46.4487],[18.8872,46.4483],[18.8919,46.4468],[18.8968,46.4462],[18.9094,46.4457],[18.912,46.4462],[18.9161,46.4428],[18.9023,46.4254],[18.9,46.4212],[18.8887,46.411],[18.8853,46.4029],[18.885,46.3956],[18.8876,46.387],[18.8911,46.38],[18.8933,46.3691],[18.8934,46.3608],[18.8953,46.3509],[18.8954,46.3459],[18.8974,46.3424],[18.8978,46.3381],[18.8991,46.3339],[18.9048,46.3274],[18.9079,46.3243],[18.9152,46.3189],[18.919,46.3151],[18.9208,46.3125],[18.9218,46.3081],[18.9214,46.3009],[18.9186,46.2933],[18.9177,46.2934],[18.9175,46.2902],[18.9136,46.2812],[18.9124,46.2738],[18.9109,46.2684],[18.9111,46.2609],[18.9096,46.26],[18.905,46.2586],[18.8978,46.2588],[18.8917,46.2595],[18.8893,46.2603],[18.886,46.2621],[18.8841,46.264],[18.8801,46.2666],[18.877,46.2696],[18.8748,46.2706],[18.8686,46.2701],[18.8639,46.2675],[18.8621,46.2653],[18.8651,46.2578],[18.8674,46.2547],[18.8739,46.2486],[18.8766,46.2454],[18.8763,46.2408],[18.8739,46.2367],[18.8668,46.2319],[18.8646,46.2332],[18.8615,46.2349],[18.8551,46.2361],[18.8539,46.236],[18.8509,46.234],[18.845,46.2256],[18.8419,46.223],[18.8332,46.2201],[18.8309,46.2186],[18.8297,46.2177],[18.8229,46.2092],[18.8218,46.2073],[18.8217,46.2061],[18.8221,46.2054],[18.825,46.2033],[18.8299,46.2011],[18.8322,46.2008],[18.8347,46.2014],[18.8382,46.2033],[18.8495,46.2083],[18.8609,46.2178],[18.8661,46.2215],[18.8681,46.2224],[18.8718,46.2221],[18.8711,46.2127],[18.8692,46.2119],[18.867,46.21],[18.8658,46.2074],[18.8655,46.2048],[18.8664,46.2011],[18.8688,46.1986],[18.8705,46.1977],[18.8705,46.1929],[18.866,46.1923],[18.8568,46.1929],[18.8545,46.1926],[18.8525,46.1916],[18.8512,46.1892],[18.8511,46.1867],[18.8517,46.1843],[18.8497,46.1838],[18.8436,46.1833],[18.8437,46.1816],[18.8428,46.1773],[18.8389,46.1672],[18.8413,46.1661],[18.8396,46.1635],[18.8392,46.1611],[18.8407,46.1529],[18.8403,46.1469],[18.8398,46.1453],[18.8379,46.1429],[18.8356,46.1427],[18.8318,46.1437],[18.8287,46.1384],[18.8268,46.1337],[18.8263,46.1331],[18.8246,46.1333],[18.8204,46.1269],[18.8109,46.1144],[18.8164,46.1102],[18.8193,46.1091],[18.819,46.1088],[18.8153,46.1082],[18.8023,46.1088],[18.7935,46.1093],[18.7795,46.1087],[18.7769,46.1127],[18.7757,46.1136],[18.7749,46.1141],[18.7714,46.1144],[18.7644,46.1138],[18.7625,46.1131],[18.7607,46.1135],[18.7574,46.1097],[18.7522,46.1109],[18.7511,46.112],[18.7487,46.1099],[18.7468,46.1095],[18.7437,46.1115],[18.742,46.1139],[18.741,46.1142],[18.7383,46.1163],[18.7333,46.1182],[18.7299,46.1202],[18.7284,46.1219],[18.7253,46.1195],[18.721,46.1182],[18.718,46.1226],[18.7121,46.1244],[18.7072,46.1265],[18.7009,46.1289],[18.6963,46.1332],[18.6946,46.134],[18.6942,46.1335],[18.6927,46.1344],[18.6901,46.1335],[18.6894,46.1323],[18.6902,46.1309],[18.6927,46.1295],[18.6931,46.1283],[18.6927,46.127],[18.6875,46.1245],[18.6859,46.1258],[18.686,46.1285],[18.6856,46.1296],[18.6817,46.1346],[18.6804,46.1375],[18.6784,46.1394],[18.6773,46.1403],[18.6725,46.1423],[18.665,46.1477],[18.657,46.1516],[18.6538,46.155],[18.6514,46.1586],[18.6433,46.1659],[18.6417,46.1688],[18.6364,46.1712],[18.6298,46.1748],[18.6206,46.1789],[18.6168,46.1823],[18.6135,46.1899],[18.6128,46.1903],[18.6132,46.1909],[18.6169,46.1884],[18.6208,46.1866],[18.6222,46.1877],[18.6215,46.1897],[18.6221,46.1904],[18.6233,46.1908],[18.6235,46.1921],[18.6251,46.1924],[18.6286,46.1906],[18.6307,46.1899],[18.632,46.19],[18.6318,46.1912],[18.6334,46.1938],[18.6371,46.1961],[18.6388,46.2],[18.6398,46.2011],[18.6478,46.2017],[18.6555,46.2072],[18.6606,46.2077],[18.661,46.2085],[18.6603,46.2107],[18.6605,46.212],[18.66,46.215],[18.6624,46.2168],[18.6632,46.2179],[18.6635,46.2189],[18.6621,46.2212],[18.6635,46.2227],[18.666,46.2218],[18.668,46.2216],[18.6716,46.2202],[18.672,46.2206],[18.6718,46.223],[18.6727,46.2224],[18.673,46.2228],[18.6754,46.2227],[18.6762,46.2274],[18.6744,46.2345],[18.6798,46.2391],[18.6772,46.2404],[18.6777,46.2411],[18.6781,46.2408],[18.6789,46.2409],[18.6772,46.2448],[18.6788,46.2469],[18.677,46.2524],[18.6775,46.2546],[18.6781,46.2557],[18.6788,46.2557],[18.6784,46.2563],[18.6765,46.2638],[18.6763,46.2686],[18.6758,46.2695],[18.6739,46.2697],[18.6734,46.2733],[18.6717,46.2767],[18.6719,46.2776],[18.6693,46.2797],[18.6684,46.2818],[18.6698,46.2846],[18.6732,46.2878],[18.6722,46.2903],[18.6723,46.2955],[18.6692,46.2965],[18.6696,46.2944],[18.6644,46.2946],[18.6613,46.2967],[18.659,46.2966],[18.6579,46.2993],[18.6562,46.3015],[18.6525,46.3048],[18.6504,46.3052],[18.6489,46.3064],[18.6512,46.3153],[18.6506,46.3165],[18.6509,46.3176],[18.6526,46.3207],[18.6523,46.3242],[18.6508,46.3271],[18.6473,46.3283],[18.641,46.3255],[18.6394,46.3223],[18.6388,46.3198],[18.6372,46.3185],[18.6353,46.3181],[18.6255,46.3218],[18.621,46.3206],[18.6166,46.322],[18.6133,46.3212],[18.614,46.3219],[18.6143,46.3242],[18.6123,46.3277],[18.6122,46.3297],[18.6114,46.3323],[18.6121,46.3348],[18.6108,46.3385],[18.6109,46.3413],[18.6128,46.3465],[18.6124,46.348],[18.6124,46.3515],[18.6115,46.3532],[18.6146,46.3554],[18.6176,46.3609],[18.6199,46.3609],[18.6216,46.3619],[18.6217,46.3625],[18.6232,46.3637],[18.6322,46.3684],[18.632,46.3688],[18.6376,46.3715],[18.6448,46.3718],[18.653,46.3742],[18.6524,46.3762],[18.6504,46.3798],[18.6467,46.3849],[18.6461,46.3872],[18.6351,46.3888],[18.6326,46.3897],[18.6295,46.3925],[18.627,46.3973],[18.6285,46.4016],[18.6295,46.4075],[18.6302,46.4078],[18.6329,46.4108],[18.6374,46.4142],[18.6434,46.4172],[18.6453,46.4188],[18.6463,46.4282],[18.6476,46.432],[18.6481,46.4329],[18.6507,46.4351],[18.6538,46.4413],[18.6571,46.4447],[18.6391,46.4492],[18.6285,46.4503],[18.6269,46.4484],[18.6238,46.4464],[18.6235,46.4449],[18.6183,46.4433],[18.6075,46.4413],[18.6053,46.4469],[18.5997,46.4573],[18.5967,46.4651],[18.5956,46.4704],[18.5945,46.4803],[18.5949,46.4832],[18.5939,46.4876],[18.598,46.4887],[18.6077,46.4922],[18.609,46.4907],[18.6102,46.4912],[18.614,46.4897],[18.6147,46.4899],[18.6174,46.4893],[18.6192,46.4892],[18.6312,46.4935],[18.6283,46.4969],[18.6215,46.501],[18.6198,46.5014],[18.6231,46.5036],[18.6215,46.5046],[18.6205,46.5046],[18.6196,46.504],[18.6165,46.5055],[18.6149,46.5052],[18.6145,46.5061],[18.6119,46.5053],[18.6121,46.5066],[18.6111,46.5072],[18.6087,46.5061],[18.6083,46.5063],[18.6106,46.5088],[18.6093,46.5093],[18.6097,46.5099],[18.6335,46.5222],[18.6214,46.535]]]}},{"type":"Feature","properties":{"id":"1603","name":"Szabolcs-Szatmár-Bereg vármegye 03. OEVK","regionId":"szabolcs","center":"Kisvárda"},"geometry":{"type":"Polygon","coordinates":[[[22.1043,48.3278],[22.1076,48.3271],[22.1121,48.3272],[22.116,48.3259],[22.1206,48.3264],[22.1223,48.3227],[22.1234,48.3229],[22.1249,48.3178],[22.1216,48.3119],[22.1212,48.3098],[22.1225,48.3103],[22.1247,48.3076],[22.1243,48.3074],[22.1256,48.3004],[22.1315,48.2964],[22.1275,48.2907],[22.128,48.2905],[22.1332,48.2918],[22.1339,48.291],[22.1363,48.2935],[22.1377,48.2953],[22.1413,48.297],[22.1432,48.2988],[22.1499,48.3014],[22.1525,48.2989],[22.1549,48.2976],[22.1656,48.2977],[22.1708,48.2974],[22.1769,48.2927],[22.1769,48.292],[22.1892,48.2927],[22.1978,48.2898],[22.1987,48.2891],[22.2069,48.2896],[22.208,48.2899],[22.2117,48.2914],[22.216,48.292],[22.2205,48.2942],[22.2229,48.294],[22.2246,48.2932],[22.2262,48.2932],[22.2277,48.2884],[22.2355,48.293],[22.2379,48.2935],[22.2405,48.2947],[22.2453,48.295],[22.2463,48.2942],[22.2529,48.2965],[22.2526,48.2952],[22.2529,48.2917],[22.2585,48.2869],[22.2591,48.2846],[22.2622,48.2866],[22.2674,48.2879],[22.2696,48.2878],[22.2705,48.2873],[22.271,48.2868],[22.2712,48.2848],[22.2705,48.2852],[22.2664,48.28],[22.2647,48.2769],[22.2625,48.276],[22.2594,48.276],[22.2569,48.2772],[22.2558,48.2788],[22.2548,48.2801],[22.2513,48.2791],[22.2451,48.2765],[22.241,48.2743],[22.2394,48.2731],[22.2338,48.2659],[22.2324,48.2628],[22.2327,48.2611],[22.2338,48.2598],[22.2362,48.2586],[22.2404,48.258],[22.2459,48.258],[22.2531,48.2593],[22.2605,48.2627],[22.2637,48.2634],[22.2662,48.2634],[22.2687,48.2624],[22.2702,48.2607],[22.2703,48.258],[22.2687,48.253],[22.2689,48.25],[22.2707,48.248],[22.2722,48.2471],[22.2752,48.2463],[22.2881,48.2461],[22.2914,48.2446],[22.2921,48.2432],[22.2912,48.2415],[22.2901,48.2409],[22.2839,48.2394],[22.2809,48.2382],[22.2795,48.237],[22.2784,48.2352],[22.2763,48.2355],[22.2735,48.2347],[22.2736,48.2335],[22.2674,48.2321],[22.262,48.23],[22.2595,48.2303],[22.2571,48.2326],[22.2529,48.2337],[22.2509,48.2349],[22.2448,48.2334],[22.2357,48.2304],[22.2324,48.2292],[22.2354,48.2219],[22.2358,48.22],[22.2368,48.2184],[22.2372,48.2165],[22.2362,48.2155],[22.2431,48.2084],[22.2392,48.2078],[22.233,48.206],[22.2214,48.1979],[22.2104,48.1984],[22.2082,48.199],[22.2095,48.1965],[22.2099,48.1966],[22.2113,48.1951],[22.2122,48.1944],[22.2152,48.1929],[22.216,48.1932],[22.2187,48.1901],[22.2195,48.1903],[22.2232,48.1873],[22.2237,48.1874],[22.2245,48.1865],[22.2256,48.1863],[22.2342,48.176],[22.2283,48.1734],[22.2243,48.1725],[22.2169,48.1688],[22.2162,48.1673],[22.2147,48.1658],[22.2146,48.1645],[22.2143,48.1627],[22.2191,48.156],[22.2191,48.1547],[22.2186,48.1546],[22.2215,48.1475],[22.2243,48.1423],[22.226,48.1374],[22.2239,48.1369],[22.2117,48.1291],[22.214,48.1281],[22.2141,48.1271],[22.2132,48.1253],[22.2078,48.1198],[22.2056,48.1219],[22.2025,48.1238],[22.2013,48.1255],[22.2011,48.1275],[22.1997,48.1308],[22.1944,48.1299],[22.1929,48.1288],[22.1913,48.1283],[22.1878,48.1279],[22.1849,48.1262],[22.1809,48.1248],[22.178,48.1243],[22.176,48.1244],[22.1709,48.1229],[22.1681,48.1226],[22.1644,48.1215],[22.156,48.1207],[22.1531,48.1244],[22.1505,48.1268],[22.1481,48.1256],[22.1455,48.1278],[22.1437,48.1271],[22.143,48.1277],[22.1379,48.1258],[22.1372,48.1264],[22.1305,48.1246],[22.13,48.1253],[22.1177,48.1216],[22.1174,48.1219],[22.1122,48.1206],[22.11,48.1195],[22.1087,48.1199],[22.1061,48.1195],[22.1049,48.1215],[22.1031,48.1222],[22.0981,48.1241],[22.0879,48.1313],[22.0794,48.1252],[22.075,48.1234],[22.0673,48.121],[22.0642,48.1197],[22.0627,48.1194],[22.0628,48.117],[22.0616,48.1173],[22.0607,48.1154],[22.0611,48.1059],[22.0627,48.1007],[22.063,48.1001],[22.0648,48.1005],[22.0678,48.0973],[22.0709,48.0973],[22.0727,48.0958],[22.0754,48.0961],[22.0771,48.0933],[22.0737,48.0922],[22.0715,48.0907],[22.0659,48.0883],[22.0639,48.0869],[22.0592,48.0846],[22.0545,48.083],[22.0505,48.0822],[22.0466,48.0822],[22.0453,48.0818],[22.0415,48.0795],[22.0381,48.078],[22.0366,48.0777],[22.0338,48.0777],[22.0268,48.0787],[22.0232,48.0787],[22.0156,48.0777],[22.0119,48.0768],[22.0092,48.077],[22.0092,48.0717],[22.0099,48.0703],[22.0115,48.0697],[22.0132,48.0607],[22.0162,48.0517],[22.0205,48.0455],[22.0232,48.0397],[22.0257,48.0369],[22.0263,48.0371],[22.0275,48.0358],[22.0282,48.0359],[22.0304,48.0349],[22.0326,48.033],[22.0284,48.0322],[22.0267,48.0315],[22.0192,48.0299],[22.0128,48.0275],[22.0076,48.0298],[22.0037,48.0293],[22.0036,48.0288],[22.0013,48.0283],[21.9991,48.0273],[21.9997,48.0261],[21.9965,48.0257],[21.9955,48.026],[21.9892,48.0239],[21.9912,48.0206],[21.9812,48.0178],[21.986,48.0115],[21.9915,48.0071],[21.9904,48.0028],[21.9865,48.0],[21.9858,47.9989],[21.982,47.9969],[21.9802,47.994],[21.9779,47.9929],[21.977,47.992],[21.9711,47.9905],[21.9687,47.9892],[21.9668,47.9898],[21.9582,47.9895],[21.9515,47.9877],[21.9485,47.9873],[21.9466,47.9878],[21.9409,47.9877],[21.934,47.9868],[21.9284,47.9855],[21.9147,47.9855],[21.9146,47.986],[21.9106,47.9859],[21.9041,47.9868],[21.9028,47.9867],[21.9027,47.9871],[21.8969,47.9851],[21.8927,47.9846],[21.8858,47.9829],[21.8843,47.9811],[21.8841,47.9776],[21.8831,47.977],[21.8841,47.975],[21.884,47.9737],[21.8905,47.9742],[21.8931,47.9741],[21.895,47.9724],[21.8955,47.9686],[21.8971,47.9677],[21.899,47.9631],[21.8984,47.9591],[21.9006,47.9523],[21.9013,47.9465],[21.901,47.9445],[21.904,47.9387],[21.9016,47.9374],[21.9014,47.9368],[21.9048,47.932],[21.9041,47.931],[21.9052,47.9244],[21.9038,47.9223],[21.903,47.9199],[21.9042,47.9195],[21.9084,47.9196],[21.9124,47.9186],[21.9126,47.9167],[21.9118,47.9146],[21.9112,47.9089],[21.9103,47.905],[21.9095,47.9037],[21.9072,47.9021],[21.9049,47.9015],[21.9034,47.8983],[21.8901,47.8959],[21.8871,47.8943],[21.8721,47.9],[21.8622,47.9011],[21.8578,47.9025],[21.852,47.9023],[21.8515,47.9028],[21.8499,47.9089],[21.8448,47.913],[21.8443,47.9186],[21.8441,47.9191],[21.8415,47.9282],[21.8412,47.9347],[21.8333,47.9346],[21.8334,47.9376],[21.8342,47.9387],[21.8354,47.9433],[21.835,47.9439],[21.8352,47.9464],[21.8365,47.9511],[21.8366,47.9559],[21.8383,47.9609],[21.8386,47.9634],[21.8383,47.9659],[21.8391,47.9666],[21.8402,47.9703],[21.839,47.9789],[21.8371,47.9788],[21.8364,47.9832],[21.8359,47.9832],[21.8356,47.9848],[21.8344,47.9852],[21.8335,47.9863],[21.8322,47.9864],[21.8322,47.9876],[21.8254,47.9877],[21.8246,47.9867],[21.8223,47.9864],[21.8197,47.985],[21.8145,47.9833],[21.8148,47.9811],[21.8144,47.9793],[21.8113,47.9791],[21.8111,47.9778],[21.8077,47.9762],[21.8079,47.976],[21.8016,47.9748],[21.7938,47.9746],[21.788,47.9756],[21.7885,47.9727],[21.7845,47.9728],[21.7844,47.9768],[21.7844,47.9776],[21.7824,47.9773],[21.7804,47.9784],[21.7773,47.9792],[21.7751,47.9795],[21.7755,47.983],[21.7776,47.9829],[21.7791,47.9821],[21.781,47.982],[21.7812,47.9825],[21.7826,47.9823],[21.7837,47.983],[21.7806,47.9879],[21.7801,47.9881],[21.7561,47.9888],[21.7565,47.9933],[21.7578,47.9933],[21.7581,47.9968],[21.7562,47.997],[21.7563,47.999],[21.764,47.9986],[21.7686,47.9957],[21.7685,47.9965],[21.7702,47.9965],[21.77,47.9976],[21.7713,47.9976],[21.7704,48.001],[21.7686,48.0031],[21.768,48.0052],[21.7696,48.0077],[21.7758,48.0111],[21.7762,48.0218],[21.7708,48.0225],[21.7691,48.0264],[21.7687,48.029],[21.7648,48.0292],[21.7647,48.0307],[21.7659,48.0307],[21.7659,48.0318],[21.7591,48.0314],[21.7561,48.032],[21.7554,48.0361],[21.7548,48.0438],[21.7552,48.0476],[21.7527,48.0471],[21.7456,48.047],[21.7442,48.0495],[21.7441,48.0537],[21.7357,48.0584],[21.7324,48.0595],[21.7294,48.0652],[21.7264,48.0658],[21.7229,48.0667],[21.7207,48.0725],[21.7213,48.0737],[21.7219,48.0814],[21.7217,48.084],[21.7258,48.0908],[21.7296,48.0946],[21.7313,48.1015],[21.7306,48.1049],[21.7322,48.1069],[21.7298,48.1125],[21.7365,48.1152],[21.7373,48.1233],[21.7359,48.1257],[21.7363,48.1392],[21.7361,48.1408],[21.7353,48.141],[21.7347,48.1424],[21.7351,48.143],[21.7342,48.1433],[21.7349,48.1435],[21.7344,48.1446],[21.7351,48.1453],[21.739,48.147],[21.7387,48.1477],[21.7356,48.1495],[21.7365,48.1505],[21.7366,48.1551],[21.749,48.1775],[21.7519,48.1845],[21.753,48.1895],[21.7533,48.1894],[21.7546,48.1913],[21.7556,48.1912],[21.7632,48.1944],[21.7672,48.1945],[21.7712,48.1939],[21.7725,48.1945],[21.7723,48.1953],[21.7674,48.1987],[21.7671,48.1997],[21.7678,48.2003],[21.7713,48.2003],[21.7726,48.2008],[21.7732,48.2019],[21.7719,48.2069],[21.779,48.2033],[21.7818,48.2026],[21.7837,48.2027],[21.7846,48.2035],[21.7851,48.2051],[21.7855,48.2086],[21.7868,48.2098],[21.7929,48.2104],[21.7975,48.211],[21.7995,48.2129],[21.7994,48.2154],[21.7972,48.22],[21.7979,48.2217],[21.8017,48.2232],[21.808,48.2245],[21.8152,48.2266],[21.8132,48.229],[21.8112,48.2333],[21.8114,48.2362],[21.8134,48.239],[21.815,48.24],[21.8169,48.24],[21.8178,48.2391],[21.8212,48.2322],[21.8224,48.2316],[21.8235,48.2318],[21.8247,48.2332],[21.8257,48.2367],[21.8253,48.2387],[21.8231,48.2407],[21.8232,48.2416],[21.8253,48.2431],[21.8277,48.2439],[21.8301,48.2442],[21.8312,48.2426],[21.8322,48.2395],[21.8334,48.2382],[21.8369,48.2368],[21.8396,48.2347],[21.8372,48.2325],[21.8331,48.2304],[21.8383,48.2261],[21.8421,48.2232],[21.8428,48.2232],[21.8439,48.224],[21.8437,48.2248],[21.8405,48.2282],[21.8405,48.2295],[21.8422,48.2299],[21.8483,48.2293],[21.8507,48.23],[21.8513,48.2318],[21.8505,48.24],[21.8601,48.2379],[21.8647,48.2374],[21.8687,48.2373],[21.875,48.238],[21.8804,48.2393],[21.8916,48.245],[21.8948,48.2462],[21.8968,48.2465],[21.9022,48.2458],[21.9058,48.244],[21.9121,48.2401],[21.9167,48.2389],[21.9189,48.239],[21.9209,48.2398],[21.9227,48.2413],[21.925,48.2477],[21.9267,48.2499],[21.9285,48.2512],[21.9314,48.253],[21.943,48.2556],[21.9401,48.2574],[21.9382,48.2617],[21.9387,48.2624],[21.9398,48.2627],[21.9409,48.2625],[21.9453,48.2595],[21.9475,48.2618],[21.9522,48.2641],[21.9622,48.267],[21.9627,48.2684],[21.9624,48.2693],[21.9633,48.2713],[21.9652,48.2735],[21.9676,48.2751],[21.9737,48.2778],[21.976,48.2797],[21.9791,48.2838],[21.9815,48.2892],[21.9853,48.2928],[21.9887,48.2945],[21.9941,48.2964],[22.0009,48.2976],[22.0026,48.2982],[22.0022,48.2991],[22.0037,48.3011],[22.0082,48.3025],[22.0106,48.3036],[22.0112,48.3048],[22.0107,48.3084],[22.0119,48.31],[22.0163,48.3117],[22.0262,48.3122],[22.0267,48.3121],[22.0263,48.3105],[22.0235,48.3018],[22.0276,48.302],[22.0303,48.3026],[22.033,48.3037],[22.0384,48.3071],[22.042,48.3078],[22.0449,48.3079],[22.0476,48.3068],[22.0523,48.3012],[22.0531,48.2994],[22.0556,48.2976],[22.0576,48.297],[22.0624,48.297],[22.0658,48.2981],[22.0673,48.2995],[22.0682,48.3002],[22.0688,48.3022],[22.0673,48.3065],[22.0651,48.3106],[22.0653,48.3129],[22.0758,48.3103],[22.0808,48.3086],[22.0812,48.3094],[22.0836,48.3092],[22.0855,48.3098],[22.0866,48.3117],[22.0869,48.314],[22.0865,48.3164],[22.0844,48.322],[22.0842,48.325],[22.0848,48.3273],[22.0868,48.3294],[22.0899,48.3315],[22.0912,48.3313],[22.0947,48.3318],[22.0975,48.3313],[22.0985,48.3307],[22.0991,48.3294],[22.0977,48.3269],[22.0954,48.3251],[22.0958,48.3238],[22.0979,48.3233],[22.1028,48.3242],[22.1044,48.3262],[22.1043,48.3278]]]}},{"type":"Feature","properties":{"id":"1801","name":"Vas vármegye 01. OEVK","regionId":"vas","center":"Szombathely"},"geometry":{"type":"Polygon","coordinates":[[[16.4874,47.2839],[16.4952,47.2851],[16.503,47.2828],[16.5072,47.2834],[16.5193,47.2835],[16.5225,47.2839],[16.5217,47.2879],[16.5202,47.2907],[16.5237,47.2906],[16.5279,47.2891],[16.5361,47.2695],[16.5392,47.2705],[16.5456,47.2718],[16.5459,47.2715],[16.5451,47.2716],[16.5455,47.2711],[16.5449,47.2705],[16.5457,47.2706],[16.5454,47.27],[16.5482,47.2701],[16.5499,47.2686],[16.5513,47.2671],[16.5511,47.2657],[16.5524,47.2636],[16.554,47.2621],[16.5568,47.2612],[16.5595,47.2611],[16.5621,47.2604],[16.568,47.2629],[16.5736,47.2645],[16.5744,47.2643],[16.5875,47.266],[16.5892,47.2658],[16.6001,47.268],[16.6009,47.2661],[16.6015,47.2656],[16.6032,47.2657],[16.6034,47.265],[16.609,47.2666],[16.6154,47.2669],[16.6213,47.2687],[16.621,47.2701],[16.6238,47.2711],[16.6237,47.2725],[16.63,47.2743],[16.6285,47.2713],[16.6291,47.271],[16.6355,47.2725],[16.6396,47.2668],[16.643,47.2685],[16.65,47.2611],[16.6571,47.2651],[16.6592,47.2628],[16.6604,47.2633],[16.6641,47.2596],[16.6678,47.2611],[16.6684,47.2608],[16.6724,47.2632],[16.6783,47.265],[16.6761,47.2679],[16.6845,47.2703],[16.6844,47.2691],[16.6851,47.2689],[16.6856,47.2678],[16.6855,47.2665],[16.6866,47.2662],[16.6863,47.2654],[16.6872,47.2653],[16.6874,47.2645],[16.69,47.2638],[16.6908,47.2626],[16.6915,47.2623],[16.6919,47.2612],[16.6933,47.2601],[16.6955,47.2554],[16.6982,47.2504],[16.6932,47.2483],[16.6914,47.2468],[16.6889,47.2458],[16.6875,47.2439],[16.6877,47.2417],[16.6872,47.2394],[16.6758,47.2378],[16.6783,47.2293],[16.6794,47.2293],[16.6806,47.2248],[16.6848,47.2179],[16.6858,47.2172],[16.6852,47.2168],[16.6848,47.2148],[16.6843,47.2093],[16.6808,47.21],[16.6801,47.207],[16.68,47.194],[16.6769,47.1843],[16.6774,47.1814],[16.6816,47.1767],[16.6792,47.1758],[16.6814,47.1642],[16.6837,47.1637],[16.6874,47.1642],[16.6878,47.1629],[16.6886,47.1607],[16.6831,47.1579],[16.6722,47.1521],[16.6735,47.1495],[16.6682,47.1476],[16.6662,47.1488],[16.6617,47.1475],[16.6627,47.1439],[16.6623,47.1437],[16.6628,47.1432],[16.6621,47.1428],[16.6631,47.1425],[16.664,47.1388],[16.6572,47.1394],[16.6553,47.146],[16.6483,47.1496],[16.6391,47.1518],[16.6371,47.15],[16.6338,47.1503],[16.6323,47.1542],[16.6303,47.1539],[16.6238,47.1545],[16.6224,47.1543],[16.6214,47.1546],[16.6202,47.1542],[16.619,47.1564],[16.6176,47.1562],[16.6163,47.1574],[16.6151,47.1578],[16.6146,47.1587],[16.6169,47.1595],[16.616,47.1611],[16.6142,47.1606],[16.6136,47.1593],[16.6072,47.1544],[16.6061,47.1548],[16.6048,47.1562],[16.6035,47.1595],[16.6018,47.1613],[16.5995,47.1617],[16.5981,47.1615],[16.5955,47.1623],[16.5907,47.1655],[16.5889,47.1659],[16.5847,47.1681],[16.5828,47.1714],[16.5792,47.1722],[16.5787,47.1734],[16.5769,47.1753],[16.565,47.1703],[16.5635,47.1721],[16.5606,47.1724],[16.5584,47.172],[16.5556,47.1708],[16.5506,47.1676],[16.5492,47.1673],[16.5475,47.1701],[16.545,47.1694],[16.5448,47.1715],[16.5368,47.1749],[16.5267,47.1754],[16.5256,47.1742],[16.5212,47.1717],[16.519,47.1728],[16.5148,47.174],[16.5184,47.1685],[16.5197,47.1655],[16.5225,47.1624],[16.5242,47.1586],[16.5248,47.1576],[16.5258,47.1571],[16.5266,47.1556],[16.5243,47.1541],[16.5201,47.1532],[16.5179,47.1513],[16.5168,47.1493],[16.509,47.1496],[16.4905,47.1489],[16.4853,47.1478],[16.4767,47.1445],[16.4692,47.1428],[16.4583,47.1419],[16.458,47.1425],[16.4595,47.1422],[16.4603,47.1424],[16.4596,47.1426],[16.46,47.1429],[16.4595,47.1432],[16.459,47.1427],[16.4582,47.1429],[16.4543,47.1423],[16.4526,47.1452],[16.4513,47.1448],[16.4498,47.1455],[16.4503,47.1464],[16.4491,47.1519],[16.4508,47.1524],[16.4519,47.1534],[16.4519,47.1546],[16.4531,47.1577],[16.4582,47.1572],[16.4582,47.1583],[16.4606,47.1591],[16.4604,47.1613],[16.4623,47.1617],[16.4621,47.1626],[16.4609,47.1635],[16.4613,47.1643],[16.4602,47.1646],[16.4611,47.1651],[16.4602,47.166],[16.4612,47.1665],[16.4607,47.1669],[16.4608,47.1675],[16.4643,47.1682],[16.4633,47.1709],[16.4623,47.1706],[16.4593,47.1765],[16.4573,47.1768],[16.4561,47.1804],[16.4536,47.1848],[16.4538,47.1854],[16.4532,47.1863],[16.4549,47.1873],[16.4544,47.1879],[16.4533,47.1881],[16.4524,47.1878],[16.4522,47.1882],[16.4516,47.1882],[16.4518,47.1877],[16.451,47.1874],[16.4507,47.1883],[16.4455,47.187],[16.4412,47.1852],[16.4331,47.1845],[16.4309,47.1849],[16.4297,47.1846],[16.4282,47.185],[16.4261,47.1871],[16.4229,47.1915],[16.4195,47.1949],[16.4212,47.1973],[16.4185,47.202],[16.418,47.2046],[16.4169,47.2053],[16.4186,47.2089],[16.4189,47.2106],[16.4199,47.2111],[16.421,47.2107],[16.422,47.209],[16.4218,47.2079],[16.4234,47.2077],[16.4246,47.2079],[16.426,47.2091],[16.4285,47.2101],[16.4366,47.2099],[16.4361,47.2118],[16.4353,47.2122],[16.4351,47.2156],[16.4355,47.2164],[16.4376,47.2166],[16.4393,47.2179],[16.4367,47.2226],[16.4367,47.2231],[16.4376,47.223],[16.4379,47.2241],[16.4382,47.2299],[16.4412,47.2304],[16.4407,47.2318],[16.4412,47.2321],[16.441,47.2331],[16.4414,47.2337],[16.4427,47.2337],[16.4425,47.2408],[16.4412,47.2463],[16.4418,47.2486],[16.4305,47.2503],[16.4318,47.2529],[16.4424,47.2508],[16.4487,47.2505],[16.4466,47.2534],[16.4548,47.2537],[16.4611,47.256],[16.4657,47.2541],[16.4671,47.2529],[16.469,47.2552],[16.4733,47.2581],[16.4758,47.2591],[16.4799,47.2626],[16.4783,47.2631],[16.4773,47.2723],[16.4781,47.2759],[16.4796,47.2782],[16.481,47.278],[16.4818,47.2785],[16.4826,47.2778],[16.4835,47.2778],[16.4894,47.2803],[16.4876,47.2825],[16.4874,47.2839]]]}},{"type":"Feature","properties":{"id":"1604","name":"Szabolcs-Szatmár-Bereg vármegye 04. OEVK","regionId":"szabolcs","center":"Vásárosnamény"},"geometry":{"type":"Polygon","coordinates":[[[22.1216,48.3779],[22.1212,48.3785],[22.1215,48.3788],[22.1253,48.3806],[22.1286,48.3811],[22.1335,48.3805],[22.136,48.3806],[22.1368,48.3829],[22.1354,48.385],[22.1308,48.3897],[22.1306,48.3905],[22.1315,48.3915],[22.1341,48.3925],[22.1473,48.3941],[22.1518,48.3957],[22.1542,48.3975],[22.1551,48.3986],[22.1554,48.4001],[22.1553,48.4072],[22.156,48.4091],[22.1571,48.41],[22.1625,48.412],[22.1672,48.413],[22.1716,48.4136],[22.1779,48.4137],[22.1826,48.4146],[22.1868,48.4158],[22.1895,48.4171],[22.1937,48.4202],[22.2002,48.4237],[22.2069,48.4255],[22.2115,48.4256],[22.2134,48.4251],[22.2158,48.4239],[22.2256,48.415],[22.2284,48.4132],[22.2342,48.4108],[22.2399,48.4097],[22.2429,48.4097],[22.2532,48.411],[22.2586,48.4111],[22.2623,48.4107],[22.2651,48.4099],[22.2656,48.4087],[22.2641,48.4045],[22.2622,48.4005],[22.2597,48.3974],[22.2564,48.3931],[22.2544,48.3917],[22.2416,48.3886],[22.2408,48.388],[22.2403,48.3864],[22.2412,48.3851],[22.2476,48.3827],[22.252,48.3801],[22.2542,48.3778],[22.2596,48.3691],[22.2616,48.367],[22.2671,48.3613],[22.2673,48.3609],[22.2949,48.3559],[22.2972,48.3545],[22.2997,48.3535],[22.3177,48.354],[22.3179,48.3524],[22.3196,48.3509],[22.3199,48.3501],[22.3172,48.3448],[22.3202,48.3387],[22.3166,48.3304],[22.3151,48.3285],[22.3129,48.3275],[22.3127,48.3261],[22.3143,48.324],[22.3165,48.323],[22.3185,48.3229],[22.3192,48.3225],[22.3196,48.3213],[22.3186,48.3197],[22.3195,48.3187],[22.3181,48.3176],[22.3208,48.3158],[22.321,48.3144],[22.323,48.314],[22.3252,48.3119],[22.3283,48.312],[22.3281,48.3107],[22.3285,48.3102],[22.3304,48.3101],[22.3314,48.3091],[22.337,48.3078],[22.3365,48.3062],[22.3382,48.3031],[22.3377,48.3012],[22.3402,48.2956],[22.3375,48.2928],[22.3377,48.2913],[22.3372,48.2902],[22.3407,48.2828],[22.3386,48.279],[22.3493,48.2712],[22.3507,48.272],[22.3598,48.2654],[22.3658,48.2567],[22.3655,48.2564],[22.3661,48.2556],[22.3656,48.2548],[22.366,48.2525],[22.3707,48.2463],[22.3693,48.2451],[22.3846,48.2341],[22.386,48.238],[22.3886,48.2394],[22.3942,48.2412],[22.3966,48.2455],[22.4007,48.249],[22.4197,48.2507],[22.4192,48.2489],[22.4325,48.2469],[22.4303,48.2508],[22.4326,48.2524],[22.4371,48.2499],[22.4403,48.2501],[22.445,48.2467],[22.4471,48.2446],[22.4468,48.2435],[22.4482,48.2438],[22.4511,48.2428],[22.4518,48.2437],[22.4556,48.2435],[22.4571,48.2414],[22.4646,48.2434],[22.4664,48.2433],[22.4669,48.2427],[22.4675,48.2429],[22.4687,48.2435],[22.4703,48.2453],[22.4696,48.2469],[22.4698,48.248],[22.4713,48.2468],[22.4736,48.2481],[22.4759,48.2485],[22.4776,48.2494],[22.4801,48.2493],[22.481,48.2503],[22.4826,48.2507],[22.4836,48.2522],[22.487,48.2525],[22.4867,48.2538],[22.4893,48.2539],[22.4897,48.2528],[22.5022,48.2485],[22.5002,48.2466],[22.5037,48.2454],[22.5026,48.2439],[22.4974,48.2396],[22.5032,48.2392],[22.5155,48.238],[22.5153,48.2365],[22.5138,48.2349],[22.5148,48.2335],[22.5154,48.2335],[22.5155,48.233],[22.5127,48.2297],[22.513,48.2262],[22.517,48.223],[22.5218,48.2205],[22.5215,48.2198],[22.5235,48.2183],[22.5233,48.2176],[22.5238,48.2159],[22.5253,48.2151],[22.527,48.2147],[22.528,48.2133],[22.53,48.2122],[22.53,48.2114],[22.5314,48.2093],[22.5359,48.2104],[22.5444,48.208],[22.5563,48.1991],[22.5561,48.1985],[22.5704,48.1962],[22.5711,48.1948],[22.5717,48.1904],[22.5687,48.1851],[22.5621,48.1847],[22.5614,48.1816],[22.5658,48.179],[22.5646,48.1771],[22.5664,48.1763],[22.5671,48.1731],[22.5693,48.1716],[22.5725,48.1667],[22.5751,48.1593],[22.578,48.1582],[22.5829,48.1596],[22.5859,48.1544],[22.589,48.1512],[22.5919,48.1525],[22.5983,48.1453],[22.5966,48.1438],[22.5928,48.1443],[22.5918,48.1435],[22.5898,48.143],[22.5891,48.142],[22.5882,48.1419],[22.5885,48.1403],[22.5887,48.14],[22.5891,48.1389],[22.5911,48.1382],[22.593,48.1366],[22.5954,48.1354],[22.5951,48.1335],[22.593,48.1324],[22.5924,48.1306],[22.5925,48.1237],[22.5937,48.122],[22.5962,48.1204],[22.5958,48.1197],[22.5993,48.1163],[22.5955,48.1152],[22.5922,48.1134],[22.5903,48.1076],[22.5936,48.108],[22.5978,48.1072],[22.6014,48.1047],[22.604,48.104],[22.6097,48.1037],[22.6138,48.1039],[22.6163,48.1052],[22.6199,48.1059],[22.6198,48.1037],[22.6215,48.104],[22.6241,48.1036],[22.6258,48.1024],[22.6289,48.0994],[22.6322,48.0972],[22.6362,48.0958],[22.6431,48.0958],[22.6506,48.0949],[22.6577,48.0953],[22.6598,48.0949],[22.6633,48.0931],[22.6664,48.0922],[22.6713,48.0918],[22.6742,48.0919],[22.6765,48.0924],[22.6788,48.0934],[22.6856,48.0985],[22.6939,48.1019],[22.6998,48.1052],[22.7025,48.1069],[22.7052,48.1098],[22.714,48.111],[22.7208,48.1154],[22.7239,48.1153],[22.7273,48.1147],[22.7296,48.1148],[22.7308,48.1154],[22.7328,48.1185],[22.7347,48.1195],[22.7391,48.1195],[22.7419,48.1181],[22.7445,48.1176],[22.7472,48.1183],[22.7518,48.1202],[22.7551,48.1203],[22.7585,48.119],[22.7593,48.1178],[22.7596,48.1156],[22.7604,48.1137],[22.7636,48.1105],[22.7681,48.109],[22.7708,48.109],[22.7757,48.1104],[22.7774,48.1112],[22.7778,48.112],[22.7768,48.1135],[22.7715,48.1165],[22.7704,48.1175],[22.7699,48.1193],[22.7707,48.1209],[22.7718,48.1216],[22.7743,48.1218],[22.7774,48.1215],[22.7863,48.1176],[22.7905,48.1167],[22.7925,48.117],[22.7937,48.1177],[22.7983,48.1218],[22.802,48.1219],[22.8043,48.1213],[22.8063,48.12],[22.8067,48.1179],[22.8057,48.116],[22.8032,48.1139],[22.8014,48.1103],[22.8025,48.107],[22.8037,48.1065],[22.8058,48.1062],[22.8087,48.107],[22.8101,48.108],[22.8111,48.114],[22.8156,48.1178],[22.8178,48.1184],[22.8201,48.1184],[22.8233,48.1179],[22.8255,48.1171],[22.8301,48.1121],[22.8314,48.1085],[22.8314,48.1064],[22.8278,48.101],[22.828,48.0989],[22.8287,48.0974],[22.8277,48.0963],[22.8281,48.0953],[22.829,48.095],[22.8301,48.0934],[22.8346,48.0932],[22.8335,48.0922],[22.8339,48.0906],[22.8333,48.089],[22.8344,48.0874],[22.8351,48.0866],[22.8372,48.0855],[22.8399,48.0856],[22.8388,48.084],[22.8366,48.0839],[22.8361,48.0827],[22.8363,48.08],[22.8402,48.0791],[22.8417,48.08],[22.8436,48.0828],[22.8456,48.0835],[22.8478,48.0833],[22.8508,48.0801],[22.8528,48.079],[22.8552,48.0788],[22.8569,48.078],[22.8581,48.0767],[22.8582,48.0751],[22.8611,48.0745],[22.861,48.0737],[22.8594,48.0723],[22.8615,48.0714],[22.8617,48.0707],[22.8592,48.0696],[22.8585,48.0688],[22.8616,48.0678],[22.8601,48.067],[22.8597,48.0654],[22.8625,48.0642],[22.8622,48.0632],[22.8635,48.0619],[22.863,48.0613],[22.8634,48.0607],[22.8621,48.0604],[22.8615,48.0598],[22.8642,48.0597],[22.8649,48.0591],[22.8635,48.0586],[22.8615,48.0585],[22.8609,48.0578],[22.8616,48.0571],[22.8639,48.0558],[22.8644,48.0549],[22.8656,48.0549],[22.868,48.0522],[22.8696,48.0514],[22.8735,48.0518],[22.8719,48.0529],[22.873,48.054],[22.8722,48.055],[22.8737,48.0561],[22.875,48.0548],[22.8761,48.0548],[22.8769,48.0543],[22.8814,48.0549],[22.8804,48.0364],[22.8782,48.0338],[22.8746,48.0277],[22.8726,48.0263],[22.873,48.0249],[22.8712,48.0239],[22.8697,48.0237],[22.8689,48.0227],[22.8648,48.0222],[22.8653,48.0171],[22.8649,48.0142],[22.8659,48.0121],[22.8589,48.0098],[22.8567,48.0086],[22.8517,48.0043],[22.8505,48.0026],[22.8476,48.0025],[22.8471,48.0018],[22.8493,47.9985],[22.847,47.9978],[22.845,47.9986],[22.8379,47.9921],[22.8363,47.9908],[22.8364,47.99],[22.8385,47.9898],[22.8397,47.9883],[22.8428,47.9882],[22.8419,47.9863],[22.8442,47.985],[22.8439,47.9843],[22.8413,47.9832],[22.8401,47.9818],[22.8409,47.981],[22.8459,47.9825],[22.8469,47.9825],[22.8495,47.9817],[22.852,47.982],[22.8528,47.9802],[22.8554,47.9806],[22.8554,47.9793],[22.8561,47.9789],[22.8602,47.9795],[22.8604,47.979],[22.859,47.978],[22.8583,47.9769],[22.8592,47.9764],[22.8603,47.9766],[22.8617,47.978],[22.863,47.9781],[22.8633,47.9775],[22.8622,47.9757],[22.8619,47.9738],[22.8624,47.9738],[22.8629,47.9749],[22.8635,47.9752],[22.8668,47.9741],[22.8678,47.9742],[22.8679,47.9751],[22.8664,47.9767],[22.8674,47.9772],[22.8693,47.9768],[22.8704,47.9751],[22.8711,47.9753],[22.8729,47.9748],[22.8734,47.9734],[22.8713,47.9721],[22.8725,47.9713],[22.8729,47.9702],[22.8714,47.969],[22.8714,47.969],[22.8717,47.9684],[22.8729,47.9687],[22.8738,47.9685],[22.8734,47.9665],[22.874,47.966],[22.8762,47.9682],[22.8772,47.9684],[22.8781,47.9681],[22.8782,47.9677],[22.8774,47.9674],[22.8776,47.9668],[22.8794,47.967],[22.8806,47.9663],[22.8789,47.9658],[22.879,47.9639],[22.8796,47.9635],[22.8838,47.9651],[22.8854,47.9667],[22.886,47.9666],[22.8868,47.9654],[22.8899,47.9668],[22.8929,47.9671],[22.8932,47.9666],[22.8924,47.9652],[22.8932,47.9638],[22.893,47.963],[22.8922,47.9625],[22.8901,47.9621],[22.8896,47.9614],[22.8905,47.9612],[22.8922,47.9615],[22.8928,47.961],[22.8908,47.958],[22.8912,47.9568],[22.892,47.9564],[22.8948,47.9569],[22.8965,47.9567],[22.8948,47.9547],[22.895,47.9544],[22.8963,47.9541],[22.8965,47.953],[22.8947,47.9518],[22.894,47.9524],[22.8911,47.9532],[22.8879,47.952],[22.8867,47.9512],[22.8855,47.9489],[22.8859,47.947],[22.885,47.9447],[22.8822,47.944],[22.8803,47.9439],[22.8727,47.9364],[22.8727,47.9337],[22.872,47.9333],[22.8725,47.9324],[22.8705,47.9317],[22.8674,47.9292],[22.8665,47.929],[22.8665,47.926],[22.8659,47.925],[22.8632,47.9222],[22.8611,47.9211],[22.8589,47.9208],[22.8579,47.9202],[22.8566,47.9176],[22.857,47.9166],[22.8527,47.9135],[22.8523,47.9123],[22.8506,47.9108],[22.8482,47.9095],[22.847,47.9081],[22.8438,47.9086],[22.8406,47.9077],[22.8331,47.9084],[22.8326,47.9093],[22.8243,47.9071],[22.8214,47.9045],[22.8173,47.9034],[22.8146,47.9005],[22.812,47.9001],[22.8095,47.899],[22.806,47.8982],[22.8046,47.8966],[22.8018,47.8962],[22.7995,47.8953],[22.7959,47.8934],[22.793,47.891],[22.7902,47.8923],[22.7832,47.8938],[22.7787,47.8926],[22.7697,47.8928],[22.7679,47.8932],[22.7676,47.8942],[22.7667,47.8947],[22.7654,47.8946],[22.7646,47.893],[22.7636,47.8931],[22.7633,47.8927],[22.7604,47.8948],[22.7601,47.8949],[22.759,47.8947],[22.7573,47.895],[22.7537,47.8943],[22.7521,47.8935],[22.7497,47.8925],[22.7454,47.8887],[22.7414,47.8903],[22.7362,47.8914],[22.7353,47.8927],[22.7331,47.8917],[22.7247,47.8904],[22.7168,47.8867],[22.714,47.8859],[22.7092,47.8827],[22.7062,47.8802],[22.7059,47.8802],[22.6938,47.8841],[22.6898,47.8779],[22.6881,47.8783],[22.6866,47.8764],[22.6833,47.877],[22.6834,47.8775],[22.6807,47.8785],[22.6804,47.8793],[22.6788,47.8806],[22.6748,47.8814],[22.6741,47.8833],[22.6719,47.8848],[22.6724,47.8865],[22.6715,47.8868],[22.6705,47.888],[22.6623,47.8887],[22.6588,47.8889],[22.658,47.8895],[22.6568,47.8886],[22.6562,47.8889],[22.6554,47.8888],[22.6533,47.8876],[22.6538,47.8872],[22.6525,47.8864],[22.6509,47.8863],[22.6495,47.8872],[22.6487,47.8872],[22.6475,47.8859],[22.6462,47.8865],[22.6454,47.8858],[22.64,47.8889],[22.6326,47.8899],[22.63,47.8909],[22.6291,47.8884],[22.6274,47.887],[22.626,47.8877],[22.6255,47.8874],[22.6236,47.8873],[22.6168,47.888],[22.6149,47.8879],[22.6126,47.8873],[22.6115,47.8862],[22.6097,47.8863],[22.6094,47.8854],[22.6072,47.8841],[22.6048,47.8836],[22.6021,47.8816],[22.601,47.8795],[22.5962,47.8739],[22.5907,47.8755],[22.5909,47.8765],[22.5853,47.877],[22.5798,47.8782],[22.5809,47.8804],[22.5803,47.8822],[22.5806,47.8833],[22.5832,47.8858],[22.5847,47.8848],[22.5854,47.8854],[22.5855,47.9025],[22.5866,47.9073],[22.5886,47.9073],[22.5905,47.9104],[22.5867,47.9114],[22.5792,47.9114],[22.5776,47.9119],[22.5769,47.9128],[22.5777,47.9152],[22.5818,47.9194],[22.5804,47.9203],[22.5785,47.9205],[22.5724,47.9198],[22.5676,47.9177],[22.568,47.9172],[22.5689,47.917],[22.5676,47.9127],[22.5668,47.9119],[22.5644,47.9112],[22.563,47.9123],[22.5632,47.9139],[22.5652,47.9153],[22.5633,47.9172],[22.5625,47.9195],[22.5621,47.9252],[22.5611,47.9267],[22.5596,47.9275],[22.5613,47.9293],[22.5606,47.93],[22.5574,47.9307],[22.5532,47.931],[22.5515,47.9301],[22.5518,47.9292],[22.5548,47.9265],[22.5532,47.9241],[22.5525,47.9207],[22.552,47.9202],[22.5497,47.9196],[22.5458,47.9197],[22.5429,47.9203],[22.5416,47.9219],[22.5422,47.9239],[22.5411,47.9247],[22.5395,47.9279],[22.5373,47.93],[22.5348,47.931],[22.53,47.9338],[22.5283,47.9329],[22.5278,47.9306],[22.5283,47.9279],[22.5276,47.9279],[22.5256,47.9295],[22.5241,47.9325],[22.5218,47.9351],[22.5184,47.9374],[22.5103,47.939],[22.5081,47.9395],[22.5054,47.943],[22.4987,47.9494],[22.4973,47.9498],[22.499,47.9526],[22.4914,47.9533],[22.4903,47.9534],[22.4946,47.9565],[22.487,47.9616],[22.4844,47.9633],[22.4778,47.959],[22.4819,47.9583],[22.4816,47.9559],[22.4803,47.955],[22.4788,47.9542],[22.4773,47.9542],[22.472,47.9528],[22.465,47.9482],[22.4524,47.9433],[22.4493,47.9431],[22.4432,47.9436],[22.44,47.9454],[22.4398,47.9465],[22.4355,47.9465],[22.431,47.9473],[22.4312,47.9477],[22.4295,47.9483],[22.4286,47.951],[22.4268,47.9516],[22.4275,47.9525],[22.4062,47.9551],[22.3993,47.9548],[22.3945,47.9585],[22.3989,47.9633],[22.398,47.9643],[22.3977,47.9669],[22.3959,47.9687],[22.3958,47.9696],[22.3963,47.9708],[22.3991,47.9735],[22.3974,47.9738],[22.3945,47.9729],[22.3939,47.973],[22.3933,47.9741],[22.396,47.9749],[22.3989,47.9749],[22.4037,47.9737],[22.4043,47.9744],[22.403,47.9763],[22.401,47.9775],[22.3983,47.978],[22.3955,47.9775],[22.395,47.9781],[22.3947,47.9788],[22.3977,47.9816],[22.3982,47.9832],[22.3978,47.9847],[22.3885,47.9862],[22.3875,47.9861],[22.3854,47.9866],[22.3848,47.987],[22.3853,47.9875],[22.3847,47.9897],[22.3838,47.9902],[22.3804,47.991],[22.3799,47.9918],[22.3785,47.9938],[22.375,47.9948],[22.3725,47.9951],[22.3714,47.9973],[22.3715,47.9981],[22.3729,47.9989],[22.3738,48.0003],[22.3732,48.0034],[22.372,48.0039],[22.3697,48.0042],[22.3723,48.0054],[22.3716,48.006],[22.3699,48.0063],[22.3706,48.0082],[22.367,48.0086],[22.3644,48.0082],[22.3618,48.0085],[22.3572,48.0097],[22.3517,48.0128],[22.3473,48.0127],[22.3457,48.0192],[22.3328,48.0203],[22.3339,48.0187],[22.3322,48.0161],[22.3278,48.0149],[22.326,48.0136],[22.324,48.0132],[22.3225,48.0122],[22.3209,48.0122],[22.3188,48.0131],[22.3178,48.0131],[22.3135,48.0122],[22.3071,48.0119],[22.3033,48.0108],[22.2938,48.011],[22.2873,48.0121],[22.2865,48.0122],[22.2873,48.0203],[22.2869,48.027],[22.2848,48.0334],[22.2837,48.0343],[22.2811,48.0387],[22.278,48.0427],[22.2773,48.0429],[22.2746,48.047],[22.2729,48.0462],[22.2709,48.0485],[22.2693,48.0482],[22.2681,48.0485],[22.2641,48.0484],[22.2631,48.0487],[22.262,48.0507],[22.2627,48.051],[22.2619,48.0526],[22.2618,48.0553],[22.2631,48.0554],[22.2618,48.0575],[22.2595,48.0643],[22.2592,48.0653],[22.2601,48.068],[22.2574,48.0746],[22.2537,48.0744],[22.2519,48.0764],[22.2452,48.0726],[22.2385,48.0709],[22.2342,48.0714],[22.2338,48.0729],[22.2346,48.0732],[22.2332,48.0762],[22.2357,48.0756],[22.2381,48.0755],[22.2364,48.0791],[22.2403,48.0807],[22.2396,48.083],[22.2389,48.0833],[22.2381,48.086],[22.239,48.0876],[22.236,48.0895],[22.2354,48.0903],[22.23,48.0893],[22.2257,48.0896],[22.2182,48.0874],[22.2113,48.096],[22.2106,48.098],[22.2102,48.1053],[22.209,48.1078],[22.2098,48.1097],[22.2113,48.1114],[22.211,48.1153],[22.2078,48.1198],[22.2132,48.1253],[22.2141,48.1271],[22.214,48.1281],[22.2117,48.1291],[22.2239,48.1369],[22.226,48.1374],[22.2243,48.1423],[22.2215,48.1475],[22.2186,48.1546],[22.2191,48.1547],[22.2191,48.156],[22.2143,48.1627],[22.2146,48.1645],[22.2147,48.1658],[22.2162,48.1673],[22.2169,48.1688],[22.2243,48.1725],[22.2283,48.1734],[22.2342,48.176],[22.2256,48.1863],[22.2245,48.1865],[22.2237,48.1874],[22.2232,48.1873],[22.2195,48.1903],[22.2187,48.1901],[22.216,48.1932],[22.2152,48.1929],[22.2122,48.1944],[22.2113,48.1951],[22.2099,48.1966],[22.2095,48.1965],[22.2082,48.199],[22.2104,48.1984],[22.2214,48.1979],[22.233,48.206],[22.2392,48.2078],[22.2431,48.2084],[22.2362,48.2155],[22.2372,48.2165],[22.2368,48.2184],[22.2358,48.22],[22.2354,48.2219],[22.2324,48.2292],[22.2357,48.2304],[22.2448,48.2334],[22.2509,48.2349],[22.2529,48.2337],[22.2571,48.2326],[22.2595,48.2303],[22.262,48.23],[22.2674,48.2321],[22.2736,48.2335],[22.2735,48.2347],[22.2763,48.2355],[22.2784,48.2352],[22.2795,48.237],[22.2809,48.2382],[22.2839,48.2394],[22.2901,48.2409],[22.2912,48.2415],[22.2921,48.2432],[22.2914,48.2446],[22.2881,48.2461],[22.2752,48.2463],[22.2722,48.2471],[22.2707,48.248],[22.2689,48.25],[22.2687,48.253],[22.2703,48.258],[22.2702,48.2607],[22.2687,48.2624],[22.2662,48.2634],[22.2637,48.2634],[22.2605,48.2627],[22.2531,48.2593],[22.2459,48.258],[22.2404,48.258],[22.2362,48.2586],[22.2338,48.2598],[22.2327,48.2611],[22.2324,48.2628],[22.2338,48.2659],[22.2394,48.2731],[22.241,48.2743],[22.2451,48.2765],[22.2513,48.2791],[22.2548,48.2801],[22.2558,48.2788],[22.2569,48.2772],[22.2594,48.276],[22.2625,48.276],[22.2647,48.2769],[22.2664,48.28],[22.2705,48.2852],[22.2712,48.2848],[22.271,48.2868],[22.2705,48.2873],[22.2696,48.2878],[22.2674,48.2879],[22.2622,48.2866],[22.2591,48.2846],[22.2585,48.2869],[22.2529,48.2917],[22.2526,48.2952],[22.2529,48.2965],[22.2463,48.2942],[22.2453,48.295],[22.2405,48.2947],[22.2379,48.2935],[22.2355,48.293],[22.2277,48.2884],[22.2262,48.2932],[22.2246,48.2932],[22.2229,48.294],[22.2205,48.2942],[22.216,48.292],[22.2117,48.2914],[22.208,48.2899],[22.2069,48.2896],[22.1987,48.2891],[22.1978,48.2898],[22.1892,48.2927],[22.1769,48.292],[22.1769,48.2927],[22.1708,48.2974],[22.1656,48.2977],[22.1549,48.2976],[22.1525,48.2989],[22.1499,48.3014],[22.1432,48.2988],[22.1413,48.297],[22.1377,48.2953],[22.1363,48.2935],[22.1339,48.291],[22.1332,48.2918],[22.128,48.2905],[22.1275,48.2907],[22.1315,48.2964],[22.1256,48.3004],[22.1243,48.3074],[22.1247,48.3076],[22.1225,48.3103],[22.1212,48.3098],[22.1216,48.3119],[22.1249,48.3178],[22.1234,48.3229],[22.1223,48.3227],[22.1206,48.3264],[22.116,48.3259],[22.1121,48.3272],[22.1076,48.3271],[22.1043,48.3278],[22.1033,48.3298],[22.1018,48.3314],[22.1002,48.3324],[22.0951,48.3338],[22.0973,48.3351],[22.0992,48.3369],[22.1071,48.3402],[22.1105,48.3404],[22.1118,48.3411],[22.1117,48.3418],[22.1105,48.3424],[22.1051,48.3417],[22.1033,48.3424],[22.1059,48.3478],[22.1066,48.3469],[22.1107,48.3494],[22.1165,48.3505],[22.1191,48.3504],[22.1219,48.3493],[22.1233,48.3493],[22.1246,48.3498],[22.1252,48.3508],[22.1245,48.354],[22.1197,48.3578],[22.1155,48.3594],[22.1083,48.3607],[22.1091,48.3627],[22.1145,48.3622],[22.118,48.362],[22.1215,48.361],[22.1243,48.3587],[22.1255,48.3583],[22.1263,48.3582],[22.1273,48.3588],[22.1279,48.3608],[22.1289,48.3625],[22.1292,48.3643],[22.1235,48.3647],[22.1211,48.3653],[22.1188,48.367],[22.1177,48.3688],[22.1194,48.3717],[22.1207,48.3767],[22.1216,48.3779]]]}},{"type":"Feature","properties":{"id":"1605","name":"Szabolcs-Szatmár-Bereg vármegye 05. OEVK","regionId":"szabolcs","center":"Mátészalka"},"geometry":{"type":"Polygon","coordinates":[[[22.2078,48.1198],[22.211,48.1153],[22.2113,48.1114],[22.2098,48.1097],[22.209,48.1078],[22.2102,48.1053],[22.2106,48.098],[22.2113,48.096],[22.2182,48.0874],[22.2257,48.0896],[22.23,48.0893],[22.2354,48.0903],[22.236,48.0895],[22.239,48.0876],[22.2381,48.086],[22.2389,48.0833],[22.2396,48.083],[22.2403,48.0807],[22.2364,48.0791],[22.2381,48.0755],[22.2357,48.0756],[22.2332,48.0762],[22.2346,48.0732],[22.2338,48.0729],[22.2342,48.0714],[22.2385,48.0709],[22.2452,48.0726],[22.2519,48.0764],[22.2537,48.0744],[22.2574,48.0746],[22.2601,48.068],[22.2592,48.0653],[22.2595,48.0643],[22.2618,48.0575],[22.2631,48.0554],[22.2618,48.0553],[22.2619,48.0526],[22.2627,48.051],[22.262,48.0507],[22.2631,48.0487],[22.2641,48.0484],[22.2681,48.0485],[22.2693,48.0482],[22.2709,48.0485],[22.2729,48.0462],[22.2746,48.047],[22.2773,48.0429],[22.278,48.0427],[22.2811,48.0387],[22.2837,48.0343],[22.2848,48.0334],[22.2869,48.027],[22.2873,48.0203],[22.2865,48.0122],[22.2873,48.0121],[22.2938,48.011],[22.3033,48.0108],[22.3071,48.0119],[22.3135,48.0122],[22.3178,48.0131],[22.3188,48.0131],[22.3209,48.0122],[22.3225,48.0122],[22.324,48.0132],[22.326,48.0136],[22.3278,48.0149],[22.3322,48.0161],[22.3339,48.0187],[22.3328,48.0203],[22.3457,48.0192],[22.3473,48.0127],[22.3517,48.0128],[22.3572,48.0097],[22.3618,48.0085],[22.3644,48.0082],[22.367,48.0086],[22.3706,48.0082],[22.3699,48.0063],[22.3716,48.006],[22.3723,48.0054],[22.3697,48.0042],[22.372,48.0039],[22.3732,48.0034],[22.3738,48.0003],[22.3729,47.9989],[22.3715,47.9981],[22.3714,47.9973],[22.3725,47.9951],[22.375,47.9948],[22.3785,47.9938],[22.3799,47.9918],[22.3804,47.991],[22.3838,47.9902],[22.3847,47.9897],[22.3853,47.9875],[22.3848,47.987],[22.3854,47.9866],[22.3875,47.9861],[22.3885,47.9862],[22.3978,47.9847],[22.3982,47.9832],[22.3977,47.9816],[22.3947,47.9788],[22.395,47.9781],[22.3955,47.9775],[22.3983,47.978],[22.401,47.9775],[22.403,47.9763],[22.4043,47.9744],[22.4037,47.9737],[22.3989,47.9749],[22.396,47.9749],[22.3933,47.9741],[22.3939,47.973],[22.3945,47.9729],[22.3974,47.9738],[22.3991,47.9735],[22.3963,47.9708],[22.3958,47.9696],[22.3959,47.9687],[22.3977,47.9669],[22.398,47.9643],[22.3989,47.9633],[22.3945,47.9585],[22.3993,47.9548],[22.4062,47.9551],[22.4275,47.9525],[22.4268,47.9516],[22.4286,47.951],[22.4295,47.9483],[22.4312,47.9477],[22.431,47.9473],[22.4355,47.9465],[22.4398,47.9465],[22.44,47.9454],[22.4432,47.9436],[22.4493,47.9431],[22.4524,47.9433],[22.465,47.9482],[22.472,47.9528],[22.4773,47.9542],[22.4788,47.9542],[22.4803,47.955],[22.4816,47.9559],[22.4819,47.9583],[22.4778,47.959],[22.4844,47.9633],[22.487,47.9616],[22.4946,47.9565],[22.4903,47.9534],[22.4914,47.9533],[22.499,47.9526],[22.4973,47.9498],[22.4987,47.9494],[22.5054,47.943],[22.5081,47.9395],[22.5103,47.939],[22.5184,47.9374],[22.5218,47.9351],[22.5241,47.9325],[22.5256,47.9295],[22.5276,47.9279],[22.5283,47.9279],[22.5278,47.9306],[22.5283,47.9329],[22.53,47.9338],[22.5348,47.931],[22.5373,47.93],[22.5395,47.9279],[22.5411,47.9247],[22.5422,47.9239],[22.5416,47.9219],[22.5429,47.9203],[22.5458,47.9197],[22.5497,47.9196],[22.552,47.9202],[22.5525,47.9207],[22.5532,47.9241],[22.5548,47.9265],[22.5518,47.9292],[22.5515,47.9301],[22.5532,47.931],[22.5574,47.9307],[22.5606,47.93],[22.5613,47.9293],[22.5596,47.9275],[22.5611,47.9267],[22.5621,47.9252],[22.5625,47.9195],[22.5633,47.9172],[22.5652,47.9153],[22.5632,47.9139],[22.563,47.9123],[22.5644,47.9112],[22.5668,47.9119],[22.5676,47.9127],[22.5689,47.917],[22.568,47.9172],[22.5676,47.9177],[22.5724,47.9198],[22.5785,47.9205],[22.5804,47.9203],[22.5818,47.9194],[22.5777,47.9152],[22.5769,47.9128],[22.5776,47.9119],[22.5792,47.9114],[22.5867,47.9114],[22.5905,47.9104],[22.5886,47.9073],[22.5866,47.9073],[22.5855,47.9025],[22.5854,47.8854],[22.5847,47.8848],[22.5832,47.8858],[22.5806,47.8833],[22.5803,47.8822],[22.5809,47.8804],[22.5798,47.8782],[22.5853,47.877],[22.5909,47.8765],[22.5907,47.8755],[22.5962,47.8739],[22.601,47.8795],[22.6021,47.8816],[22.6048,47.8836],[22.6072,47.8841],[22.6094,47.8854],[22.6097,47.8863],[22.6115,47.8862],[22.6126,47.8873],[22.6149,47.8879],[22.6168,47.888],[22.6236,47.8873],[22.6255,47.8874],[22.626,47.8877],[22.6274,47.887],[22.6291,47.8884],[22.63,47.8909],[22.6326,47.8899],[22.64,47.8889],[22.6454,47.8858],[22.6462,47.8865],[22.6475,47.8859],[22.6487,47.8872],[22.6495,47.8872],[22.6509,47.8863],[22.6525,47.8864],[22.6538,47.8872],[22.6533,47.8876],[22.6554,47.8888],[22.6562,47.8889],[22.6568,47.8886],[22.658,47.8895],[22.6588,47.8889],[22.6623,47.8887],[22.6705,47.888],[22.6715,47.8868],[22.6724,47.8865],[22.6719,47.8848],[22.6741,47.8833],[22.6748,47.8814],[22.6788,47.8806],[22.6804,47.8793],[22.6807,47.8785],[22.6834,47.8775],[22.6833,47.877],[22.6866,47.8764],[22.6881,47.8783],[22.6898,47.8779],[22.6938,47.8841],[22.7059,47.8802],[22.7062,47.8802],[22.7092,47.8827],[22.714,47.8859],[22.7168,47.8867],[22.7247,47.8904],[22.7331,47.8917],[22.7353,47.8927],[22.7362,47.8914],[22.7414,47.8903],[22.7454,47.8887],[22.7497,47.8925],[22.7521,47.8935],[22.7537,47.8943],[22.7573,47.895],[22.759,47.8947],[22.7601,47.8949],[22.7604,47.8948],[22.7582,47.8935],[22.7585,47.8927],[22.7576,47.8919],[22.7569,47.8904],[22.7597,47.8873],[22.7583,47.886],[22.7685,47.8786],[22.7621,47.867],[22.7636,47.8651],[22.7662,47.8642],[22.7701,47.8637],[22.7711,47.8643],[22.773,47.8631],[22.7732,47.8606],[22.7726,47.8595],[22.7749,47.8588],[22.7745,47.8561],[22.7752,47.8559],[22.7751,47.8551],[22.7775,47.8521],[22.7776,47.8488],[22.7765,47.8463],[22.777,47.8427],[22.7741,47.8428],[22.7698,47.842],[22.7661,47.8419],[22.766,47.8413],[22.7617,47.8395],[22.7616,47.8386],[22.7584,47.8363],[22.7567,47.8357],[22.7563,47.8349],[22.7553,47.8348],[22.7541,47.8352],[22.7528,47.835],[22.7519,47.8343],[22.7449,47.8345],[22.7424,47.8354],[22.7406,47.8355],[22.7399,47.8349],[22.7388,47.8348],[22.7381,47.8351],[22.7367,47.8351],[22.7345,47.8364],[22.7335,47.8359],[22.7313,47.8357],[22.729,47.8364],[22.7287,47.8374],[22.7273,47.8379],[22.7228,47.8384],[22.7198,47.8382],[22.7157,47.8371],[22.7109,47.8345],[22.7111,47.8338],[22.71,47.8293],[22.7097,47.8279],[22.7094,47.8239],[22.7057,47.8236],[22.7039,47.8204],[22.7031,47.8203],[22.7015,47.82],[22.6996,47.8183],[22.7014,47.815],[22.6952,47.8084],[22.6922,47.8029],[22.6884,47.7977],[22.6879,47.7956],[22.6849,47.7916],[22.6841,47.7917],[22.6828,47.7905],[22.6816,47.79],[22.6801,47.7877],[22.6707,47.7882],[22.6692,47.787],[22.666,47.7869],[22.6637,47.7835],[22.6614,47.7824],[22.6514,47.7802],[22.6466,47.7791],[22.6451,47.779],[22.6394,47.7798],[22.6368,47.7807],[22.6352,47.78],[22.6339,47.7801],[22.6297,47.7785],[22.6296,47.7775],[22.6281,47.7774],[22.6281,47.7764],[22.6269,47.7761],[22.6167,47.7775],[22.615,47.777],[22.6141,47.7752],[22.6117,47.7729],[22.6115,47.772],[22.5496,47.7726],[22.5399,47.782],[22.4884,47.8059],[22.4814,47.8109],[22.4741,47.8083],[22.4669,47.8051],[22.4479,47.8031],[22.4455,47.7994],[22.4264,47.8048],[22.4251,47.8023],[22.4024,47.8021],[22.4026,47.8058],[22.3876,47.7972],[22.3874,47.7975],[22.3821,47.7961],[22.3811,47.7957],[22.3816,47.7951],[22.3808,47.7942],[22.3778,47.7931],[22.3748,47.8003],[22.3813,47.8066],[22.3774,47.8074],[22.3773,47.809],[22.3756,47.8097],[22.3698,47.8103],[22.3686,47.8116],[22.3695,47.8132],[22.3689,47.8137],[22.3682,47.8143],[22.3646,47.8157],[22.3649,47.8179],[22.366,47.8193],[22.368,47.8201],[22.3699,47.8224],[22.3705,47.8237],[22.3703,47.8263],[22.3741,47.8289],[22.3753,47.8328],[22.3763,47.8301],[22.3798,47.8323],[22.3837,47.8313],[22.3848,47.8314],[22.3858,47.8329],[22.3816,47.834],[22.3822,47.8355],[22.3838,47.8358],[22.3843,47.8367],[22.382,47.8364],[22.3837,47.8399],[22.3869,47.8398],[22.3867,47.8472],[22.3838,47.8473],[22.384,47.8511],[22.3761,47.8511],[22.37,47.8533],[22.3703,47.8564],[22.3685,47.8583],[22.3642,47.8594],[22.3611,47.8614],[22.359,47.8617],[22.3581,47.8622],[22.3544,47.8625],[22.3542,47.8631],[22.3536,47.8632],[22.3538,47.8653],[22.3527,47.868],[22.3527,47.8685],[22.3505,47.8675],[22.3464,47.8666],[22.3446,47.8656],[22.3414,47.8656],[22.3367,47.8644],[22.3352,47.8644],[22.3323,47.8656],[22.3294,47.8688],[22.328,47.8691],[22.3242,47.8677],[22.32,47.8652],[22.3172,47.8629],[22.3104,47.8607],[22.3076,47.8616],[22.3046,47.8631],[22.3041,47.8675],[22.3047,47.8736],[22.2998,47.8784],[22.3006,47.8823],[22.3001,47.8843],[22.2947,47.8804],[22.2834,47.8763],[22.2828,47.8771],[22.2817,47.8767],[22.2809,47.8769],[22.2743,47.8803],[22.2726,47.8824],[22.2697,47.8838],[22.268,47.886],[22.2669,47.8872],[22.2659,47.8895],[22.2661,47.891],[22.2648,47.8941],[22.2572,47.8955],[22.254,47.8955],[22.2524,47.8943],[22.2507,47.894],[22.2507,47.8862],[22.2343,47.887],[22.2296,47.8886],[22.2216,47.8876],[22.2148,47.8939],[22.2105,47.8917],[22.2052,47.8907],[22.2095,47.8963],[22.2077,47.9005],[22.2039,47.8993],[22.2045,47.8987],[22.2004,47.8967],[22.2007,47.8962],[22.1999,47.896],[22.1995,47.8968],[22.1973,47.8964],[22.1959,47.8961],[22.196,47.8959],[22.1935,47.8949],[22.1923,47.8966],[22.1905,47.897],[22.1876,47.9008],[22.1875,47.9024],[22.1864,47.9052],[22.1874,47.9055],[22.1864,47.9072],[22.1861,47.9071],[22.1858,47.9077],[22.1837,47.9087],[22.1836,47.9093],[22.1861,47.9106],[22.1863,47.912],[22.1858,47.9135],[22.1835,47.9166],[22.1833,47.9179],[22.1822,47.919],[22.1813,47.9209],[22.1791,47.9207],[22.1705,47.9223],[22.1676,47.9225],[22.1644,47.921],[22.1588,47.9175],[22.155,47.9155],[22.1534,47.9151],[22.1542,47.9138],[22.1527,47.9132],[22.1483,47.9115],[22.1478,47.9123],[22.1436,47.9104],[22.1364,47.9088],[22.1377,47.9079],[22.1333,47.905],[22.1305,47.9034],[22.1252,47.9015],[22.1199,47.9088],[22.1183,47.9098],[22.117,47.9091],[22.1149,47.9107],[22.1101,47.9092],[22.1077,47.9119],[22.1051,47.9107],[22.1045,47.9117],[22.1023,47.9178],[22.1004,47.9211],[22.0995,47.9216],[22.0974,47.9211],[22.0922,47.9211],[22.0894,47.9203],[22.0855,47.9181],[22.0827,47.9176],[22.074,47.9141],[22.0703,47.911],[22.0679,47.9105],[22.0666,47.9098],[22.065,47.9067],[22.0637,47.9058],[22.0563,47.9048],[22.054,47.9037],[22.0462,47.9033],[22.0405,47.9025],[22.0384,47.9031],[22.0358,47.9032],[22.0322,47.9018],[22.026,47.9015],[22.022,47.9006],[22.0189,47.9001],[22.0174,47.9012],[22.0163,47.901],[22.0156,47.9015],[22.0091,47.9077],[22.0063,47.911],[22.0028,47.914],[21.9991,47.9198],[21.9949,47.9232],[21.9938,47.924],[21.9898,47.9152],[21.9878,47.9142],[21.9838,47.9108],[21.9823,47.9088],[21.9793,47.9069],[21.9769,47.9064],[21.9741,47.9041],[21.9717,47.9032],[21.9656,47.9023],[21.959,47.9034],[21.9565,47.9006],[21.9552,47.8998],[21.9517,47.8948],[21.9502,47.8914],[21.9446,47.8948],[21.9427,47.897],[21.9422,47.8971],[21.9397,47.8989],[21.9391,47.9002],[21.935,47.9023],[21.9269,47.9046],[21.9255,47.9056],[21.9202,47.9114],[21.9202,47.915],[21.9211,47.9194],[21.9124,47.9186],[21.9084,47.9196],[21.9042,47.9195],[21.903,47.9199],[21.9038,47.9223],[21.9052,47.9244],[21.9041,47.931],[21.9048,47.932],[21.9014,47.9368],[21.9016,47.9374],[21.904,47.9387],[21.901,47.9445],[21.9013,47.9465],[21.9006,47.9523],[21.8984,47.9591],[21.899,47.9631],[21.8971,47.9677],[21.8955,47.9686],[21.895,47.9724],[21.8931,47.9741],[21.8905,47.9742],[21.884,47.9737],[21.8841,47.975],[21.8831,47.977],[21.8841,47.9776],[21.8843,47.9811],[21.8858,47.9829],[21.8927,47.9846],[21.8969,47.9851],[21.9027,47.9871],[21.9028,47.9867],[21.9041,47.9868],[21.9106,47.9859],[21.9146,47.986],[21.9147,47.9855],[21.9284,47.9855],[21.934,47.9868],[21.9409,47.9877],[21.9466,47.9878],[21.9485,47.9873],[21.9515,47.9877],[21.9582,47.9895],[21.9668,47.9898],[21.9687,47.9892],[21.9711,47.9905],[21.977,47.992],[21.9779,47.9929],[21.9802,47.994],[21.982,47.9969],[21.9858,47.9989],[21.9865,48.0],[21.9904,48.0028],[21.9915,48.0071],[21.986,48.0115],[21.9812,48.0178],[21.9912,48.0206],[21.9892,48.0239],[21.9955,48.026],[21.9965,48.0257],[21.9997,48.0261],[21.9991,48.0273],[22.0013,48.0283],[22.0036,48.0288],[22.0037,48.0293],[22.0076,48.0298],[22.0128,48.0275],[22.0192,48.0299],[22.0267,48.0315],[22.0284,48.0322],[22.0326,48.033],[22.0304,48.0349],[22.0282,48.0359],[22.0275,48.0358],[22.0263,48.0371],[22.0257,48.0369],[22.0232,48.0397],[22.0205,48.0455],[22.0162,48.0517],[22.0132,48.0607],[22.0115,48.0697],[22.0099,48.0703],[22.0092,48.0717],[22.0092,48.077],[22.0119,48.0768],[22.0156,48.0777],[22.0232,48.0787],[22.0268,48.0787],[22.0338,48.0777],[22.0366,48.0777],[22.0381,48.078],[22.0415,48.0795],[22.0453,48.0818],[22.0466,48.0822],[22.0505,48.0822],[22.0545,48.083],[22.0592,48.0846],[22.0639,48.0869],[22.0659,48.0883],[22.0715,48.0907],[22.0737,48.0922],[22.0771,48.0933],[22.0754,48.0961],[22.0727,48.0958],[22.0709,48.0973],[22.0678,48.0973],[22.0648,48.1005],[22.063,48.1001],[22.0627,48.1007],[22.0611,48.1059],[22.0607,48.1154],[22.0616,48.1173],[22.0628,48.117],[22.0627,48.1194],[22.0642,48.1197],[22.0673,48.121],[22.075,48.1234],[22.0794,48.1252],[22.0879,48.1313],[22.0981,48.1241],[22.1031,48.1222],[22.1049,48.1215],[22.1061,48.1195],[22.1087,48.1199],[22.11,48.1195],[22.1122,48.1206],[22.1174,48.1219],[22.1177,48.1216],[22.13,48.1253],[22.1305,48.1246],[22.1372,48.1264],[22.1379,48.1258],[22.143,48.1277],[22.1437,48.1271],[22.1455,48.1278],[22.1481,48.1256],[22.1505,48.1268],[22.1531,48.1244],[22.156,48.1207],[22.1644,48.1215],[22.1681,48.1226],[22.1709,48.1229],[22.176,48.1244],[22.178,48.1243],[22.1809,48.1248],[22.1849,48.1262],[22.1878,48.1279],[22.1913,48.1283],[22.1929,48.1288],[22.1944,48.1299],[22.1997,48.1308],[22.2011,48.1275],[22.2013,48.1255],[22.2025,48.1238],[22.2056,48.1219],[22.2078,48.1198]]]}},{"type":"Feature","properties":{"id":"1606","name":"Szabolcs-Szatmár-Bereg vármegye 06. OEVK","regionId":"szabolcs","center":"Nyírbátor"},"geometry":{"type":"Polygon","coordinates":[[[22.1705,47.9223],[22.1791,47.9207],[22.1813,47.9209],[22.1822,47.919],[22.1833,47.9179],[22.1835,47.9166],[22.1858,47.9135],[22.1863,47.912],[22.1861,47.9106],[22.1836,47.9093],[22.1837,47.9087],[22.1858,47.9077],[22.1861,47.9071],[22.1864,47.9072],[22.1874,47.9055],[22.1864,47.9052],[22.1875,47.9024],[22.1876,47.9008],[22.1905,47.897],[22.1923,47.8966],[22.1935,47.8949],[22.196,47.8959],[22.1959,47.8961],[22.1973,47.8964],[22.1995,47.8968],[22.1999,47.896],[22.2007,47.8962],[22.2004,47.8967],[22.2045,47.8987],[22.2039,47.8993],[22.2077,47.9005],[22.2095,47.8963],[22.2052,47.8907],[22.2105,47.8917],[22.2148,47.8939],[22.2216,47.8876],[22.2296,47.8886],[22.2343,47.887],[22.2507,47.8862],[22.2507,47.894],[22.2524,47.8943],[22.254,47.8955],[22.2572,47.8955],[22.2648,47.8941],[22.2661,47.891],[22.2659,47.8895],[22.2669,47.8872],[22.268,47.886],[22.2697,47.8838],[22.2726,47.8824],[22.2743,47.8803],[22.2809,47.8769],[22.2817,47.8767],[22.2828,47.8771],[22.2834,47.8763],[22.2947,47.8804],[22.3001,47.8843],[22.3006,47.8823],[22.2998,47.8784],[22.3047,47.8736],[22.3041,47.8675],[22.3046,47.8631],[22.3076,47.8616],[22.3104,47.8607],[22.3172,47.8629],[22.32,47.8652],[22.3242,47.8677],[22.328,47.8691],[22.3294,47.8688],[22.3323,47.8656],[22.3352,47.8644],[22.3367,47.8644],[22.3414,47.8656],[22.3446,47.8656],[22.3464,47.8666],[22.3505,47.8675],[22.3527,47.8685],[22.3527,47.868],[22.3538,47.8653],[22.3536,47.8632],[22.3542,47.8631],[22.3544,47.8625],[22.3581,47.8622],[22.359,47.8617],[22.3611,47.8614],[22.3642,47.8594],[22.3685,47.8583],[22.3703,47.8564],[22.37,47.8533],[22.3761,47.8511],[22.384,47.8511],[22.3838,47.8473],[22.3867,47.8472],[22.3869,47.8398],[22.3837,47.8399],[22.382,47.8364],[22.3843,47.8367],[22.3838,47.8358],[22.3822,47.8355],[22.3816,47.834],[22.3858,47.8329],[22.3848,47.8314],[22.3837,47.8313],[22.3798,47.8323],[22.3763,47.8301],[22.3753,47.8328],[22.3741,47.8289],[22.3703,47.8263],[22.3705,47.8237],[22.3699,47.8224],[22.368,47.8201],[22.366,47.8193],[22.3649,47.8179],[22.3646,47.8157],[22.3682,47.8143],[22.3689,47.8137],[22.3695,47.8132],[22.3686,47.8116],[22.3698,47.8103],[22.3756,47.8097],[22.3773,47.809],[22.3774,47.8074],[22.3813,47.8066],[22.3748,47.8003],[22.3778,47.7931],[22.3808,47.7942],[22.3816,47.7951],[22.3811,47.7957],[22.3821,47.7961],[22.3874,47.7975],[22.3876,47.7972],[22.4026,47.8058],[22.4024,47.8021],[22.4251,47.8023],[22.4264,47.8048],[22.4455,47.7994],[22.4408,47.7919],[22.4349,47.7699],[22.4327,47.7639],[22.4326,47.762],[22.4271,47.7545],[22.426,47.7506],[22.4259,47.75],[22.428,47.7497],[22.4272,47.7469],[22.43,47.745],[22.4303,47.741],[22.4115,47.7424],[22.4104,47.7467],[22.4047,47.7466],[22.3964,47.7477],[22.3941,47.7476],[22.389,47.7454],[22.3875,47.7452],[22.3832,47.7458],[22.379,47.747],[22.3743,47.7467],[22.3692,47.7472],[22.36,47.749],[22.3568,47.749],[22.3524,47.7507],[22.3509,47.7508],[22.3464,47.7529],[22.3454,47.755],[22.3409,47.7571],[22.3397,47.7589],[22.3331,47.7637],[22.3304,47.7651],[22.3243,47.7668],[22.3173,47.7659],[22.3192,47.7614],[22.3209,47.755],[22.3175,47.7433],[22.3062,47.7414],[22.3061,47.7407],[22.3033,47.7371],[22.302,47.7369],[22.299,47.7372],[22.2972,47.7355],[22.2961,47.7359],[22.2854,47.7294],[22.2646,47.7312],[22.2594,47.7174],[22.2623,47.7167],[22.2623,47.7137],[22.2591,47.6982],[22.2563,47.6979],[22.2559,47.6965],[22.254,47.6949],[22.2418,47.6952],[22.2377,47.6948],[22.2311,47.6933],[22.226,47.688],[22.2229,47.6826],[22.2252,47.6807],[22.2225,47.673],[22.2232,47.6684],[22.2201,47.6637],[22.2222,47.6622],[22.2208,47.6605],[22.2193,47.66],[22.2182,47.6589],[22.2164,47.6584],[22.2117,47.654],[22.2033,47.6549],[22.1992,47.6363],[22.197,47.6349],[22.1948,47.6309],[22.1934,47.627],[22.1927,47.6217],[22.19,47.6149],[22.19,47.6118],[22.1882,47.6093],[22.1856,47.6081],[22.1853,47.6073],[22.1829,47.6063],[22.1806,47.5992],[22.1785,47.5993],[22.1766,47.5944],[22.1751,47.5943],[22.1735,47.5925],[22.173,47.5927],[22.1707,47.5917],[22.1662,47.5925],[22.16,47.5924],[22.1564,47.5935],[22.1506,47.5939],[22.1461,47.5946],[22.1394,47.598],[22.1283,47.5981],[22.1263,47.599],[22.1252,47.6017],[22.1241,47.6024],[22.1219,47.6028],[22.12,47.603],[22.1191,47.6035],[22.1175,47.6054],[22.1194,47.607],[22.1185,47.612],[22.1106,47.6212],[22.1087,47.6274],[22.1073,47.6281],[22.1046,47.6309],[22.1066,47.634],[22.1072,47.6364],[22.1059,47.6387],[22.1061,47.6395],[22.104,47.6455],[22.1023,47.6482],[22.102,47.6502],[22.1026,47.653],[22.1046,47.6565],[22.1044,47.6583],[22.0984,47.6608],[22.0932,47.6616],[22.0838,47.6648],[22.0814,47.6667],[22.0784,47.6681],[22.0777,47.6693],[22.0765,47.6702],[22.0759,47.6719],[22.0694,47.6712],[22.0653,47.6702],[22.0646,47.6659],[22.0637,47.665],[22.062,47.6599],[22.0579,47.6558],[22.0557,47.6525],[22.0546,47.6494],[22.0533,47.6474],[22.0487,47.6425],[22.0447,47.636],[22.0427,47.6343],[22.0383,47.6316],[22.0358,47.6305],[22.0322,47.6297],[22.0312,47.6285],[22.0272,47.6273],[22.0256,47.6246],[22.0272,47.6208],[22.0219,47.6201],[22.0199,47.6233],[22.0185,47.6275],[22.0197,47.6294],[22.012,47.6313],[22.0092,47.6332],[22.0065,47.6367],[22.0053,47.6372],[22.0036,47.6416],[22.003,47.648],[22.0083,47.6583],[22.011,47.662],[22.0116,47.6647],[22.0087,47.6636],[22.0064,47.6643],[22.0052,47.6665],[22.0026,47.6664],[22.0004,47.6671],[21.9996,47.6667],[21.9946,47.6725],[21.9934,47.6757],[21.9905,47.6752],[21.9809,47.6755],[21.9803,47.6815],[21.982,47.6829],[21.9826,47.684],[21.9818,47.6861],[21.9823,47.6918],[21.982,47.6937],[21.9834,47.6952],[21.9833,47.6959],[21.9838,47.6959],[21.984,47.6976],[21.9861,47.6989],[21.9871,47.7005],[21.9875,47.704],[21.985,47.705],[21.9814,47.7051],[21.9754,47.7064],[21.9733,47.7062],[21.9661,47.7067],[21.9641,47.7082],[21.9606,47.7089],[21.959,47.7128],[21.9579,47.7137],[21.9549,47.7143],[21.9528,47.7158],[21.9506,47.7152],[21.9489,47.7158],[21.9488,47.7199],[21.9472,47.7218],[21.9418,47.7228],[21.9396,47.7239],[21.938,47.7264],[21.9352,47.7252],[21.9335,47.7272],[21.9324,47.7297],[21.9265,47.7289],[21.9259,47.7302],[21.9247,47.7331],[21.9198,47.7319],[21.9183,47.731],[21.9088,47.7283],[21.9081,47.7295],[21.8984,47.7282],[21.894,47.7271],[21.8877,47.7261],[21.8875,47.7247],[21.8863,47.7232],[21.8873,47.7164],[21.8869,47.7121],[21.8873,47.711],[21.8845,47.7034],[21.8851,47.7002],[21.884,47.6978],[21.8808,47.6957],[21.8783,47.6951],[21.8749,47.6931],[21.8728,47.6898],[21.8708,47.6885],[21.8686,47.6881],[21.8647,47.6859],[21.8599,47.6854],[21.8587,47.6848],[21.8579,47.6832],[21.8579,47.6816],[21.8561,47.6794],[21.856,47.6755],[21.851,47.675],[21.8481,47.6732],[21.8442,47.6719],[21.8427,47.6703],[21.8406,47.6691],[21.8333,47.6689],[21.8307,47.6692],[21.8275,47.6701],[21.8248,47.6723],[21.8129,47.6734],[21.8093,47.6743],[21.8029,47.6739],[21.8023,47.6746],[21.7986,47.6819],[21.7972,47.6829],[21.7959,47.6853],[21.7911,47.6854],[21.7786,47.6872],[21.7764,47.6875],[21.7678,47.6866],[21.7641,47.6869],[21.7653,47.6887],[21.7683,47.6913],[21.7703,47.6948],[21.7717,47.7053],[21.7695,47.7054],[21.7666,47.7067],[21.7615,47.7061],[21.7575,47.7062],[21.7538,47.7054],[21.7502,47.7053],[21.7401,47.7069],[21.736,47.7073],[21.7346,47.7081],[21.7299,47.7089],[21.7228,47.7081],[21.7195,47.7069],[21.7176,47.7102],[21.717,47.7124],[21.7132,47.7189],[21.71,47.7223],[21.7077,47.7257],[21.7066,47.729],[21.7043,47.7316],[21.7001,47.733],[21.697,47.7324],[21.6948,47.7327],[21.6881,47.7306],[21.6854,47.7304],[21.6803,47.7307],[21.6797,47.7262],[21.6738,47.7262],[21.6725,47.7259],[21.6681,47.7258],[21.662,47.7266],[21.6614,47.7277],[21.6571,47.727],[21.6516,47.7268],[21.6491,47.7276],[21.6485,47.7283],[21.6409,47.7293],[21.6381,47.7287],[21.6364,47.7293],[21.6326,47.7327],[21.6269,47.7366],[21.6283,47.7408],[21.6272,47.7426],[21.6265,47.7455],[21.6268,47.7464],[21.6242,47.7476],[21.6242,47.748],[21.6214,47.7487],[21.6216,47.7493],[21.6159,47.7511],[21.6167,47.7546],[21.6143,47.7562],[21.6123,47.7584],[21.6112,47.7588],[21.5961,47.7715],[21.5903,47.7737],[21.578,47.7784],[21.5744,47.7792],[21.5633,47.7831],[21.5602,47.7838],[21.5464,47.7891],[21.5416,47.7903],[21.5446,47.7979],[21.5451,47.8121],[21.5444,47.8179],[21.545,47.8231],[21.5449,47.8258],[21.547,47.8321],[21.5487,47.8403],[21.5518,47.8499],[21.5577,47.8494],[21.558,47.8507],[21.5924,47.8474],[21.5917,47.8456],[21.6081,47.844],[21.6075,47.8404],[21.6229,47.8392],[21.6247,47.8492],[21.6401,47.8481],[21.6449,47.8648],[21.6459,47.8648],[21.653,47.8648],[21.6595,47.8641],[21.6665,47.8607],[21.675,47.8567],[21.6807,47.8532],[21.6795,47.8479],[21.6802,47.8457],[21.6831,47.8461],[21.6877,47.8458],[21.6922,47.8464],[21.7005,47.8464],[21.7019,47.8477],[21.7031,47.8471],[21.7038,47.8471],[21.7041,47.8467],[21.705,47.8467],[21.7052,47.8473],[21.7077,47.849],[21.712,47.8492],[21.7139,47.8497],[21.7251,47.8491],[21.7367,47.8497],[21.7432,47.849],[21.7451,47.8488],[21.7511,47.8492],[21.7671,47.85],[21.7688,47.8525],[21.7688,47.8551],[21.7705,47.8585],[21.7705,47.8609],[21.7712,47.8627],[21.7709,47.874],[21.7697,47.8817],[21.7705,47.891],[21.7711,47.8926],[21.7724,47.8962],[21.7724,47.8987],[21.7883,47.8993],[21.7925,47.8969],[21.7982,47.8948],[21.8065,47.8945],[21.8146,47.8901],[21.821,47.8888],[21.8205,47.8929],[21.8214,47.8956],[21.8215,47.9051],[21.8301,47.9066],[21.83,47.9098],[21.8289,47.9099],[21.829,47.9109],[21.8307,47.9109],[21.8315,47.9156],[21.8291,47.9152],[21.8291,47.9178],[21.837,47.9193],[21.8371,47.9188],[21.8441,47.9191],[21.8443,47.9186],[21.8448,47.913],[21.8499,47.9089],[21.8515,47.9028],[21.852,47.9023],[21.8578,47.9025],[21.8622,47.9011],[21.8721,47.9],[21.8871,47.8943],[21.8901,47.8959],[21.9034,47.8983],[21.9049,47.9015],[21.9072,47.9021],[21.9095,47.9037],[21.9103,47.905],[21.9112,47.9089],[21.9118,47.9146],[21.9126,47.9167],[21.9124,47.9186],[21.9211,47.9194],[21.9202,47.915],[21.9202,47.9114],[21.9255,47.9056],[21.9269,47.9046],[21.935,47.9023],[21.9391,47.9002],[21.9397,47.8989],[21.9422,47.8971],[21.9427,47.897],[21.9446,47.8948],[21.9502,47.8914],[21.9517,47.8948],[21.9552,47.8998],[21.9565,47.9006],[21.959,47.9034],[21.9656,47.9023],[21.9717,47.9032],[21.9741,47.9041],[21.9769,47.9064],[21.9793,47.9069],[21.9823,47.9088],[21.9838,47.9108],[21.9878,47.9142],[21.9898,47.9152],[21.9938,47.924],[21.9949,47.9232],[21.9991,47.9198],[22.0028,47.914],[22.0063,47.911],[22.0091,47.9077],[22.0156,47.9015],[22.0163,47.901],[22.0174,47.9012],[22.0189,47.9001],[22.022,47.9006],[22.026,47.9015],[22.0322,47.9018],[22.0358,47.9032],[22.0384,47.9031],[22.0405,47.9025],[22.0462,47.9033],[22.054,47.9037],[22.0563,47.9048],[22.0637,47.9058],[22.065,47.9067],[22.0666,47.9098],[22.0679,47.9105],[22.0703,47.911],[22.074,47.9141],[22.0827,47.9176],[22.0855,47.9181],[22.0894,47.9203],[22.0922,47.9211],[22.0974,47.9211],[22.0995,47.9216],[22.1004,47.9211],[22.1023,47.9178],[22.1045,47.9117],[22.1051,47.9107],[22.1077,47.9119],[22.1101,47.9092],[22.1149,47.9107],[22.117,47.9091],[22.1183,47.9098],[22.1199,47.9088],[22.1252,47.9015],[22.1305,47.9034],[22.1333,47.905],[22.1377,47.9079],[22.1364,47.9088],[22.1436,47.9104],[22.1478,47.9123],[22.1483,47.9115],[22.1527,47.9132],[22.1542,47.9138],[22.1534,47.9151],[22.155,47.9155],[22.1588,47.9175],[22.1644,47.921],[22.1676,47.9225],[22.1705,47.9223]]]}},{"type":"Feature","properties":{"id":"1702","name":"Tolna vármegye 02. OEVK","regionId":"tolna","center":"Dombóvár"},"geometry":{"type":"Polygon","coordinates":[[[18.1633,46.6757],[18.1683,46.6619],[18.1697,46.6641],[18.177,46.6678],[18.1805,46.6622],[18.1859,46.664],[18.1863,46.6637],[18.1871,46.6618],[18.1874,46.6588],[18.1894,46.6557],[18.2091,46.6583],[18.2093,46.6579],[18.2148,46.6586],[18.2148,46.6591],[18.2159,46.6594],[18.2157,46.6601],[18.2204,46.6615],[18.2216,46.6583],[18.2271,46.6497],[18.231,46.6447],[18.2325,46.6441],[18.238,46.6372],[18.2356,46.6353],[18.2339,46.6322],[18.2302,46.6271],[18.2293,46.6238],[18.2267,46.619],[18.2269,46.6176],[18.2264,46.6155],[18.2236,46.6118],[18.2248,46.6095],[18.2262,46.6087],[18.2342,46.6017],[18.2362,46.5985],[18.2375,46.5973],[18.2399,46.5924],[18.2407,46.5892],[18.2426,46.585],[18.2444,46.582],[18.2456,46.578],[18.2482,46.5748],[18.2483,46.5725],[18.2494,46.5708],[18.2483,46.5704],[18.2503,46.5677],[18.2534,46.5651],[18.273,46.5726],[18.2826,46.5762],[18.2887,46.5644],[18.2888,46.5634],[18.2984,46.5538],[18.3016,46.5517],[18.3033,46.5522],[18.313,46.5501],[18.3165,46.5514],[18.3121,46.563],[18.3058,46.5746],[18.3185,46.579],[18.3217,46.5725],[18.3502,46.5412],[18.3554,46.5385],[18.3566,46.5393],[18.3581,46.5383],[18.3602,46.535],[18.3618,46.5338],[18.3636,46.5338],[18.3649,46.5343],[18.3664,46.539],[18.3684,46.5395],[18.3689,46.5406],[18.3709,46.5406],[18.3722,46.5396],[18.3766,46.54],[18.3762,46.5424],[18.3752,46.5444],[18.3748,46.5469],[18.3753,46.5501],[18.3744,46.5536],[18.3797,46.5558],[18.3804,46.5561],[18.3873,46.5668],[18.3944,46.5711],[18.404,46.5627],[18.4042,46.5613],[18.41,46.5523],[18.4131,46.5528],[18.4144,46.5535],[18.4165,46.5556],[18.42,46.557],[18.4285,46.5548],[18.4317,46.5555],[18.4455,46.5615],[18.4471,46.5616],[18.4474,46.562],[18.4472,46.566],[18.4489,46.5668],[18.4518,46.5679],[18.4574,46.5669],[18.4576,46.5653],[18.4591,46.5636],[18.4621,46.5576],[18.4772,46.5454],[18.4763,46.5448],[18.4776,46.5428],[18.4792,46.5438],[18.4849,46.5391],[18.4861,46.5394],[18.4954,46.5326],[18.4977,46.5318],[18.4999,46.5342],[18.5046,46.5369],[18.5072,46.5394],[18.5099,46.5401],[18.5107,46.5399],[18.5144,46.5429],[18.5152,46.5427],[18.5161,46.543],[18.5178,46.5419],[18.5198,46.5417],[18.5224,46.5396],[18.5237,46.5391],[18.5301,46.5296],[18.5309,46.5299],[18.5346,46.5301],[18.5371,46.5306],[18.5411,46.53],[18.5448,46.5316],[18.5467,46.534],[18.5504,46.5371],[18.5544,46.5414],[18.5592,46.5439],[18.5611,46.547],[18.5561,46.5556],[18.5513,46.5626],[18.5524,46.5649],[18.558,46.5705],[18.563,46.5739],[18.5644,46.5793],[18.5758,46.5713],[18.577,46.5737],[18.5748,46.5753],[18.576,46.5759],[18.5748,46.577],[18.5776,46.5785],[18.5789,46.5774],[18.5782,46.5758],[18.5834,46.5707],[18.5857,46.5694],[18.5866,46.5698],[18.5903,46.5684],[18.5925,46.5683],[18.591,46.5716],[18.5906,46.5744],[18.5911,46.5743],[18.5941,46.577],[18.5953,46.5776],[18.5986,46.5782],[18.6005,46.5775],[18.6001,46.5772],[18.6008,46.5754],[18.5994,46.5741],[18.5991,46.5733],[18.597,46.5739],[18.5963,46.5727],[18.5973,46.5722],[18.5971,46.5698],[18.5963,46.5697],[18.5964,46.5691],[18.5984,46.5688],[18.5986,46.5684],[18.5971,46.568],[18.5976,46.5674],[18.5986,46.5673],[18.5981,46.5668],[18.6012,46.5674],[18.6012,46.567],[18.5993,46.5667],[18.5992,46.5648],[18.6014,46.5649],[18.6016,46.5644],[18.6027,46.5639],[18.6007,46.5634],[18.6002,46.5641],[18.5993,46.564],[18.5978,46.5627],[18.5974,46.5617],[18.5996,46.5616],[18.5992,46.5609],[18.5981,46.5604],[18.5946,46.5603],[18.5942,46.5599],[18.5958,46.5578],[18.5956,46.5573],[18.5947,46.557],[18.5976,46.5562],[18.5965,46.5544],[18.5967,46.5512],[18.5981,46.5502],[18.598,46.5485],[18.599,46.5484],[18.5996,46.5475],[18.601,46.5471],[18.6016,46.5457],[18.6028,46.5447],[18.6026,46.5444],[18.5994,46.5434],[18.601,46.5417],[18.6014,46.5399],[18.5999,46.5389],[18.6013,46.5373],[18.5994,46.5367],[18.5991,46.5351],[18.6007,46.5348],[18.6025,46.5325],[18.6025,46.5318],[18.6017,46.5314],[18.6005,46.5318],[18.6007,46.5302],[18.6027,46.5302],[18.6029,46.5298],[18.6023,46.5287],[18.6012,46.5282],[18.6014,46.5269],[18.6008,46.5262],[18.6214,46.535],[18.6335,46.5222],[18.6097,46.5099],[18.6093,46.5093],[18.6106,46.5088],[18.6083,46.5063],[18.6087,46.5061],[18.6111,46.5072],[18.6121,46.5066],[18.6119,46.5053],[18.6145,46.5061],[18.6149,46.5052],[18.6165,46.5055],[18.6196,46.504],[18.6205,46.5046],[18.6215,46.5046],[18.6231,46.5036],[18.6198,46.5014],[18.6215,46.501],[18.6283,46.4969],[18.6312,46.4935],[18.6192,46.4892],[18.6174,46.4893],[18.6147,46.4899],[18.614,46.4897],[18.6102,46.4912],[18.609,46.4907],[18.6077,46.4922],[18.598,46.4887],[18.5939,46.4876],[18.5949,46.4832],[18.5945,46.4803],[18.5956,46.4704],[18.5967,46.4651],[18.5997,46.4573],[18.6053,46.4469],[18.6075,46.4413],[18.6183,46.4433],[18.6235,46.4449],[18.6238,46.4464],[18.6269,46.4484],[18.6285,46.4503],[18.6391,46.4492],[18.6571,46.4447],[18.6538,46.4413],[18.6507,46.4351],[18.6481,46.4329],[18.6476,46.432],[18.6463,46.4282],[18.6453,46.4188],[18.6434,46.4172],[18.6374,46.4142],[18.6329,46.4108],[18.6302,46.4078],[18.6295,46.4075],[18.6285,46.4016],[18.627,46.3973],[18.6295,46.3925],[18.6326,46.3897],[18.6351,46.3888],[18.6461,46.3872],[18.6467,46.3849],[18.6504,46.3798],[18.6524,46.3762],[18.653,46.3742],[18.6448,46.3718],[18.6376,46.3715],[18.632,46.3688],[18.6322,46.3684],[18.6232,46.3637],[18.6217,46.3625],[18.6216,46.3619],[18.6199,46.3609],[18.6176,46.3609],[18.6146,46.3554],[18.6115,46.3532],[18.6124,46.3515],[18.6124,46.348],[18.6128,46.3465],[18.6109,46.3413],[18.6108,46.3385],[18.6121,46.3348],[18.6114,46.3323],[18.6122,46.3297],[18.6123,46.3277],[18.6143,46.3242],[18.614,46.3219],[18.6133,46.3212],[18.6166,46.322],[18.621,46.3206],[18.6255,46.3218],[18.6353,46.3181],[18.6372,46.3185],[18.6388,46.3198],[18.6394,46.3223],[18.641,46.3255],[18.6473,46.3283],[18.6508,46.3271],[18.6523,46.3242],[18.6526,46.3207],[18.6509,46.3176],[18.6506,46.3165],[18.6512,46.3153],[18.6489,46.3064],[18.6504,46.3052],[18.6525,46.3048],[18.6562,46.3015],[18.6579,46.2993],[18.659,46.2966],[18.6613,46.2967],[18.6644,46.2946],[18.6696,46.2944],[18.6692,46.2965],[18.6723,46.2955],[18.6722,46.2903],[18.6732,46.2878],[18.6698,46.2846],[18.6684,46.2818],[18.6693,46.2797],[18.6719,46.2776],[18.6717,46.2767],[18.6734,46.2733],[18.6739,46.2697],[18.6758,46.2695],[18.6763,46.2686],[18.6765,46.2638],[18.6784,46.2563],[18.6788,46.2557],[18.6781,46.2557],[18.6775,46.2546],[18.677,46.2524],[18.6788,46.2469],[18.6772,46.2448],[18.6789,46.2409],[18.6781,46.2408],[18.6777,46.2411],[18.6772,46.2404],[18.6798,46.2391],[18.6744,46.2345],[18.6762,46.2274],[18.6754,46.2227],[18.673,46.2228],[18.6727,46.2224],[18.6718,46.223],[18.672,46.2206],[18.6716,46.2202],[18.668,46.2216],[18.666,46.2218],[18.6635,46.2227],[18.6621,46.2212],[18.6635,46.2189],[18.6632,46.2179],[18.6624,46.2168],[18.66,46.215],[18.6605,46.212],[18.6603,46.2107],[18.661,46.2085],[18.6606,46.2077],[18.6555,46.2072],[18.6478,46.2017],[18.6398,46.2011],[18.6388,46.2],[18.6371,46.1961],[18.6334,46.1938],[18.6318,46.1912],[18.632,46.19],[18.6307,46.1899],[18.6286,46.1906],[18.6251,46.1924],[18.6235,46.1921],[18.6233,46.1908],[18.6221,46.1904],[18.6215,46.1897],[18.6222,46.1877],[18.6208,46.1866],[18.6169,46.1884],[18.6132,46.1909],[18.6128,46.1903],[18.6079,46.1891],[18.6049,46.1871],[18.6025,46.1846],[18.5999,46.1832],[18.5955,46.1825],[18.5929,46.1814],[18.5903,46.1874],[18.5887,46.1885],[18.5871,46.1908],[18.5831,46.1933],[18.5809,46.1957],[18.5721,46.1985],[18.5701,46.1989],[18.5716,46.2038],[18.5662,46.2079],[18.5649,46.2116],[18.5656,46.2146],[18.5676,46.2148],[18.5708,46.2161],[18.5683,46.2229],[18.5638,46.2218],[18.5633,46.2214],[18.5625,46.222],[18.5577,46.2196],[18.5548,46.2188],[18.5518,46.2191],[18.5463,46.2213],[18.5478,46.222],[18.5474,46.2233],[18.5466,46.2238],[18.5445,46.224],[18.5415,46.2258],[18.5396,46.2259],[18.537,46.2271],[18.535,46.2272],[18.5333,46.228],[18.5325,46.2278],[18.5286,46.2317],[18.5281,46.2338],[18.5316,46.2362],[18.5336,46.2366],[18.5373,46.241],[18.5385,46.2438],[18.5388,46.2481],[18.5395,46.2488],[18.5405,46.2532],[18.5404,46.2556],[18.5393,46.2581],[18.5395,46.2645],[18.539,46.267],[18.5394,46.2685],[18.5391,46.2683],[18.5391,46.2689],[18.5411,46.2701],[18.5422,46.2732],[18.5385,46.2747],[18.5359,46.2742],[18.5344,46.2746],[18.5341,46.2763],[18.5314,46.278],[18.5309,46.2792],[18.5315,46.272],[18.5311,46.2694],[18.5303,46.2686],[18.5287,46.2683],[18.5254,46.269],[18.5252,46.2696],[18.5248,46.2697],[18.5246,46.2694],[18.5182,46.2709],[18.5147,46.2737],[18.5157,46.2759],[18.5194,46.2791],[18.5189,46.2841],[18.5089,46.2872],[18.5084,46.2908],[18.5072,46.2908],[18.5029,46.2923],[18.4845,46.294],[18.4811,46.297],[18.4787,46.3008],[18.4772,46.3003],[18.4753,46.3],[18.4781,46.2918],[18.4805,46.2867],[18.4801,46.2697],[18.4789,46.2693],[18.479,46.2688],[18.4775,46.2675],[18.4756,46.2665],[18.4741,46.2662],[18.4717,46.2663],[18.4681,46.2659],[18.4639,46.2641],[18.4624,46.262],[18.4602,46.2611],[18.4641,46.2571],[18.4678,46.2546],[18.4666,46.2536],[18.4655,46.2532],[18.4647,46.2536],[18.4594,46.2534],[18.4591,46.253],[18.4598,46.2521],[18.4579,46.2517],[18.4546,46.2527],[18.454,46.2533],[18.4438,46.2531],[18.4441,46.2503],[18.4458,46.2472],[18.4447,46.2468],[18.4442,46.2441],[18.4435,46.2445],[18.4424,46.244],[18.4403,46.2439],[18.4386,46.2419],[18.4356,46.2411],[18.4332,46.2399],[18.4265,46.2385],[18.4262,46.2371],[18.4231,46.2356],[18.4165,46.234],[18.4155,46.2327],[18.4123,46.231],[18.4106,46.229],[18.4082,46.2286],[18.4057,46.2275],[18.4016,46.2269],[18.3978,46.2259],[18.3958,46.2244],[18.3938,46.2236],[18.393,46.2226],[18.3858,46.2176],[18.3833,46.2163],[18.3799,46.2149],[18.379,46.2149],[18.376,46.2162],[18.3681,46.2172],[18.3664,46.2184],[18.3646,46.219],[18.3624,46.2213],[18.3612,46.2235],[18.3599,46.2243],[18.3592,46.226],[18.3604,46.227],[18.3613,46.2287],[18.3658,46.2301],[18.3718,46.2304],[18.374,46.2311],[18.3798,46.2315],[18.3837,46.2348],[18.3899,46.2355],[18.3957,46.2376],[18.397,46.239],[18.3976,46.2406],[18.4035,46.2438],[18.4037,46.2464],[18.4049,46.2474],[18.4052,46.2484],[18.4046,46.2492],[18.405,46.2508],[18.407,46.2533],[18.41,46.2597],[18.4089,46.2618],[18.4097,46.2616],[18.4102,46.265],[18.4112,46.266],[18.4106,46.2662],[18.4112,46.2677],[18.4134,46.2698],[18.4159,46.2758],[18.4217,46.2769],[18.4144,46.2912],[18.3979,46.2866],[18.3955,46.2893],[18.3951,46.2884],[18.392,46.291],[18.3917,46.2908],[18.3912,46.2912],[18.389,46.2897],[18.3862,46.292],[18.3857,46.2917],[18.3839,46.2928],[18.3827,46.2924],[18.3825,46.293],[18.3801,46.2928],[18.3799,46.2931],[18.3795,46.293],[18.3787,46.294],[18.3753,46.2933],[18.3728,46.2999],[18.3722,46.3012],[18.3753,46.3029],[18.3724,46.3086],[18.3745,46.309],[18.3764,46.3112],[18.3754,46.3196],[18.3746,46.3218],[18.3733,46.3225],[18.3729,46.3281],[18.3788,46.3312],[18.3787,46.3317],[18.3818,46.3326],[18.3891,46.3361],[18.3902,46.3394],[18.3886,46.3435],[18.3861,46.35],[18.3841,46.3509],[18.3792,46.352],[18.3755,46.3532],[18.3759,46.3559],[18.3715,46.3559],[18.3684,46.3578],[18.3607,46.3598],[18.3548,46.3606],[18.3511,46.3601],[18.3505,46.3615],[18.3502,46.3671],[18.3431,46.3713],[18.3427,46.3731],[18.3413,46.3751],[18.3415,46.3792],[18.3409,46.3813],[18.3417,46.3835],[18.3413,46.3868],[18.3419,46.3905],[18.3436,46.3924],[18.344,46.3947],[18.3453,46.3959],[18.3472,46.3965],[18.3444,46.4013],[18.3408,46.4041],[18.3377,46.4087],[18.3347,46.4075],[18.3308,46.4083],[18.3226,46.4137],[18.3213,46.414],[18.3187,46.4145],[18.3139,46.4171],[18.3126,46.4173],[18.3075,46.415],[18.3032,46.412],[18.3018,46.4115],[18.2976,46.4113],[18.2946,46.4103],[18.2928,46.409],[18.2865,46.408],[18.2815,46.4064],[18.2788,46.4062],[18.2752,46.4065],[18.2724,46.4056],[18.2691,46.4021],[18.2679,46.4015],[18.2657,46.4013],[18.261,46.4024],[18.2554,46.4027],[18.2495,46.404],[18.2432,46.4077],[18.2389,46.4031],[18.2371,46.4024],[18.2292,46.4039],[18.2204,46.4057],[18.1855,46.3975],[18.1881,46.3683],[18.1885,46.3637],[18.1893,46.3626],[18.1941,46.3609],[18.1958,46.3594],[18.1954,46.3589],[18.1976,46.3573],[18.1978,46.3562],[18.1991,46.3555],[18.2009,46.3556],[18.2021,46.3563],[18.2018,46.3486],[18.2023,46.347],[18.2023,46.3407],[18.201,46.3378],[18.2,46.3374],[18.1994,46.3342],[18.1997,46.333],[18.1991,46.3318],[18.199,46.3315],[18.1935,46.3306],[18.191,46.331],[18.1845,46.3331],[18.18,46.3326],[18.1793,46.3315],[18.1765,46.3289],[18.1753,46.3285],[18.1745,46.3276],[18.1724,46.3269],[18.1716,46.3252],[18.1693,46.3247],[18.1681,46.3237],[18.1667,46.3232],[18.1669,46.3227],[18.1656,46.3204],[18.1634,46.3194],[18.1565,46.3197],[18.1533,46.3262],[18.152,46.3241],[18.1542,46.3193],[18.1523,46.3171],[18.151,46.3169],[18.1468,46.3173],[18.146,46.3162],[18.1392,46.3168],[18.1385,46.3211],[18.1358,46.321],[18.1343,46.3218],[18.1331,46.3218],[18.1328,46.3224],[18.1313,46.3218],[18.1307,46.3224],[18.1261,46.3222],[18.1245,46.3203],[18.1251,46.3201],[18.1246,46.319],[18.1222,46.318],[18.12,46.3183],[18.1174,46.3191],[18.1176,46.3196],[18.1166,46.3196],[18.1161,46.3191],[18.1138,46.3184],[18.1142,46.3178],[18.1123,46.3163],[18.1102,46.3113],[18.1127,46.3081],[18.118,46.2997],[18.1142,46.2938],[18.115,46.2924],[18.1209,46.2899],[18.1244,46.289],[18.1255,46.2902],[18.1259,46.29],[18.1288,46.293],[18.1319,46.2915],[18.1224,46.2812],[18.119,46.2826],[18.1154,46.2844],[18.114,46.2837],[18.1105,46.2929],[18.1088,46.295],[18.1009,46.3022],[18.0905,46.2996],[18.0901,46.3005],[18.0871,46.3007],[18.0868,46.3014],[18.0859,46.3012],[18.0856,46.3007],[18.0846,46.3012],[18.0821,46.2993],[18.0788,46.2988],[18.0762,46.2954],[18.0765,46.2928],[18.0756,46.2916],[18.0715,46.2935],[18.0676,46.2936],[18.0651,46.2927],[18.0595,46.2948],[18.0582,46.2921],[18.0529,46.2958],[18.0614,46.3022],[18.0644,46.3038],[18.0704,46.3047],[18.0712,46.3043],[18.0722,46.3054],[18.0744,46.3065],[18.0755,46.3087],[18.0743,46.3162],[18.0749,46.3181],[18.0784,46.3219],[18.0874,46.3292],[18.0859,46.3349],[18.0853,46.3398],[18.083,46.3451],[18.0832,46.3485],[18.0826,46.3531],[18.0813,46.3575],[18.0801,46.3586],[18.0815,46.3664],[18.065,46.3649],[18.0642,46.3702],[18.0545,46.3834],[18.0519,46.3899],[18.0519,46.3928],[18.0335,46.3849],[18.031,46.3894],[18.0182,46.3862],[18.0186,46.3853],[18.0146,46.3842],[18.0152,46.3838],[18.014,46.383],[18.0115,46.3853],[18.0129,46.3882],[18.0124,46.3893],[18.0055,46.3969],[18.0014,46.4005],[18.0038,46.4001],[18.009,46.4018],[18.0079,46.4042],[18.0142,46.4056],[18.0156,46.4026],[18.0217,46.4039],[18.0199,46.4077],[18.0263,46.409],[18.0255,46.4109],[18.0309,46.4121],[18.0314,46.4141],[18.0325,46.4143],[18.0358,46.4122],[18.0365,46.4122],[18.037,46.4128],[18.0367,46.4135],[18.0394,46.4166],[18.0388,46.4182],[18.0404,46.4185],[18.0444,46.4137],[18.0468,46.4156],[18.0494,46.416],[18.0489,46.4217],[18.0518,46.4215],[18.0665,46.423],[18.0642,46.4343],[18.0683,46.4348],[18.0672,46.4367],[18.0679,46.4369],[18.062,46.4445],[18.0569,46.4555],[18.0515,46.4619],[18.0509,46.4712],[18.0487,46.4752],[18.0478,46.4789],[18.0452,46.4833],[18.0402,46.4945],[18.0392,46.4958],[18.0358,46.4984],[18.0308,46.5015],[18.0342,46.5034],[18.0374,46.5042],[18.038,46.5103],[18.037,46.5141],[18.0342,46.5207],[18.0331,46.526],[18.0324,46.5369],[18.0384,46.5395],[18.0365,46.5422],[18.0387,46.5432],[18.039,46.5437],[18.0396,46.5491],[18.0396,46.5526],[18.0376,46.5608],[18.0497,46.5535],[18.0571,46.5563],[18.063,46.5566],[18.0656,46.5594],[18.0684,46.5607],[18.0718,46.5642],[18.0737,46.5697],[18.075,46.5717],[18.0763,46.5728],[18.078,46.576],[18.0778,46.5782],[18.0782,46.5802],[18.0795,46.5828],[18.0845,46.5829],[18.084,46.5836],[18.0848,46.5853],[18.0847,46.5895],[18.0857,46.5908],[18.086,46.5926],[18.087,46.5947],[18.0867,46.5982],[18.0825,46.6026],[18.0792,46.6078],[18.0735,46.6131],[18.0706,46.6212],[18.0719,46.6214],[18.074,46.6226],[18.0748,46.6257],[18.0768,46.6258],[18.0865,46.629],[18.0882,46.63],[18.0891,46.6312],[18.0903,46.6358],[18.0892,46.6412],[18.0979,46.6446],[18.1074,46.6494],[18.113,46.6531],[18.1173,46.6564],[18.1176,46.6562],[18.1221,46.6585],[18.1254,46.6606],[18.1332,46.6535],[18.1356,46.6541],[18.14,46.6542],[18.1448,46.6556],[18.1382,46.6613],[18.1364,46.6637],[18.1361,46.6654],[18.1429,46.6679],[18.1471,46.6713],[18.1575,46.6735],[18.1612,46.6752],[18.1633,46.6757]]]}},{"type":"Feature","properties":{"id":"1703","name":"Tolna vármegye 03. OEVK","regionId":"tolna","center":"Paks"},"geometry":{"type":"Polygon","coordinates":[[[18.9041,46.8601],[18.9059,46.8584],[18.9173,46.8595],[18.9176,46.8571],[18.9251,46.8572],[18.9241,46.8541],[18.9244,46.8396],[18.925,46.8316],[18.9239,46.8241],[18.9264,46.8176],[18.9283,46.8145],[18.9353,46.8088],[18.9535,46.8006],[18.9496,46.7987],[18.9533,46.7947],[18.9549,46.7913],[18.9564,46.7852],[18.9574,46.7844],[18.9592,46.7841],[18.9602,46.7832],[18.9666,46.774],[18.9709,46.7642],[18.9779,46.765],[18.9771,46.7588],[18.9785,46.7542],[18.9823,46.7489],[18.9836,46.7403],[18.9865,46.7346],[18.9937,46.7276],[19.0019,46.7177],[19.0051,46.71],[19.0062,46.7049],[19.006,46.699],[19.0052,46.6954],[19.0033,46.6916],[18.9988,46.6876],[18.996,46.6854],[18.9917,46.6812],[18.9863,46.6742],[18.9828,46.6685],[18.9736,46.6588],[18.9678,46.6543],[18.9618,46.6509],[18.9558,46.6485],[18.9553,46.6533],[18.9473,46.6502],[18.9423,46.6491],[18.9302,46.6428],[18.924,46.6415],[18.9242,46.6405],[18.9228,46.6397],[18.9209,46.6391],[18.917,46.639],[18.9173,46.6375],[18.9113,46.6374],[18.8919,46.6383],[18.8887,46.638],[18.8826,46.6364],[18.8812,46.6355],[18.8773,46.6305],[18.8751,46.6285],[18.8688,46.6205],[18.8623,46.6158],[18.8597,46.6104],[18.8591,46.6063],[18.8595,46.6031],[18.8638,46.5959],[18.8666,46.5924],[18.873,46.587],[18.8841,46.5752],[18.8893,46.5693],[18.8901,46.5671],[18.893,46.564],[18.8954,46.5595],[18.8969,46.5501],[18.8971,46.548],[18.8956,46.5388],[18.8965,46.5336],[18.8955,46.5317],[18.8953,46.5228],[18.896,46.5188],[18.8989,46.5135],[18.9116,46.4967],[18.9172,46.491],[18.9221,46.4747],[18.9239,46.464],[18.9234,46.4602],[18.9199,46.4496],[18.9161,46.4428],[18.912,46.4462],[18.9094,46.4457],[18.8968,46.4462],[18.8919,46.4468],[18.8872,46.4483],[18.886,46.4487],[18.883,46.4521],[18.877,46.4554],[18.8743,46.4593],[18.8716,46.4674],[18.8667,46.4723],[18.8615,46.4756],[18.8615,46.4804],[18.858,46.4838],[18.8566,46.4842],[18.8561,46.4853],[18.8546,46.4858],[18.8547,46.4865],[18.8538,46.4866],[18.8545,46.4887],[18.8528,46.4918],[18.8529,46.4939],[18.8499,46.4969],[18.8489,46.4992],[18.8504,46.5006],[18.8501,46.5011],[18.8465,46.5018],[18.8446,46.503],[18.8414,46.5027],[18.8382,46.504],[18.8344,46.5026],[18.8278,46.5024],[18.8267,46.5036],[18.8239,46.5041],[18.8097,46.5052],[18.7938,46.5058],[18.7931,46.506],[18.7892,46.5096],[18.7823,46.5055],[18.7792,46.5043],[18.7778,46.5039],[18.7762,46.5055],[18.7733,46.5045],[18.7728,46.505],[18.772,46.5048],[18.7707,46.5063],[18.7699,46.5062],[18.769,46.5072],[18.7643,46.5103],[18.7614,46.5146],[18.7747,46.521],[18.7726,46.523],[18.777,46.5253],[18.7722,46.5295],[18.771,46.532],[18.7671,46.5311],[18.766,46.5346],[18.766,46.5387],[18.7651,46.5424],[18.7653,46.5438],[18.7635,46.5452],[18.7631,46.5465],[18.7639,46.5473],[18.7626,46.5495],[18.7613,46.5514],[18.7597,46.5521],[18.759,46.5526],[18.759,46.5541],[18.7529,46.568],[18.7503,46.5678],[18.7484,46.5669],[18.7409,46.5645],[18.7334,46.5679],[18.7304,46.5686],[18.7264,46.5681],[18.7162,46.5753],[18.7139,46.5759],[18.7117,46.5754],[18.7035,46.5711],[18.6989,46.5683],[18.6994,46.5673],[18.6952,46.5653],[18.6901,46.5619],[18.6851,46.5599],[18.6549,46.5395],[18.6465,46.5372],[18.6407,46.5364],[18.637,46.5418],[18.6214,46.535],[18.6008,46.5262],[18.6014,46.5269],[18.6012,46.5282],[18.6023,46.5287],[18.6029,46.5298],[18.6027,46.5302],[18.6007,46.5302],[18.6005,46.5318],[18.6017,46.5314],[18.6025,46.5318],[18.6025,46.5325],[18.6007,46.5348],[18.5991,46.5351],[18.5994,46.5367],[18.6013,46.5373],[18.5999,46.5389],[18.6014,46.5399],[18.601,46.5417],[18.5994,46.5434],[18.6026,46.5444],[18.6028,46.5447],[18.6016,46.5457],[18.601,46.5471],[18.5996,46.5475],[18.599,46.5484],[18.598,46.5485],[18.5981,46.5502],[18.5967,46.5512],[18.5965,46.5544],[18.5976,46.5562],[18.5947,46.557],[18.5956,46.5573],[18.5958,46.5578],[18.5942,46.5599],[18.5946,46.5603],[18.5981,46.5604],[18.5992,46.5609],[18.5996,46.5616],[18.5974,46.5617],[18.5978,46.5627],[18.5993,46.564],[18.6002,46.5641],[18.6007,46.5634],[18.6027,46.5639],[18.6016,46.5644],[18.6014,46.5649],[18.5992,46.5648],[18.5993,46.5667],[18.6012,46.567],[18.6012,46.5674],[18.5981,46.5668],[18.5986,46.5673],[18.5976,46.5674],[18.5971,46.568],[18.5986,46.5684],[18.5984,46.5688],[18.5964,46.5691],[18.5963,46.5697],[18.5971,46.5698],[18.5973,46.5722],[18.5963,46.5727],[18.597,46.5739],[18.5991,46.5733],[18.5994,46.5741],[18.6008,46.5754],[18.6001,46.5772],[18.6005,46.5775],[18.5986,46.5782],[18.5953,46.5776],[18.5941,46.577],[18.5911,46.5743],[18.5906,46.5744],[18.591,46.5716],[18.5925,46.5683],[18.5903,46.5684],[18.5866,46.5698],[18.5857,46.5694],[18.5834,46.5707],[18.5782,46.5758],[18.5789,46.5774],[18.5776,46.5785],[18.5748,46.577],[18.576,46.5759],[18.5748,46.5753],[18.577,46.5737],[18.5758,46.5713],[18.5644,46.5793],[18.563,46.5739],[18.558,46.5705],[18.5524,46.5649],[18.5513,46.5626],[18.5561,46.5556],[18.5611,46.547],[18.5592,46.5439],[18.5544,46.5414],[18.5504,46.5371],[18.5467,46.534],[18.5448,46.5316],[18.5411,46.53],[18.5371,46.5306],[18.5346,46.5301],[18.5309,46.5299],[18.5301,46.5296],[18.5237,46.5391],[18.5224,46.5396],[18.5198,46.5417],[18.5178,46.5419],[18.5161,46.543],[18.5152,46.5427],[18.5144,46.5429],[18.5107,46.5399],[18.5099,46.5401],[18.5072,46.5394],[18.5046,46.5369],[18.4999,46.5342],[18.4977,46.5318],[18.4954,46.5326],[18.4861,46.5394],[18.4849,46.5391],[18.4792,46.5438],[18.4776,46.5428],[18.4763,46.5448],[18.4772,46.5454],[18.4621,46.5576],[18.4591,46.5636],[18.4576,46.5653],[18.4574,46.5669],[18.4518,46.5679],[18.4489,46.5668],[18.4472,46.566],[18.4474,46.562],[18.4471,46.5616],[18.4455,46.5615],[18.4317,46.5555],[18.4285,46.5548],[18.42,46.557],[18.4165,46.5556],[18.4144,46.5535],[18.4131,46.5528],[18.41,46.5523],[18.4042,46.5613],[18.404,46.5627],[18.3944,46.5711],[18.3873,46.5668],[18.3804,46.5561],[18.3797,46.5558],[18.3744,46.5536],[18.3753,46.5501],[18.3748,46.5469],[18.3752,46.5444],[18.3762,46.5424],[18.3766,46.54],[18.3722,46.5396],[18.3709,46.5406],[18.3689,46.5406],[18.3684,46.5395],[18.3664,46.539],[18.3649,46.5343],[18.3636,46.5338],[18.3618,46.5338],[18.3602,46.535],[18.3581,46.5383],[18.3566,46.5393],[18.3554,46.5385],[18.3502,46.5412],[18.3217,46.5725],[18.3185,46.579],[18.3058,46.5746],[18.3121,46.563],[18.3165,46.5514],[18.313,46.5501],[18.3033,46.5522],[18.3016,46.5517],[18.2984,46.5538],[18.2888,46.5634],[18.2887,46.5644],[18.2826,46.5762],[18.273,46.5726],[18.2534,46.5651],[18.2503,46.5677],[18.2483,46.5704],[18.2494,46.5708],[18.2483,46.5725],[18.2482,46.5748],[18.2456,46.578],[18.2444,46.582],[18.2426,46.585],[18.2407,46.5892],[18.2399,46.5924],[18.2375,46.5973],[18.2362,46.5985],[18.2342,46.6017],[18.2262,46.6087],[18.2248,46.6095],[18.2236,46.6118],[18.2264,46.6155],[18.2269,46.6176],[18.2267,46.619],[18.2293,46.6238],[18.2302,46.6271],[18.2339,46.6322],[18.2356,46.6353],[18.238,46.6372],[18.2325,46.6441],[18.231,46.6447],[18.2271,46.6497],[18.2216,46.6583],[18.2204,46.6615],[18.2157,46.6601],[18.2159,46.6594],[18.2148,46.6591],[18.2148,46.6586],[18.2093,46.6579],[18.2091,46.6583],[18.1894,46.6557],[18.1874,46.6588],[18.1871,46.6618],[18.1863,46.6637],[18.1859,46.664],[18.1805,46.6622],[18.177,46.6678],[18.1697,46.6641],[18.1683,46.6619],[18.1633,46.6757],[18.1612,46.6752],[18.1575,46.6735],[18.1471,46.6713],[18.1429,46.6679],[18.1361,46.6654],[18.1364,46.6637],[18.1382,46.6613],[18.1448,46.6556],[18.14,46.6542],[18.1356,46.6541],[18.1332,46.6535],[18.1254,46.6606],[18.1221,46.6585],[18.1176,46.6562],[18.1173,46.6564],[18.113,46.6531],[18.1074,46.6494],[18.1015,46.6576],[18.1031,46.6579],[18.1071,46.6597],[18.1063,46.6603],[18.107,46.6606],[18.1063,46.6613],[18.1094,46.6629],[18.1067,46.6644],[18.1091,46.666],[18.1109,46.6666],[18.1102,46.6681],[18.1132,46.6694],[18.1122,46.6706],[18.1218,46.6743],[18.1271,46.6772],[18.1284,46.6776],[18.1312,46.677],[18.1281,46.6875],[18.1326,46.6888],[18.1318,46.6907],[18.1313,46.6944],[18.1405,46.6937],[18.1375,46.7004],[18.1465,46.7026],[18.1412,46.7088],[18.1358,46.7064],[18.1297,46.7041],[18.127,46.7102],[18.1229,46.7161],[18.1226,46.7182],[18.1182,46.7248],[18.1172,46.7259],[18.1149,46.7269],[18.1138,46.7302],[18.1158,46.7302],[18.1203,46.7291],[18.1224,46.7299],[18.1239,46.7315],[18.128,46.7338],[18.1321,46.7353],[18.1373,46.7359],[18.1374,46.7423],[18.143,46.7433],[18.1409,46.7473],[18.1501,46.7492],[18.1532,46.7451],[18.1561,46.7425],[18.1594,46.7428],[18.1606,46.7436],[18.1609,46.7444],[18.1719,46.7449],[18.1719,46.7538],[18.1705,46.7573],[18.1671,46.7619],[18.166,46.7643],[18.1659,46.7668],[18.1741,46.772],[18.1774,46.7711],[18.181,46.7707],[18.1819,46.7702],[18.1863,46.7702],[18.1997,46.7781],[18.2033,46.778],[18.2062,46.7775],[18.2109,46.7782],[18.218,46.7803],[18.221,46.7808],[18.2288,46.7797],[18.2311,46.7811],[18.2319,46.78],[18.2416,46.7828],[18.2515,46.7843],[18.251,46.787],[18.252,46.789],[18.2558,46.7883],[18.2569,46.7885],[18.2604,46.7906],[18.2642,46.7936],[18.2634,46.7955],[18.2648,46.7977],[18.2825,46.8082],[18.3003,46.8151],[18.3033,46.8175],[18.3083,46.8153],[18.3103,46.8129],[18.3105,46.8112],[18.3085,46.8049],[18.3094,46.8011],[18.3092,46.7992],[18.31,46.7975],[18.3204,46.7904],[18.3243,46.789],[18.3326,46.7883],[18.3381,46.7867],[18.3472,46.7837],[18.3586,46.7771],[18.365,46.7744],[18.366,46.7752],[18.3665,46.7749],[18.3709,46.7767],[18.3708,46.7771],[18.3687,46.7775],[18.3673,46.7794],[18.3691,46.7799],[18.3702,46.7808],[18.3691,46.7815],[18.3699,46.7826],[18.3716,46.7833],[18.3721,46.7839],[18.3715,46.7848],[18.3717,46.7855],[18.3821,46.791],[18.3863,46.7847],[18.3854,46.7828],[18.3857,46.7817],[18.3869,46.7816],[18.3873,46.782],[18.3884,46.7854],[18.3951,46.7854],[18.3968,46.7806],[18.397,46.7792],[18.3959,46.7784],[18.3956,46.7771],[18.3958,46.7738],[18.3968,46.7701],[18.4033,46.7697],[18.408,46.8035],[18.4087,46.8034],[18.4165,46.7975],[18.4191,46.794],[18.4218,46.7892],[18.4198,46.7868],[18.4186,46.7835],[18.418,46.7798],[18.4219,46.7757],[18.4248,46.7702],[18.4267,46.7679],[18.4257,46.7662],[18.4233,46.7638],[18.4225,46.7596],[18.4189,46.7524],[18.4336,46.7486],[18.4366,46.7474],[18.4474,46.743],[18.4624,46.7397],[18.4625,46.7399],[18.4692,46.7384],[18.4678,46.7396],[18.4669,46.7395],[18.4664,46.7407],[18.4649,46.7404],[18.4646,46.7407],[18.4658,46.7422],[18.4688,46.7431],[18.4699,46.7452],[18.4726,46.7465],[18.477,46.7473],[18.4779,46.7483],[18.4805,46.7487],[18.4839,46.7486],[18.4844,46.7482],[18.4843,46.7473],[18.4866,46.7464],[18.487,46.7455],[18.489,46.7453],[18.4899,46.7445],[18.4928,46.7449],[18.4944,46.7463],[18.4965,46.746],[18.499,46.7475],[18.5001,46.7472],[18.5005,46.7481],[18.5014,46.7476],[18.5014,46.7463],[18.5021,46.7465],[18.5026,46.7472],[18.5032,46.747],[18.5035,46.7458],[18.5029,46.745],[18.5048,46.7453],[18.5041,46.7468],[18.5047,46.7473],[18.5077,46.7444],[18.5124,46.7456],[18.5101,46.753],[18.505,46.7598],[18.5038,46.7637],[18.5076,46.7654],[18.5174,46.7672],[18.5216,46.7693],[18.5325,46.7762],[18.5403,46.7796],[18.5526,46.7822],[18.5566,46.7845],[18.5604,46.779],[18.5626,46.7741],[18.5662,46.7689],[18.5681,46.7675],[18.5725,46.7592],[18.5822,46.7561],[18.5854,46.7566],[18.5894,46.7535],[18.5994,46.7475],[18.601,46.7474],[18.6012,46.7461],[18.6027,46.7463],[18.6038,46.7461],[18.6053,46.7471],[18.6077,46.7461],[18.6082,46.7467],[18.6101,46.747],[18.6113,46.748],[18.613,46.7475],[18.6133,46.7469],[18.6145,46.7468],[18.6159,46.7466],[18.615,46.7454],[18.6171,46.7447],[18.6172,46.7428],[18.6186,46.7413],[18.6167,46.741],[18.6163,46.7417],[18.6141,46.7415],[18.6148,46.7404],[18.6145,46.7392],[18.6154,46.7392],[18.6159,46.7399],[18.6175,46.74],[18.6197,46.739],[18.6175,46.7384],[18.6172,46.7378],[18.6167,46.7385],[18.6161,46.7385],[18.615,46.7373],[18.6171,46.7347],[18.6166,46.7339],[18.6174,46.7334],[18.6171,46.7316],[18.6185,46.7315],[18.6191,46.7303],[18.6194,46.7296],[18.6231,46.7283],[18.6242,46.7267],[18.6234,46.726],[18.624,46.7255],[18.6247,46.7252],[18.6279,46.7254],[18.6302,46.7238],[18.6293,46.7235],[18.6279,46.7239],[18.6267,46.7228],[18.6243,46.7234],[18.6218,46.723],[18.622,46.7218],[18.6196,46.7199],[18.6205,46.7187],[18.6226,46.7184],[18.6224,46.7163],[18.6234,46.7143],[18.6228,46.7132],[18.6233,46.713],[18.6254,46.7132],[18.6268,46.7117],[18.6271,46.7076],[18.6313,46.7082],[18.6302,46.7057],[18.6289,46.7061],[18.6276,46.7046],[18.6267,46.7052],[18.6247,46.704],[18.6249,46.7034],[18.6266,46.7036],[18.6277,46.7022],[18.6295,46.7019],[18.6313,46.7023],[18.6295,46.6978],[18.6298,46.6966],[18.6279,46.697],[18.6277,46.6967],[18.6283,46.6946],[18.6295,46.6939],[18.6293,46.6926],[18.6282,46.6922],[18.6291,46.6919],[18.6335,46.6928],[18.6327,46.6915],[18.6329,46.6909],[18.6334,46.6905],[18.6349,46.6906],[18.636,46.6896],[18.6347,46.688],[18.6363,46.6872],[18.6404,46.6885],[18.6432,46.6889],[18.6452,46.6898],[18.6538,46.6902],[18.6583,46.6916],[18.6586,46.6914],[18.663,46.6934],[18.666,46.6931],[18.6736,46.6939],[18.6834,46.6977],[18.6904,46.7021],[18.7002,46.7095],[18.7066,46.7157],[18.7123,46.7186],[18.7162,46.72],[18.7202,46.7197],[18.7207,46.7187],[18.727,46.7211],[18.7249,46.7235],[18.7311,46.7258],[18.7262,46.7356],[18.7247,46.7367],[18.7238,46.7394],[18.7219,46.7412],[18.7217,46.7428],[18.7207,46.7442],[18.7184,46.7456],[18.7152,46.7516],[18.7124,46.755],[18.7315,46.7611],[18.7339,46.7613],[18.7396,46.7607],[18.7431,46.7621],[18.745,46.7652],[18.745,46.767],[18.749,46.7681],[18.7499,46.7681],[18.7537,46.7666],[18.7574,46.7661],[18.7616,46.7669],[18.7816,46.769],[18.7888,46.7708],[18.7974,46.7697],[18.7918,46.7845],[18.7949,46.7875],[18.8101,46.7939],[18.8126,46.7945],[18.8154,46.7957],[18.819,46.7964],[18.8275,46.8004],[18.8318,46.8032],[18.8354,46.8047],[18.8403,46.8084],[18.8443,46.8104],[18.8618,46.822],[18.8652,46.8252],[18.8667,46.8316],[18.8668,46.8324],[18.8719,46.8334],[18.8692,46.8358],[18.8712,46.8364],[18.8729,46.8353],[18.8739,46.8362],[18.8733,46.8372],[18.8754,46.838],[18.873,46.839],[18.8707,46.8415],[18.8664,46.8436],[18.8609,46.8498],[18.878,46.8548],[18.8882,46.8562],[18.889,46.855],[18.901,46.8566],[18.9024,46.8563],[18.9041,46.8569],[18.9026,46.8599],[18.9041,46.8601]]]}},{"type":"Feature","properties":{"id":"1802","name":"Vas vármegye 02. OEVK","regionId":"vas","center":"Sárvár"},"geometry":{"type":"Polygon","coordinates":[[[16.6462,47.4466],[16.6502,47.4422],[16.6527,47.4377],[16.6529,47.4362],[16.6542,47.4349],[16.6553,47.434],[16.6598,47.4325],[16.6653,47.4279],[16.6673,47.4276],[16.6694,47.4254],[16.6722,47.4262],[16.6733,47.4256],[16.6769,47.422],[16.6758,47.4217],[16.6776,47.4195],[16.686,47.4218],[16.6867,47.4208],[16.6874,47.4203],[16.6879,47.4205],[16.691,47.4158],[16.6972,47.4179],[16.7003,47.4142],[16.7086,47.4175],[16.713,47.4124],[16.7125,47.4121],[16.7152,47.4091],[16.7221,47.4121],[16.7192,47.415],[16.7187,47.4164],[16.7179,47.4171],[16.7188,47.418],[16.7208,47.4183],[16.7207,47.4191],[16.7253,47.4203],[16.7244,47.4217],[16.7333,47.4249],[16.7418,47.4287],[16.7496,47.4325],[16.7546,47.4356],[16.7565,47.4336],[16.7663,47.4382],[16.7701,47.4391],[16.7712,47.439],[16.7844,47.4433],[16.7901,47.4364],[16.8032,47.4434],[16.8055,47.4403],[16.8077,47.439],[16.8114,47.4349],[16.815,47.4355],[16.8211,47.4373],[16.83,47.4409],[16.8301,47.4412],[16.8316,47.4416],[16.8412,47.446],[16.8439,47.4483],[16.8473,47.449],[16.8486,47.4484],[16.8527,47.4415],[16.8521,47.4401],[16.8591,47.4343],[16.865,47.4269],[16.8661,47.4235],[16.8693,47.4235],[16.8725,47.423],[16.8747,47.422],[16.8796,47.4182],[16.8824,47.4148],[16.8853,47.4125],[16.8856,47.4127],[16.8868,47.4122],[16.89,47.4152],[16.8937,47.4165],[16.8919,47.4198],[16.9048,47.4204],[16.9028,47.4232],[16.9049,47.4238],[16.9089,47.4181],[16.9106,47.4187],[16.909,47.4131],[16.9163,47.4132],[16.9149,47.4145],[16.9185,47.4151],[16.9206,47.4111],[16.9312,47.4113],[16.9324,47.407],[16.9399,47.3987],[16.9401,47.3978],[16.9417,47.3965],[16.947,47.3946],[16.947,47.3958],[16.946,47.3963],[16.9458,47.3972],[16.9479,47.3982],[16.9482,47.3996],[16.9472,47.4003],[16.9475,47.4007],[16.9482,47.4011],[16.9489,47.4009],[16.9495,47.4016],[16.9535,47.4036],[16.9546,47.4048],[16.9551,47.4065],[16.9566,47.4067],[16.9573,47.4058],[16.9579,47.4066],[16.9585,47.4064],[16.9584,47.4084],[16.9592,47.4085],[16.9597,47.4095],[16.9617,47.4092],[16.9632,47.4103],[16.966,47.411],[16.9666,47.4118],[16.968,47.4118],[16.9686,47.4133],[16.9693,47.4137],[16.9693,47.4148],[16.9718,47.4151],[16.9726,47.4161],[16.9738,47.4157],[16.9744,47.4159],[16.9753,47.4154],[16.9754,47.4164],[16.9768,47.4159],[16.977,47.4166],[16.9763,47.4175],[16.9784,47.4173],[16.9786,47.4182],[16.9802,47.4186],[16.9799,47.42],[16.9808,47.4202],[16.9821,47.4217],[16.9838,47.4219],[16.9842,47.4224],[16.985,47.4224],[16.9852,47.423],[16.9871,47.4225],[16.9888,47.4233],[16.9897,47.4227],[16.9917,47.4243],[16.9931,47.4248],[16.994,47.4246],[16.9979,47.4259],[16.9969,47.4268],[16.9999,47.4288],[17.0011,47.4285],[17.0018,47.4289],[17.0017,47.4297],[17.0052,47.4322],[17.0032,47.4346],[17.0059,47.4357],[17.0063,47.4354],[17.0068,47.4361],[17.0092,47.4362],[17.011,47.4359],[17.0148,47.4384],[17.016,47.4382],[17.0162,47.4396],[17.0174,47.4396],[17.0186,47.439],[17.0201,47.4393],[17.021,47.4403],[17.0225,47.4395],[17.0247,47.4415],[17.0244,47.442],[17.0264,47.4427],[17.0274,47.4442],[17.0308,47.4458],[17.0322,47.4473],[17.0364,47.4482],[17.04,47.4504],[17.0426,47.4512],[17.0451,47.4552],[17.0473,47.456],[17.0501,47.4579],[17.0512,47.4581],[17.0541,47.4577],[17.0537,47.4594],[17.0549,47.4606],[17.0593,47.4504],[17.0609,47.448],[17.0652,47.4478],[17.0654,47.4466],[17.0667,47.446],[17.0675,47.4452],[17.0696,47.4444],[17.0706,47.4427],[17.0703,47.4422],[17.071,47.4414],[17.0675,47.4388],[17.067,47.4371],[17.0651,47.4373],[17.0646,47.4368],[17.0645,47.4363],[17.0656,47.4361],[17.0664,47.4354],[17.0662,47.4349],[17.0652,47.4344],[17.0639,47.435],[17.0636,47.4347],[17.0627,47.4353],[17.0619,47.4352],[17.0612,47.4344],[17.0613,47.4329],[17.0596,47.4323],[17.0598,47.432],[17.0586,47.4313],[17.0602,47.4303],[17.0593,47.429],[17.0604,47.428],[17.0598,47.4273],[17.0601,47.4268],[17.0615,47.4256],[17.0604,47.4259],[17.0586,47.4248],[17.0598,47.4239],[17.0608,47.4244],[17.0615,47.4242],[17.0614,47.4235],[17.0605,47.4229],[17.0607,47.4212],[17.0596,47.4196],[17.0578,47.4192],[17.0577,47.4184],[17.0567,47.4179],[17.0579,47.4176],[17.0587,47.4166],[17.0583,47.4162],[17.0574,47.4166],[17.055,47.4162],[17.0553,47.4156],[17.0563,47.4154],[17.0567,47.4159],[17.0578,47.4152],[17.0569,47.4148],[17.0547,47.415],[17.0544,47.414],[17.0551,47.4137],[17.0561,47.414],[17.0562,47.4123],[17.0545,47.4115],[17.0532,47.4121],[17.0527,47.4119],[17.0528,47.4108],[17.0535,47.4109],[17.0546,47.4102],[17.0523,47.4101],[17.0527,47.4094],[17.052,47.4088],[17.0536,47.4082],[17.0544,47.4085],[17.0552,47.4079],[17.0551,47.4068],[17.0536,47.406],[17.0534,47.4068],[17.0524,47.4075],[17.0513,47.4073],[17.0516,47.4059],[17.0506,47.4058],[17.0493,47.4038],[17.0484,47.4033],[17.0494,47.4023],[17.0465,47.4031],[17.0454,47.4021],[17.0469,47.4016],[17.0472,47.401],[17.044,47.4011],[17.0429,47.3995],[17.0434,47.3992],[17.0476,47.3991],[17.0476,47.3985],[17.046,47.3979],[17.0452,47.3971],[17.0454,47.3955],[17.0464,47.3953],[17.0475,47.3957],[17.0496,47.395],[17.0513,47.3975],[17.0516,47.3987],[17.0542,47.4011],[17.057,47.4018],[17.0591,47.4033],[17.0661,47.4061],[17.0707,47.4069],[17.0751,47.4063],[17.0777,47.4074],[17.0817,47.4069],[17.0859,47.4077],[17.0879,47.4077],[17.0905,47.4068],[17.0917,47.4069],[17.095,47.4085],[17.0984,47.4091],[17.1,47.4096],[17.1002,47.4108],[17.1011,47.4117],[17.1049,47.4118],[17.1061,47.414],[17.1087,47.4161],[17.1197,47.4185],[17.1214,47.4181],[17.1225,47.4167],[17.1249,47.4167],[17.1263,47.4183],[17.1252,47.4209],[17.1259,47.4217],[17.1274,47.422],[17.1291,47.4253],[17.1267,47.4261],[17.1254,47.4261],[17.1246,47.4269],[17.1249,47.4279],[17.1273,47.4288],[17.1315,47.4279],[17.1324,47.4289],[17.1322,47.4307],[17.1325,47.4309],[17.1341,47.4308],[17.1361,47.4295],[17.1372,47.4307],[17.1395,47.4313],[17.1408,47.4326],[17.1436,47.4352],[17.1469,47.4369],[17.152,47.4359],[17.1558,47.4356],[17.1572,47.4349],[17.161,47.4341],[17.1636,47.434],[17.172,47.4356],[17.1719,47.4347],[17.1701,47.4336],[17.1699,47.4331],[17.1724,47.4325],[17.1774,47.4302],[17.1776,47.4269],[17.1764,47.4265],[17.177,47.4247],[17.1852,47.4067],[17.1902,47.401],[17.1948,47.3968],[17.2082,47.3923],[17.1885,47.3812],[17.2119,47.3622],[17.2126,47.362],[17.216,47.3628],[17.2187,47.3639],[17.2199,47.363],[17.225,47.3571],[17.227,47.3549],[17.2319,47.3554],[17.2357,47.3542],[17.2405,47.352],[17.2428,47.3515],[17.2588,47.3434],[17.2604,47.3442],[17.2686,47.345],[17.2869,47.3335],[17.2928,47.3314],[17.2954,47.329],[17.2844,47.3237],[17.2849,47.3232],[17.2724,47.3174],[17.2715,47.318],[17.2614,47.3181],[17.2613,47.3186],[17.2537,47.3181],[17.2514,47.3182],[17.2412,47.3176],[17.2414,47.3171],[17.2393,47.3169],[17.2336,47.3138],[17.2294,47.3116],[17.2251,47.3085],[17.2246,47.3088],[17.2242,47.3086],[17.2197,47.3018],[17.2151,47.2993],[17.2127,47.2993],[17.2184,47.292],[17.2178,47.2894],[17.2189,47.2812],[17.2137,47.2748],[17.2123,47.2768],[17.2077,47.2802],[17.2055,47.2763],[17.2048,47.2765],[17.2014,47.2717],[17.2017,47.2712],[17.1992,47.2675],[17.1981,47.2641],[17.1991,47.259],[17.2007,47.2587],[17.2039,47.2544],[17.2079,47.2336],[17.2086,47.2336],[17.2092,47.2138],[17.2065,47.2136],[17.2029,47.2128],[17.1954,47.2123],[17.1944,47.211],[17.1922,47.211],[17.1915,47.2098],[17.1873,47.2085],[17.1627,47.2038],[17.1629,47.2025],[17.1605,47.2024],[17.1573,47.2016],[17.1552,47.199],[17.1536,47.198],[17.1529,47.1968],[17.1465,47.1961],[17.1392,47.193],[17.1323,47.1919],[17.1327,47.1948],[17.1313,47.1957],[17.1296,47.1995],[17.1253,47.1984],[17.1239,47.1999],[17.1233,47.2029],[17.1172,47.2023],[17.1153,47.2099],[17.1226,47.2204],[17.1218,47.2207],[17.1199,47.2242],[17.119,47.2278],[17.1181,47.2288],[17.116,47.2295],[17.1148,47.2306],[17.1043,47.2263],[17.1049,47.225],[17.1048,47.2245],[17.1038,47.2243],[17.1055,47.2216],[17.1029,47.2198],[17.0955,47.2165],[17.0958,47.2161],[17.0917,47.2141],[17.0889,47.213],[17.0842,47.2127],[17.0831,47.2144],[17.0824,47.2147],[17.0785,47.2147],[17.0776,47.216],[17.0768,47.2164],[17.0754,47.2198],[17.0685,47.2184],[17.0685,47.2238],[17.0698,47.2258],[17.0699,47.227],[17.0674,47.2263],[17.0658,47.229],[17.0588,47.227],[17.059,47.2265],[17.0573,47.2261],[17.0565,47.2289],[17.0578,47.2292],[17.0579,47.2307],[17.0574,47.2314],[17.0533,47.2305],[17.0526,47.2342],[17.0517,47.2358],[17.0456,47.2394],[17.0423,47.2388],[17.0396,47.2367],[17.0295,47.2333],[17.029,47.2336],[17.0272,47.233],[17.0265,47.2329],[17.0259,47.2333],[17.0211,47.2322],[17.0211,47.2318],[17.0191,47.2309],[17.0153,47.23],[17.0048,47.2297],[16.9989,47.2289],[16.9987,47.2291],[16.9901,47.2261],[16.9876,47.2268],[16.9848,47.2263],[16.9847,47.2253],[16.9836,47.2242],[16.9827,47.2212],[16.983,47.2188],[16.986,47.215],[16.9926,47.2147],[16.9958,47.2141],[16.993,47.2094],[16.9902,47.2102],[16.9777,47.2135],[16.9773,47.2133],[16.9715,47.2167],[16.9605,47.2169],[16.9485,47.2252],[16.9372,47.2329],[16.9345,47.2325],[16.9303,47.2329],[16.9299,47.2338],[16.9286,47.2341],[16.9292,47.235],[16.9289,47.2365],[16.9277,47.2368],[16.9259,47.2368],[16.9252,47.2372],[16.9228,47.2366],[16.922,47.2358],[16.9155,47.2351],[16.9097,47.2303],[16.8986,47.2298],[16.8982,47.2346],[16.8966,47.235],[16.8958,47.2368],[16.8897,47.236],[16.8873,47.2356],[16.8875,47.2353],[16.8862,47.2345],[16.8868,47.2323],[16.8853,47.2298],[16.8733,47.2271],[16.8749,47.2221],[16.8737,47.2221],[16.8749,47.2192],[16.8725,47.219],[16.8702,47.2248],[16.8664,47.2243],[16.8656,47.2262],[16.8562,47.2241],[16.8531,47.2219],[16.8519,47.2202],[16.8483,47.2209],[16.8475,47.2214],[16.846,47.2197],[16.8436,47.2183],[16.8404,47.2149],[16.8394,47.2163],[16.8362,47.2164],[16.834,47.2155],[16.8316,47.2189],[16.8276,47.2185],[16.8266,47.2208],[16.8239,47.224],[16.8222,47.2287],[16.8224,47.2301],[16.8215,47.2311],[16.8152,47.2285],[16.8097,47.228],[16.8071,47.2282],[16.8034,47.2277],[16.8003,47.2257],[16.7988,47.2255],[16.7946,47.2216],[16.7932,47.2208],[16.79,47.2217],[16.7877,47.2217],[16.7835,47.2212],[16.7814,47.2203],[16.7786,47.2106],[16.7747,47.2117],[16.7727,47.2079],[16.7723,47.2079],[16.7693,47.2041],[16.7687,47.203],[16.7691,47.2027],[16.7657,47.1998],[16.7668,47.1992],[16.7644,47.1963],[16.765,47.1945],[16.7588,47.1941],[16.7579,47.1954],[16.753,47.1937],[16.7504,47.1974],[16.7491,47.1969],[16.7484,47.1958],[16.7453,47.2009],[16.7488,47.2018],[16.748,47.2047],[16.7473,47.2047],[16.747,47.2061],[16.7475,47.2108],[16.7402,47.2127],[16.7356,47.2133],[16.7303,47.2148],[16.7278,47.2144],[16.7259,47.2142],[16.7209,47.2166],[16.7162,47.2169],[16.7139,47.218],[16.7127,47.2198],[16.7114,47.2205],[16.708,47.2189],[16.7062,47.2185],[16.7043,47.2187],[16.7005,47.2172],[16.6983,47.2183],[16.6955,47.219],[16.6943,47.2196],[16.6932,47.2211],[16.692,47.2211],[16.6901,47.22],[16.6875,47.2193],[16.6858,47.2172],[16.6848,47.2179],[16.6806,47.2248],[16.6794,47.2293],[16.6783,47.2293],[16.6758,47.2378],[16.6872,47.2394],[16.6877,47.2417],[16.6875,47.2439],[16.6889,47.2458],[16.6914,47.2468],[16.6932,47.2483],[16.6982,47.2504],[16.6955,47.2554],[16.6933,47.2601],[16.6919,47.2612],[16.6915,47.2623],[16.6908,47.2626],[16.69,47.2638],[16.6874,47.2645],[16.6872,47.2653],[16.6863,47.2654],[16.6866,47.2662],[16.6855,47.2665],[16.6856,47.2678],[16.6851,47.2689],[16.6844,47.2691],[16.6845,47.2703],[16.6761,47.2679],[16.6783,47.265],[16.6724,47.2632],[16.6684,47.2608],[16.6678,47.2611],[16.6641,47.2596],[16.6604,47.2633],[16.6592,47.2628],[16.6571,47.2651],[16.65,47.2611],[16.643,47.2685],[16.6396,47.2668],[16.6355,47.2725],[16.6291,47.271],[16.6285,47.2713],[16.63,47.2743],[16.6237,47.2725],[16.6238,47.2711],[16.621,47.2701],[16.6213,47.2687],[16.6154,47.2669],[16.609,47.2666],[16.6034,47.265],[16.6032,47.2657],[16.6015,47.2656],[16.6009,47.2661],[16.6001,47.268],[16.5892,47.2658],[16.5875,47.266],[16.5744,47.2643],[16.5736,47.2645],[16.568,47.2629],[16.5621,47.2604],[16.5595,47.2611],[16.5568,47.2612],[16.554,47.2621],[16.5524,47.2636],[16.5511,47.2657],[16.5513,47.2671],[16.5499,47.2686],[16.5482,47.2701],[16.5454,47.27],[16.5457,47.2706],[16.5449,47.2705],[16.5455,47.2711],[16.5451,47.2716],[16.5459,47.2715],[16.5456,47.2718],[16.5392,47.2705],[16.5361,47.2695],[16.5279,47.2891],[16.5237,47.2906],[16.5202,47.2907],[16.5217,47.2879],[16.5225,47.2839],[16.5193,47.2835],[16.5072,47.2834],[16.503,47.2828],[16.4952,47.2851],[16.4874,47.2839],[16.4839,47.2873],[16.4837,47.2891],[16.4819,47.2914],[16.4827,47.2927],[16.482,47.2943],[16.4818,47.2977],[16.4789,47.3015],[16.4754,47.3093],[16.4748,47.3121],[16.4702,47.3169],[16.4692,47.3187],[16.4694,47.3223],[16.4685,47.3252],[16.4644,47.329],[16.4639,47.3307],[16.4632,47.331],[16.4632,47.3319],[16.4648,47.3331],[16.4629,47.336],[16.4614,47.3366],[16.459,47.3386],[16.4572,47.3392],[16.4507,47.3387],[16.4484,47.3395],[16.446,47.3424],[16.4457,47.3446],[16.4446,47.3464],[16.439,47.3492],[16.4337,47.3528],[16.4346,47.3542],[16.4374,47.3554],[16.4435,47.3562],[16.4472,47.3576],[16.4523,47.3571],[16.4512,47.3611],[16.4542,47.3631],[16.4566,47.3664],[16.4569,47.371],[16.456,47.3734],[16.4528,47.3757],[16.4512,47.3777],[16.4514,47.3797],[16.4533,47.3824],[16.4551,47.3837],[16.4557,47.3839],[16.4573,47.3834],[16.4604,47.3832],[16.4613,47.3832],[16.4614,47.3837],[16.46,47.3844],[16.4575,47.3849],[16.4572,47.3858],[16.4552,47.387],[16.4555,47.3887],[16.4541,47.3894],[16.4543,47.3897],[16.4521,47.392],[16.4512,47.3923],[16.4475,47.3978],[16.4476,47.3993],[16.4461,47.4012],[16.4464,47.4035],[16.4454,47.4071],[16.4463,47.4082],[16.4495,47.4101],[16.4535,47.4109],[16.4557,47.4125],[16.4582,47.413],[16.461,47.4124],[16.463,47.4128],[16.4644,47.4128],[16.466,47.4114],[16.4685,47.4106],[16.471,47.4104],[16.4745,47.409],[16.476,47.4089],[16.48,47.4094],[16.4853,47.4089],[16.4851,47.4085],[16.4877,47.4072],[16.4872,47.4061],[16.4894,47.4063],[16.4907,47.4057],[16.4881,47.4046],[16.4871,47.4032],[16.4866,47.4034],[16.4851,47.4023],[16.484,47.4007],[16.4837,47.3994],[16.4851,47.3987],[16.4838,47.3979],[16.4844,47.3972],[16.4897,47.3997],[16.4879,47.3983],[16.4877,47.3976],[16.4885,47.3968],[16.4886,47.3954],[16.488,47.3946],[16.4888,47.3945],[16.4906,47.3949],[16.4931,47.3941],[16.4938,47.3947],[16.494,47.3959],[16.4961,47.3965],[16.4966,47.3963],[16.4966,47.389],[16.4987,47.3906],[16.5005,47.3911],[16.5027,47.3932],[16.5036,47.3932],[16.5069,47.3953],[16.51,47.3965],[16.5105,47.4004],[16.5082,47.4028],[16.5079,47.405],[16.5082,47.4055],[16.5097,47.4059],[16.5137,47.4052],[16.5151,47.4083],[16.5166,47.4094],[16.5169,47.4106],[16.5188,47.4099],[16.525,47.4104],[16.5269,47.4086],[16.5303,47.4102],[16.5319,47.4104],[16.5356,47.4091],[16.5378,47.4099],[16.54,47.41],[16.5422,47.4086],[16.5428,47.4076],[16.545,47.406],[16.5463,47.4056],[16.551,47.4055],[16.5539,47.4065],[16.5602,47.407],[16.5644,47.4061],[16.5667,47.4059],[16.5695,47.4063],[16.5721,47.4058],[16.574,47.4058],[16.5757,47.4063],[16.5766,47.4086],[16.5774,47.4095],[16.5754,47.4109],[16.5751,47.4123],[16.5806,47.4142],[16.5823,47.4153],[16.5827,47.4168],[16.5814,47.4167],[16.5798,47.4175],[16.5793,47.4179],[16.5798,47.4185],[16.5818,47.4197],[16.5825,47.4198],[16.583,47.4196],[16.5837,47.42],[16.5864,47.4196],[16.5866,47.419],[16.587,47.4189],[16.588,47.4191],[16.5889,47.4194],[16.5885,47.4208],[16.5914,47.4208],[16.5913,47.4214],[16.5876,47.4213],[16.5879,47.4228],[16.5889,47.4226],[16.5909,47.4229],[16.5938,47.4221],[16.5947,47.4225],[16.5945,47.4231],[16.5951,47.4225],[16.5956,47.4229],[16.5952,47.4231],[16.5957,47.4232],[16.5961,47.4227],[16.5968,47.4227],[16.5966,47.4238],[16.5996,47.4242],[16.6001,47.4247],[16.5999,47.4255],[16.6006,47.4252],[16.6011,47.4258],[16.6015,47.4254],[16.6037,47.4255],[16.6054,47.4266],[16.6055,47.4271],[16.6063,47.427],[16.6052,47.4277],[16.6061,47.4281],[16.606,47.4287],[16.6067,47.429],[16.6066,47.4294],[16.6073,47.4297],[16.6079,47.4292],[16.6091,47.4295],[16.6106,47.4311],[16.6118,47.4316],[16.6125,47.4301],[16.6131,47.4303],[16.6137,47.4301],[16.6141,47.4307],[16.6147,47.4307],[16.6144,47.4313],[16.6151,47.4315],[16.6154,47.4324],[16.617,47.4323],[16.6169,47.4313],[16.6178,47.4308],[16.6204,47.4307],[16.6225,47.4363],[16.6244,47.4375],[16.6268,47.4416],[16.6288,47.4427],[16.632,47.4437],[16.6363,47.4458],[16.6406,47.4455],[16.6462,47.4466]]]}},{"type":"Feature","properties":{"id":"1803","name":"Vas vármegye 03. OEVK","regionId":"vas","center":"Körmend"},"geometry":{"type":"Polygon","coordinates":[[[16.5168,47.1493],[16.5179,47.1513],[16.5201,47.1532],[16.5243,47.1541],[16.5266,47.1556],[16.5258,47.1571],[16.5248,47.1576],[16.5242,47.1586],[16.5225,47.1624],[16.5197,47.1655],[16.5184,47.1685],[16.5148,47.174],[16.519,47.1728],[16.5212,47.1717],[16.5256,47.1742],[16.5267,47.1754],[16.5368,47.1749],[16.5448,47.1715],[16.545,47.1694],[16.5475,47.1701],[16.5492,47.1673],[16.5506,47.1676],[16.5556,47.1708],[16.5584,47.172],[16.5606,47.1724],[16.5635,47.1721],[16.565,47.1703],[16.5769,47.1753],[16.5787,47.1734],[16.5792,47.1722],[16.5828,47.1714],[16.5847,47.1681],[16.5889,47.1659],[16.5907,47.1655],[16.5955,47.1623],[16.5981,47.1615],[16.5995,47.1617],[16.6018,47.1613],[16.6035,47.1595],[16.6048,47.1562],[16.6061,47.1548],[16.6072,47.1544],[16.6136,47.1593],[16.6142,47.1606],[16.616,47.1611],[16.6169,47.1595],[16.6146,47.1587],[16.6151,47.1578],[16.6163,47.1574],[16.6176,47.1562],[16.619,47.1564],[16.6202,47.1542],[16.6214,47.1546],[16.6224,47.1543],[16.6238,47.1545],[16.6303,47.1539],[16.6323,47.1542],[16.6338,47.1503],[16.6371,47.15],[16.6391,47.1518],[16.6483,47.1496],[16.6553,47.146],[16.6572,47.1394],[16.664,47.1388],[16.6631,47.1425],[16.6621,47.1428],[16.6628,47.1432],[16.6623,47.1437],[16.6627,47.1439],[16.6617,47.1475],[16.6662,47.1488],[16.6682,47.1476],[16.6735,47.1495],[16.6722,47.1521],[16.6831,47.1579],[16.6886,47.1607],[16.6878,47.1629],[16.6874,47.1642],[16.6837,47.1637],[16.6814,47.1642],[16.6792,47.1758],[16.6816,47.1767],[16.6774,47.1814],[16.6769,47.1843],[16.68,47.194],[16.6801,47.207],[16.6808,47.21],[16.6843,47.2093],[16.6848,47.2148],[16.6852,47.2168],[16.6858,47.2172],[16.6875,47.2193],[16.6901,47.22],[16.692,47.2211],[16.6932,47.2211],[16.6943,47.2196],[16.6955,47.219],[16.6983,47.2183],[16.7005,47.2172],[16.7043,47.2187],[16.7062,47.2185],[16.708,47.2189],[16.7114,47.2205],[16.7127,47.2198],[16.7139,47.218],[16.7162,47.2169],[16.7209,47.2166],[16.7259,47.2142],[16.7278,47.2144],[16.7303,47.2148],[16.7356,47.2133],[16.7402,47.2127],[16.7475,47.2108],[16.747,47.2061],[16.7473,47.2047],[16.748,47.2047],[16.7488,47.2018],[16.7453,47.2009],[16.7484,47.1958],[16.7491,47.1969],[16.7504,47.1974],[16.753,47.1937],[16.7579,47.1954],[16.7588,47.1941],[16.765,47.1945],[16.7644,47.1963],[16.7668,47.1992],[16.7657,47.1998],[16.7691,47.2027],[16.7687,47.203],[16.7693,47.2041],[16.7723,47.2079],[16.7727,47.2079],[16.7747,47.2117],[16.7786,47.2106],[16.7814,47.2203],[16.7835,47.2212],[16.7877,47.2217],[16.79,47.2217],[16.7932,47.2208],[16.7946,47.2216],[16.7988,47.2255],[16.8003,47.2257],[16.8034,47.2277],[16.8071,47.2282],[16.8097,47.228],[16.8152,47.2285],[16.8215,47.2311],[16.8224,47.2301],[16.8222,47.2287],[16.8239,47.224],[16.8266,47.2208],[16.8276,47.2185],[16.8316,47.2189],[16.834,47.2155],[16.8362,47.2164],[16.8394,47.2163],[16.8404,47.2149],[16.8436,47.2183],[16.846,47.2197],[16.8475,47.2214],[16.8483,47.2209],[16.8519,47.2202],[16.8531,47.2219],[16.8562,47.2241],[16.8656,47.2262],[16.8664,47.2243],[16.8702,47.2248],[16.8725,47.219],[16.8749,47.2192],[16.8737,47.2221],[16.8749,47.2221],[16.8733,47.2271],[16.8853,47.2298],[16.8868,47.2323],[16.8862,47.2345],[16.8875,47.2353],[16.8873,47.2356],[16.8897,47.236],[16.8958,47.2368],[16.8966,47.235],[16.8982,47.2346],[16.8986,47.2298],[16.9097,47.2303],[16.9155,47.2351],[16.922,47.2358],[16.9228,47.2366],[16.9252,47.2372],[16.9259,47.2368],[16.9277,47.2368],[16.9289,47.2365],[16.9292,47.235],[16.9286,47.2341],[16.9299,47.2338],[16.9303,47.2329],[16.9345,47.2325],[16.9372,47.2329],[16.9485,47.2252],[16.9605,47.2169],[16.9715,47.2167],[16.9773,47.2133],[16.9777,47.2135],[16.9902,47.2102],[16.993,47.2094],[16.9958,47.2141],[16.9926,47.2147],[16.986,47.215],[16.983,47.2188],[16.9827,47.2212],[16.9836,47.2242],[16.9847,47.2253],[16.9848,47.2263],[16.9876,47.2268],[16.9901,47.2261],[16.9987,47.2291],[16.9989,47.2289],[17.0048,47.2297],[17.0153,47.23],[17.0191,47.2309],[17.0211,47.2318],[17.0211,47.2322],[17.0259,47.2333],[17.0265,47.2329],[17.0272,47.233],[17.029,47.2336],[17.0295,47.2333],[17.0396,47.2367],[17.0423,47.2388],[17.0456,47.2394],[17.0517,47.2358],[17.0526,47.2342],[17.0533,47.2305],[17.0574,47.2314],[17.0579,47.2307],[17.0578,47.2292],[17.0565,47.2289],[17.0573,47.2261],[17.059,47.2265],[17.0588,47.227],[17.0658,47.229],[17.0674,47.2263],[17.0699,47.227],[17.0698,47.2258],[17.0685,47.2238],[17.0685,47.2184],[17.0754,47.2198],[17.0768,47.2164],[17.0776,47.216],[17.0785,47.2147],[17.0824,47.2147],[17.0831,47.2144],[17.0842,47.2127],[17.0889,47.213],[17.0917,47.2141],[17.0958,47.2161],[17.0955,47.2165],[17.1029,47.2198],[17.1055,47.2216],[17.1038,47.2243],[17.1048,47.2245],[17.1049,47.225],[17.1043,47.2263],[17.1148,47.2306],[17.116,47.2295],[17.1181,47.2288],[17.119,47.2278],[17.1199,47.2242],[17.1218,47.2207],[17.1226,47.2204],[17.1153,47.2099],[17.1172,47.2023],[17.1233,47.2029],[17.1239,47.1999],[17.1253,47.1984],[17.1296,47.1995],[17.1313,47.1957],[17.1327,47.1948],[17.1323,47.1919],[17.1392,47.193],[17.1465,47.1961],[17.1529,47.1968],[17.1536,47.198],[17.1552,47.199],[17.1573,47.2016],[17.1605,47.2024],[17.1629,47.2025],[17.1627,47.2038],[17.1873,47.2085],[17.1915,47.2098],[17.1922,47.211],[17.1944,47.211],[17.1954,47.2123],[17.2029,47.2128],[17.2065,47.2136],[17.2081,47.2106],[17.2088,47.2078],[17.2134,47.208],[17.213,47.2052],[17.2111,47.2029],[17.2088,47.1982],[17.2076,47.192],[17.2082,47.1902],[17.2092,47.1895],[17.2071,47.186],[17.208,47.1851],[17.2091,47.1802],[17.21,47.1796],[17.2075,47.1753],[17.2067,47.1747],[17.2042,47.1742],[17.2035,47.1728],[17.2012,47.1721],[17.2019,47.1696],[17.2003,47.1673],[17.1969,47.1658],[17.1957,47.1664],[17.1944,47.1641],[17.1941,47.1621],[17.1948,47.1608],[17.1946,47.1591],[17.1952,47.1587],[17.1959,47.1565],[17.1975,47.1547],[17.1964,47.1534],[17.197,47.1514],[17.1968,47.1505],[17.196,47.1497],[17.1965,47.1494],[17.1961,47.149],[17.1971,47.1476],[17.1993,47.1467],[17.1997,47.1461],[17.199,47.1456],[17.2008,47.1434],[17.1998,47.1402],[17.2006,47.1376],[17.2002,47.1369],[17.2021,47.13],[17.209,47.1187],[17.2216,47.1138],[17.2127,47.1101],[17.2107,47.1113],[17.2104,47.1085],[17.2124,47.1034],[17.2133,47.102],[17.2111,47.0998],[17.2144,47.0943],[17.2162,47.0839],[17.2153,47.0822],[17.2136,47.081],[17.2087,47.0802],[17.2008,47.0751],[17.197,47.0716],[17.1963,47.0714],[17.1952,47.0666],[17.1871,47.0659],[17.187,47.0665],[17.1853,47.0664],[17.1814,47.0686],[17.1728,47.0725],[17.1681,47.0754],[17.1664,47.0771],[17.1653,47.0797],[17.1626,47.0768],[17.1604,47.0723],[17.1593,47.0716],[17.1592,47.0716],[17.1577,47.0725],[17.157,47.0742],[17.1532,47.0788],[17.1446,47.0796],[17.1403,47.0791],[17.1346,47.075],[17.1332,47.075],[17.1313,47.0739],[17.1266,47.0729],[17.1227,47.0714],[17.1071,47.0669],[17.0987,47.0664],[17.0925,47.0642],[17.0869,47.0639],[17.0811,47.065],[17.0761,47.0654],[17.0749,47.0637],[17.0736,47.0582],[17.0736,47.0525],[17.073,47.0504],[17.0745,47.0487],[17.0732,47.0417],[17.0721,47.0388],[17.0727,47.0372],[17.0729,47.031],[17.0751,47.0252],[17.0745,47.0244],[17.0722,47.0238],[17.0663,47.0268],[17.0609,47.0285],[17.0562,47.0308],[17.0492,47.026],[17.0458,47.0245],[17.0447,47.0245],[17.0453,47.0263],[17.0428,47.0266],[17.0422,47.028],[17.0421,47.0343],[17.0374,47.0412],[17.0271,47.0381],[17.021,47.0375],[17.0211,47.038],[17.0154,47.0421],[17.0014,47.0352],[17.0028,47.0344],[17.0008,47.0331],[17.0069,47.028],[17.0104,47.0201],[17.0103,47.0191],[17.009,47.0123],[17.0096,47.0106],[17.0131,47.0065],[17.0139,47.0046],[17.0175,47.0009],[17.0201,46.9951],[17.019,46.9948],[17.018,46.9975],[17.0174,46.9976],[17.0163,47.0],[17.0148,46.9981],[17.014,46.9956],[17.0111,46.992],[17.0028,46.9899],[16.9971,46.9865],[16.9953,46.9838],[16.9895,46.9809],[16.9847,46.9805],[16.9862,46.9729],[16.9874,46.9702],[16.9901,46.971],[16.9923,46.9671],[16.9939,46.9662],[16.9912,46.9631],[16.9876,46.9646],[16.9855,46.966],[16.9832,46.9641],[16.9822,46.9621],[16.9786,46.9616],[16.9687,46.9616],[16.9659,46.9614],[16.9579,46.9623],[16.9495,46.9607],[16.945,46.9618],[16.9413,46.9611],[16.9292,46.9623],[16.9231,46.9615],[16.9232,46.9638],[16.921,46.9652],[16.9198,46.968],[16.918,46.9699],[16.9171,46.9722],[16.9134,46.9721],[16.9085,46.9725],[16.9034,46.9734],[16.8994,46.9745],[16.8963,46.9749],[16.8906,46.9727],[16.8781,46.9696],[16.8763,46.9702],[16.8732,46.9704],[16.8727,46.9711],[16.8673,46.9709],[16.8681,46.9726],[16.8651,46.9726],[16.8544,46.9708],[16.8471,46.9702],[16.843,46.9777],[16.842,46.9784],[16.8401,46.9787],[16.8377,46.9806],[16.8345,46.9797],[16.8314,46.9781],[16.8311,46.9774],[16.8283,46.9766],[16.8278,46.9755],[16.8255,46.9737],[16.824,46.9733],[16.8233,46.9721],[16.8229,46.9741],[16.8216,46.9742],[16.821,46.9755],[16.8195,46.9754],[16.8189,46.9754],[16.819,46.9749],[16.8172,46.9738],[16.8175,46.9728],[16.8168,46.9707],[16.817,46.9652],[16.8155,46.9591],[16.816,46.955],[16.8164,46.9548],[16.8163,46.953],[16.8167,46.9529],[16.8167,46.9501],[16.8134,46.9501],[16.8138,46.949],[16.8088,46.9506],[16.7861,46.9474],[16.7864,46.9403],[16.787,46.9395],[16.7863,46.9369],[16.7865,46.9319],[16.783,46.9284],[16.7797,46.9262],[16.777,46.9251],[16.7751,46.9277],[16.7652,46.9286],[16.7601,46.9287],[16.7535,46.9299],[16.7473,46.9316],[16.7417,46.9319],[16.7373,46.9327],[16.7359,46.9329],[16.7332,46.9319],[16.7334,46.9311],[16.7276,46.9307],[16.7263,46.931],[16.721,46.9299],[16.7169,46.9296],[16.7167,46.93],[16.7061,46.93],[16.7006,46.9286],[16.7002,46.9304],[16.6992,46.9315],[16.6963,46.9319],[16.6924,46.9336],[16.6908,46.9336],[16.6895,46.9346],[16.6887,46.9365],[16.688,46.9369],[16.686,46.9373],[16.6842,46.9353],[16.6824,46.9338],[16.6819,46.9339],[16.6775,46.934],[16.6666,46.933],[16.6653,46.9297],[16.6654,46.9288],[16.6627,46.9271],[16.6573,46.9256],[16.6562,46.9249],[16.6546,46.9219],[16.651,46.9207],[16.649,46.9216],[16.6431,46.9218],[16.6353,46.9247],[16.6303,46.9254],[16.6291,46.9217],[16.6236,46.9155],[16.6147,46.9078],[16.6031,46.8978],[16.6028,46.8964],[16.5961,46.8925],[16.5913,46.8904],[16.5896,46.89],[16.5912,46.89],[16.5901,46.8885],[16.5874,46.8822],[16.5859,46.882],[16.5857,46.8792],[16.5843,46.8795],[16.5829,46.8773],[16.5815,46.8775],[16.5793,46.875],[16.5826,46.871],[16.5785,46.8693],[16.5786,46.8689],[16.578,46.8687],[16.571,46.8691],[16.5672,46.8677],[16.5681,46.8663],[16.5673,46.8613],[16.5678,46.8559],[16.5659,46.8557],[16.5658,46.8564],[16.5649,46.8564],[16.5645,46.8562],[16.5646,46.8554],[16.562,46.855],[16.5623,46.8538],[16.5615,46.8531],[16.5612,46.8517],[16.5614,46.8488],[16.5623,46.8472],[16.5615,46.8472],[16.5616,46.8441],[16.5575,46.8438],[16.5564,46.8426],[16.5571,46.8397],[16.5561,46.8394],[16.5561,46.8385],[16.5541,46.8382],[16.5542,46.8375],[16.5533,46.8378],[16.5534,46.8372],[16.5526,46.8375],[16.5514,46.8373],[16.551,46.838],[16.5504,46.8378],[16.5489,46.838],[16.548,46.8387],[16.5465,46.8392],[16.547,46.8398],[16.5464,46.8401],[16.5469,46.8408],[16.5379,46.8414],[16.5364,46.8416],[16.5327,46.8405],[16.5322,46.8409],[16.5309,46.8408],[16.5303,46.8412],[16.53,46.8409],[16.5297,46.8412],[16.5291,46.8406],[16.5249,46.8392],[16.5249,46.8389],[16.5232,46.8388],[16.5228,46.8383],[16.5222,46.8386],[16.5225,46.8389],[16.5218,46.8389],[16.522,46.8383],[16.5211,46.8386],[16.5202,46.8379],[16.5205,46.8374],[16.5194,46.8375],[16.5194,46.8371],[16.5189,46.8373],[16.5183,46.8365],[16.5176,46.8368],[16.5163,46.8363],[16.5161,46.8369],[16.5161,46.8366],[16.5149,46.8366],[16.515,46.8359],[16.5143,46.8361],[16.5135,46.8359],[16.5135,46.8367],[16.5118,46.8367],[16.5114,46.8359],[16.5084,46.8349],[16.5077,46.8352],[16.5073,46.8345],[16.5067,46.8349],[16.5065,46.8344],[16.5059,46.8344],[16.506,46.8348],[16.5053,46.8347],[16.5044,46.8351],[16.5014,46.8345],[16.5019,46.8328],[16.5035,46.8301],[16.5039,46.8279],[16.5044,46.8276],[16.5058,46.8277],[16.5058,46.82],[16.5043,46.8159],[16.5068,46.8153],[16.5059,46.8122],[16.5047,46.8113],[16.5051,46.8111],[16.5044,46.8096],[16.505,46.8083],[16.5058,46.8072],[16.5032,46.8046],[16.4981,46.8032],[16.4957,46.8008],[16.4895,46.7971],[16.4848,46.7954],[16.4807,46.7948],[16.4801,46.7938],[16.4793,46.7937],[16.4779,46.7927],[16.4773,46.7914],[16.4756,46.7911],[16.4731,46.7897],[16.4677,46.7877],[16.467,46.7872],[16.4663,46.7874],[16.466,46.7868],[16.466,46.7874],[16.4654,46.7876],[16.4634,46.7866],[16.4599,46.7855],[16.4509,46.7816],[16.4432,46.7801],[16.4416,46.7786],[16.4407,46.7765],[16.44,46.776],[16.4404,46.7765],[16.4399,46.7764],[16.4376,46.7775],[16.4379,46.7786],[16.4369,46.7784],[16.4368,46.779],[16.436,46.7794],[16.4359,46.7789],[16.4352,46.7788],[16.4347,46.7791],[16.4351,46.7795],[16.4343,46.7798],[16.4333,46.7791],[16.4329,46.7791],[16.4314,46.7807],[16.4306,46.7807],[16.4304,46.7815],[16.4295,46.7813],[16.4295,46.7805],[16.4288,46.7805],[16.429,46.7812],[16.4286,46.7812],[16.428,46.7827],[16.4272,46.7829],[16.4266,46.7827],[16.427,46.7838],[16.4251,46.7836],[16.4193,46.7815],[16.4187,46.7823],[16.4181,46.7823],[16.4185,46.783],[16.4172,46.7827],[16.4175,46.7837],[16.4169,46.7836],[16.4169,46.7841],[16.416,46.7835],[16.4154,46.7837],[16.4164,46.7847],[16.4155,46.7857],[16.4143,46.785],[16.4138,46.7854],[16.414,46.7865],[16.4127,46.7861],[16.4125,46.7865],[16.4118,46.7866],[16.4121,46.7877],[16.4111,46.7874],[16.4111,46.7881],[16.4058,46.7886],[16.405,46.7879],[16.4016,46.7887],[16.3963,46.7887],[16.3943,46.7896],[16.3941,46.7893],[16.3907,46.7888],[16.3875,46.7878],[16.3807,46.7852],[16.3798,46.7834],[16.3789,46.7831],[16.3787,46.7837],[16.3783,46.7833],[16.3779,46.7806],[16.3676,46.7814],[16.3639,46.781],[16.3618,46.7802],[16.3639,46.7775],[16.3639,46.7738],[16.3648,46.7721],[16.3665,46.7707],[16.37,46.7692],[16.3742,46.7689],[16.3747,46.77],[16.3777,46.7722],[16.379,46.7726],[16.38,46.7735],[16.3817,46.7738],[16.3834,46.776],[16.3852,46.7762],[16.3861,46.7753],[16.3897,46.7767],[16.3903,46.7767],[16.3908,46.7758],[16.392,46.776],[16.3926,46.7753],[16.3963,46.7763],[16.3977,46.776],[16.399,46.7765],[16.4029,46.7756],[16.4058,46.7738],[16.4061,46.7729],[16.4058,46.7718],[16.4019,46.7689],[16.4003,46.7683],[16.3986,46.7684],[16.3965,46.7694],[16.3932,46.7644],[16.3849,46.7626],[16.3873,46.7607],[16.3864,46.7599],[16.3856,46.76],[16.3835,46.7583],[16.3889,46.7544],[16.3905,46.7498],[16.3923,46.7502],[16.3936,46.7485],[16.3911,46.7476],[16.3918,46.7451],[16.3936,46.742],[16.392,46.7407],[16.3864,46.7389],[16.3809,46.7352],[16.3799,46.7337],[16.3769,46.7315],[16.3753,46.7276],[16.372,46.7243],[16.3708,46.7222],[16.3685,46.7205],[16.3673,46.7202],[16.3677,46.7194],[16.3625,46.7167],[16.3588,46.7169],[16.3587,46.7161],[16.3571,46.7142],[16.3564,46.716],[16.3544,46.7181],[16.3527,46.722],[16.3526,46.7229],[16.3536,46.7248],[16.3509,46.7243],[16.3472,46.7245],[16.3501,46.7267],[16.3503,46.7293],[16.3492,46.7324],[16.3464,46.7353],[16.3467,46.7361],[16.3454,46.7363],[16.3427,46.7372],[16.3428,46.7375],[16.3399,46.7418],[16.3344,46.7437],[16.3334,46.7449],[16.3324,46.7486],[16.3303,46.7486],[16.329,46.7494],[16.3251,46.7502],[16.3254,46.7511],[16.323,46.7511],[16.323,46.7528],[16.3186,46.7541],[16.3186,46.7554],[16.3197,46.756],[16.3201,46.7567],[16.3206,46.7567],[16.3218,46.7583],[16.3212,46.7595],[16.3226,46.7633],[16.3222,46.7646],[16.3263,46.7675],[16.3284,46.7708],[16.3293,46.775],[16.3305,46.7752],[16.33,46.7779],[16.3296,46.7781],[16.3231,46.7773],[16.3192,46.7775],[16.3173,46.7772],[16.3122,46.778],[16.3123,46.7795],[16.3113,46.7824],[16.311,46.7852],[16.3115,46.7883],[16.3125,46.7908],[16.3122,46.7921],[16.313,46.794],[16.3128,46.7973],[16.313,46.7977],[16.3154,46.7977],[16.3156,46.7986],[16.3164,46.799],[16.3164,46.7995],[16.3172,46.7997],[16.3179,46.8006],[16.3198,46.8003],[16.3229,46.8011],[16.3257,46.8012],[16.3276,46.8021],[16.3292,46.8017],[16.334,46.802],[16.3349,46.8027],[16.3399,46.804],[16.3408,46.8058],[16.3406,46.8091],[16.3414,46.8111],[16.3414,46.8136],[16.3404,46.8139],[16.3406,46.8145],[16.34,46.8147],[16.3407,46.8196],[16.3403,46.8218],[16.3437,46.8219],[16.3435,46.8243],[16.3446,46.8297],[16.3506,46.8298],[16.3508,46.83],[16.3506,46.8324],[16.3482,46.8356],[16.3484,46.8381],[16.3477,46.8407],[16.344,46.8425],[16.3432,46.8432],[16.3412,46.8426],[16.3391,46.8431],[16.3405,46.8452],[16.3403,46.8469],[16.3397,46.8464],[16.3373,46.8464],[16.3357,46.8467],[16.3296,46.8446],[16.3291,46.846],[16.3278,46.8475],[16.3265,46.8479],[16.3245,46.85],[16.3214,46.8517],[16.3186,46.8562],[16.3171,46.8567],[16.3144,46.8562],[16.3085,46.8564],[16.3076,46.8566],[16.3083,46.8573],[16.3087,46.8594],[16.3056,46.8595],[16.3057,46.8599],[16.3015,46.8595],[16.2996,46.8618],[16.2996,46.8629],[16.2981,46.8626],[16.2977,46.8663],[16.2959,46.8683],[16.2951,46.8705],[16.2914,46.8728],[16.2855,46.8728],[16.283,46.8723],[16.2812,46.8726],[16.2768,46.8718],[16.2747,46.8723],[16.2708,46.8724],[16.2671,46.8717],[16.2653,46.8718],[16.2593,46.8726],[16.2518,46.8744],[16.2462,46.8745],[16.2417,46.8763],[16.2374,46.8763],[16.2328,46.8766],[16.2312,46.8758],[16.2277,46.8734],[16.2267,46.871],[16.2252,46.8719],[16.2206,46.8698],[16.2178,46.8695],[16.2158,46.8685],[16.2126,46.8693],[16.2093,46.8697],[16.2037,46.8693],[16.2004,46.8681],[16.1965,46.8667],[16.1895,46.8665],[16.1856,46.8657],[16.1833,46.8645],[16.181,46.8619],[16.18,46.86],[16.1764,46.8573],[16.1753,46.8571],[16.1731,46.8584],[16.1654,46.8601],[16.1644,46.8595],[16.1625,46.8593],[16.1605,46.857],[16.1561,46.8537],[16.1513,46.8552],[16.1505,46.856],[16.15,46.8556],[16.1492,46.8557],[16.1485,46.8546],[16.1431,46.855],[16.1401,46.8548],[16.1369,46.8565],[16.1345,46.856],[16.132,46.8572],[16.13,46.8567],[16.1266,46.8569],[16.1244,46.862],[16.1249,46.8629],[16.124,46.8631],[16.1222,46.8626],[16.1222,46.8635],[16.1216,46.8639],[16.1189,46.8632],[16.1171,46.8636],[16.1167,46.8644],[16.117,46.867],[16.1152,46.8678],[16.1139,46.8691],[16.1155,46.8703],[16.1174,46.8708],[16.1187,46.8719],[16.1218,46.8726],[16.124,46.8719],[16.1249,46.8733],[16.1266,46.8733],[16.1292,46.8748],[16.1332,46.8758],[16.1338,46.8764],[16.1341,46.878],[16.1366,46.88],[16.1365,46.8808],[16.1376,46.882],[16.1387,46.8852],[16.14,46.8856],[16.1423,46.885],[16.1452,46.8861],[16.1484,46.8901],[16.1487,46.8931],[16.154,46.8937],[16.1534,46.8964],[16.1558,46.8964],[16.1585,46.8973],[16.1581,46.8979],[16.159,46.9005],[16.1602,46.9019],[16.1621,46.9023],[16.162,46.9033],[16.163,46.9049],[16.1654,46.9044],[16.1677,46.9032],[16.1687,46.9043],[16.17,46.9034],[16.1712,46.9035],[16.172,46.9047],[16.174,46.9059],[16.1747,46.906],[16.1757,46.9054],[16.1778,46.906],[16.1792,46.9067],[16.1791,46.9074],[16.1802,46.9097],[16.1805,46.9125],[16.1816,46.9148],[16.1839,46.9185],[16.1867,46.9207],[16.1867,46.9217],[16.1877,46.9223],[16.1886,46.9256],[16.1896,46.9266],[16.1897,46.9276],[16.1903,46.9277],[16.1905,46.93],[16.1917,46.9303],[16.1926,46.9314],[16.1926,46.9324],[16.1936,46.9341],[16.1934,46.9356],[16.1953,46.9377],[16.1947,46.9378],[16.1958,46.939],[16.1975,46.9391],[16.1977,46.9403],[16.1989,46.9402],[16.1999,46.9418],[16.2032,46.9422],[16.2036,46.9419],[16.2035,46.9422],[16.2059,46.9425],[16.2063,46.942],[16.2056,46.9415],[16.2066,46.9415],[16.2068,46.941],[16.2068,46.9404],[16.2063,46.94],[16.2072,46.939],[16.2082,46.9389],[16.2094,46.9402],[16.2106,46.9405],[16.2094,46.9419],[16.21,46.9425],[16.211,46.9418],[16.2107,46.9414],[16.2116,46.9411],[16.2118,46.9403],[16.2138,46.9407],[16.2138,46.9397],[16.2147,46.9404],[16.2159,46.9391],[16.2165,46.9391],[16.2171,46.9397],[16.2172,46.9408],[16.2178,46.9407],[16.2182,46.9381],[16.2174,46.9361],[16.2221,46.9356],[16.2221,46.9363],[16.2231,46.9375],[16.2227,46.9386],[16.2241,46.9402],[16.2251,46.9398],[16.227,46.9406],[16.2271,46.9415],[16.2291,46.9413],[16.2284,46.9432],[16.232,46.9428],[16.2323,46.942],[16.2334,46.9425],[16.2333,46.9437],[16.2339,46.945],[16.2369,46.9457],[16.2376,46.9469],[16.2396,46.9472],[16.2442,46.9461],[16.2456,46.9467],[16.245,46.9491],[16.2462,46.9496],[16.247,46.9491],[16.2428,46.956],[16.2494,46.9613],[16.2553,46.9642],[16.2566,46.9638],[16.2592,46.9639],[16.2593,46.9642],[16.2631,46.9636],[16.2664,46.9626],[16.2693,46.9612],[16.272,46.9624],[16.2723,46.9619],[16.2744,46.9619],[16.2764,46.9626],[16.2775,46.9688],[16.2769,46.9724],[16.2771,46.9752],[16.2765,46.9762],[16.2766,46.9782],[16.2758,46.9812],[16.2758,46.9841],[16.2771,46.9878],[16.2784,46.9882],[16.2801,46.99],[16.2835,46.9975],[16.2819,46.9993],[16.2827,47.0042],[16.2855,47.008],[16.2868,47.0108],[16.2901,47.0139],[16.2926,47.0139],[16.2931,47.0128],[16.2949,47.0124],[16.2967,47.0104],[16.2986,47.0095],[16.2994,47.0084],[16.2987,47.0058],[16.2994,47.005],[16.2984,47.0046],[16.2986,47.0014],[16.3023,46.9984],[16.3041,46.9983],[16.3061,46.9989],[16.3106,46.9992],[16.313,47.0001],[16.3159,47.0003],[16.3186,47.001],[16.3225,47.0026],[16.3242,47.0024],[16.3276,47.0005],[16.3328,46.9993],[16.3357,46.9979],[16.3417,46.9962],[16.3434,46.9967],[16.3441,46.9981],[16.3428,46.999],[16.345,47.0012],[16.3446,47.0016],[16.3454,47.0022],[16.3442,47.0031],[16.3438,47.0039],[16.346,47.0063],[16.3478,47.0075],[16.3482,47.0096],[16.3498,47.0104],[16.3537,47.008],[16.3556,47.0075],[16.3596,47.0056],[16.3607,47.0057],[16.3611,47.0066],[16.3641,47.0074],[16.3673,47.0063],[16.3681,47.0049],[16.3677,47.0042],[16.3725,46.9985],[16.374,46.9986],[16.3764,47.0001],[16.3794,46.9993],[16.3799,46.9987],[16.3817,46.9993],[16.3831,46.9988],[16.3878,47.0012],[16.3896,47.0016],[16.3928,47.0032],[16.3952,47.0036],[16.3973,47.0034],[16.3996,47.004],[16.4,47.0033],[16.4043,47.0042],[16.4108,47.004],[16.4126,47.0047],[16.417,47.0014],[16.419,46.9971],[16.4199,46.9963],[16.4225,46.9948],[16.4245,46.9946],[16.4269,46.9932],[16.4324,46.9927],[16.4351,46.9934],[16.4392,46.993],[16.4421,46.9934],[16.4455,46.9932],[16.447,46.9993],[16.4461,47.0025],[16.4466,47.0031],[16.4478,47.0036],[16.4487,47.0032],[16.4501,47.0039],[16.4513,47.0034],[16.4515,47.0043],[16.4525,47.004],[16.4526,47.0032],[16.4545,47.0034],[16.4542,47.0026],[16.4562,47.0019],[16.4564,47.0011],[16.4582,47.0014],[16.4586,47.0007],[16.4592,47.0006],[16.4594,47.0019],[16.46,47.0017],[16.4604,47.0014],[16.4601,47.0003],[16.4618,46.9998],[16.4616,46.9986],[16.4626,46.9984],[16.4629,46.9974],[16.4637,46.9971],[16.4645,46.9977],[16.466,46.9972],[16.4661,46.9983],[16.4679,46.9976],[16.4691,46.998],[16.4701,46.9972],[16.4707,46.9978],[16.4719,46.997],[16.4738,46.9974],[16.4742,46.9961],[16.4777,46.9951],[16.4786,46.9953],[16.4779,46.9945],[16.4791,46.9943],[16.4788,46.9939],[16.4801,46.9941],[16.4809,46.995],[16.4819,46.9943],[16.4837,46.9942],[16.4858,46.9952],[16.4868,46.9958],[16.4873,46.9973],[16.4888,46.9974],[16.4885,46.9988],[16.4898,46.9995],[16.4892,47.0004],[16.4917,46.9995],[16.4935,46.9999],[16.4937,46.999],[16.497,46.9982],[16.5015,46.9993],[16.5024,47.0001],[16.5026,47.0014],[16.5037,47.0009],[16.5041,47.0018],[16.5048,47.0015],[16.505,47.0006],[16.5056,47.0003],[16.506,47.0016],[16.5068,47.0013],[16.5066,47.0007],[16.5079,47.0013],[16.5097,47.0004],[16.511,47.0007],[16.5105,47.0011],[16.5108,47.0013],[16.5123,47.0009],[16.5123,47.0035],[16.5087,47.0034],[16.5071,47.0047],[16.5042,47.007],[16.4965,47.0101],[16.4926,47.0101],[16.4912,47.0123],[16.4896,47.0127],[16.4888,47.0133],[16.4885,47.0146],[16.4867,47.0152],[16.4864,47.0166],[16.4836,47.018],[16.4838,47.0186],[16.4831,47.0187],[16.4838,47.0198],[16.4823,47.0212],[16.4822,47.0227],[16.4777,47.0213],[16.4751,47.0273],[16.4722,47.0283],[16.4705,47.028],[16.4694,47.029],[16.4675,47.0298],[16.4662,47.0312],[16.465,47.0305],[16.4636,47.0322],[16.4593,47.0306],[16.4478,47.0227],[16.4451,47.0254],[16.4389,47.0297],[16.4441,47.0344],[16.4402,47.0359],[16.4405,47.0364],[16.4437,47.0382],[16.448,47.0395],[16.4512,47.0401],[16.4562,47.0403],[16.4588,47.0428],[16.461,47.0429],[16.4613,47.0433],[16.4652,47.0433],[16.4658,47.0439],[16.4674,47.043],[16.4687,47.0432],[16.4709,47.0442],[16.4713,47.045],[16.4729,47.0454],[16.4731,47.0461],[16.4758,47.0468],[16.4841,47.0479],[16.4844,47.047],[16.4861,47.0471],[16.4885,47.0478],[16.4936,47.0485],[16.4936,47.0491],[16.4949,47.0492],[16.4978,47.0485],[16.5005,47.05],[16.5009,47.0507],[16.5033,47.0505],[16.5037,47.0502],[16.5067,47.0495],[16.5121,47.0518],[16.5156,47.0544],[16.5206,47.0562],[16.5202,47.0565],[16.5209,47.057],[16.5205,47.0615],[16.5142,47.0641],[16.5101,47.0663],[16.5031,47.0682],[16.5002,47.0697],[16.4983,47.0702],[16.4959,47.0702],[16.4958,47.0705],[16.4944,47.0701],[16.494,47.0706],[16.4921,47.0701],[16.4916,47.0706],[16.4911,47.0705],[16.487,47.0689],[16.4863,47.0704],[16.4847,47.07],[16.4837,47.0716],[16.4843,47.0718],[16.4839,47.0724],[16.4827,47.0721],[16.4826,47.0741],[16.4834,47.0742],[16.4825,47.075],[16.4748,47.0741],[16.4729,47.0735],[16.4722,47.076],[16.471,47.0769],[16.4708,47.0782],[16.4718,47.081],[16.4723,47.0811],[16.472,47.0815],[16.4726,47.0816],[16.4727,47.0812],[16.4735,47.0811],[16.4739,47.0817],[16.4736,47.0819],[16.4747,47.0853],[16.4727,47.0871],[16.4708,47.0868],[16.4705,47.0872],[16.469,47.0877],[16.4684,47.0883],[16.4684,47.0897],[16.466,47.0893],[16.4664,47.0911],[16.4633,47.095],[16.4664,47.0957],[16.4646,47.0989],[16.4726,47.1005],[16.4717,47.1021],[16.4748,47.1052],[16.4777,47.1014],[16.4848,47.1026],[16.4829,47.1088],[16.5007,47.1102],[16.4999,47.1234],[16.5095,47.1239],[16.5155,47.1247],[16.5221,47.1263],[16.5293,47.1272],[16.5288,47.1373],[16.5266,47.1369],[16.5226,47.14],[16.5196,47.1459],[16.5168,47.1493]]]}},{"type":"Feature","properties":{"id":"1901","name":"Veszprém vármegye 01. OEVK","regionId":"veszprem","center":"Veszprém"},"geometry":{"type":"Polygon","coordinates":[[[18.0222,47.3392],[18.0262,47.3366],[18.029,47.3341],[18.0357,47.3343],[18.04,47.3257],[18.0426,47.3236],[18.0479,47.3206],[18.0509,47.3202],[18.0518,47.3205],[18.056,47.3203],[18.0574,47.3206],[18.0603,47.3198],[18.0642,47.3197],[18.0648,47.3195],[18.065,47.3188],[18.0658,47.3188],[18.0654,47.3169],[18.0638,47.3149],[18.0596,47.3129],[18.0587,47.3117],[18.0575,47.311],[18.0541,47.3104],[18.0487,47.3071],[18.0471,47.3054],[18.0465,47.3026],[18.0464,47.3016],[18.0475,47.2998],[18.0474,47.297],[18.0501,47.2935],[18.0499,47.2907],[18.0506,47.2889],[18.0505,47.284],[18.0538,47.2813],[18.053,47.2801],[18.0542,47.2783],[18.0564,47.2786],[18.0601,47.2784],[18.0632,47.2799],[18.0657,47.2803],[18.0679,47.279],[18.075,47.2797],[18.0783,47.2773],[18.0807,47.2724],[18.0827,47.271],[18.0851,47.2683],[18.0897,47.2647],[18.0919,47.2584],[18.093,47.257],[18.0966,47.256],[18.099,47.2539],[18.1027,47.252],[18.1055,47.2495],[18.1025,47.2471],[18.0997,47.2459],[18.0946,47.2449],[18.0887,47.2422],[18.0824,47.2416],[18.0782,47.2408],[18.0791,47.2387],[18.0787,47.2375],[18.079,47.2356],[18.0811,47.2307],[18.0852,47.2275],[18.0838,47.2266],[18.0831,47.2254],[18.0786,47.2233],[18.0788,47.2221],[18.0848,47.2154],[18.0854,47.2138],[18.084,47.2044],[18.082,47.1996],[18.0995,47.1717],[18.099,47.1698],[18.1029,47.1679],[18.1091,47.1662],[18.1112,47.1664],[18.1101,47.1644],[18.1085,47.1551],[18.1079,47.1539],[18.1075,47.1538],[18.1081,47.1538],[18.1108,47.1552],[18.1114,47.1553],[18.1128,47.1559],[18.121,47.155],[18.1254,47.1529],[18.126,47.148],[18.1247,47.145],[18.116,47.1444],[18.1115,47.145],[18.1096,47.1459],[18.1083,47.1469],[18.0966,47.1502],[18.0789,47.1436],[18.0785,47.1392],[18.0801,47.1363],[18.0808,47.1321],[18.0851,47.1299],[18.087,47.1283],[18.1007,47.1153],[18.1023,47.1133],[18.0989,47.1077],[18.0983,47.1074],[18.0961,47.1081],[18.0948,47.1077],[18.0952,47.1062],[18.0944,47.105],[18.0778,47.0957],[18.0748,47.0953],[18.0742,47.0965],[18.0721,47.0987],[18.0626,47.0939],[18.0578,47.0921],[18.0494,47.0903],[18.0448,47.091],[18.0426,47.0926],[18.0427,47.0929],[18.0408,47.0947],[18.0377,47.0919],[18.0365,47.092],[18.0346,47.0927],[18.027,47.0907],[18.0266,47.0914],[18.0319,47.0968],[18.0281,47.0982],[18.0265,47.1017],[18.022,47.1056],[18.0201,47.1066],[18.0201,47.1079],[18.0161,47.108],[18.0163,47.1084],[18.0134,47.1083],[18.0066,47.1091],[18.004,47.1087],[17.9994,47.109],[17.9978,47.1086],[17.9959,47.1091],[17.9898,47.1086],[17.9877,47.1042],[17.9871,47.1017],[17.9888,47.0981],[17.99,47.0972],[17.9874,47.0961],[17.9885,47.0922],[17.9872,47.0881],[17.9878,47.0846],[17.9887,47.0841],[17.9856,47.0824],[17.9844,47.0799],[17.9656,47.0809],[17.9469,47.0833],[17.9432,47.083],[17.9421,47.0805],[17.9421,47.077],[17.9432,47.0742],[17.9417,47.0702],[17.9408,47.0688],[17.9379,47.0672],[17.938,47.0646],[17.9363,47.0626],[17.9355,47.0621],[17.9312,47.0615],[17.9312,47.0565],[17.9322,47.0531],[17.9327,47.0488],[17.9252,47.0475],[17.9229,47.0473],[17.9192,47.0465],[17.9153,47.0463],[17.9125,47.0467],[17.9084,47.046],[17.9024,47.0448],[17.8965,47.0505],[17.8937,47.0484],[17.8941,47.0483],[17.8921,47.0473],[17.8926,47.0465],[17.8913,47.0459],[17.8919,47.0454],[17.8898,47.0438],[17.888,47.0445],[17.8878,47.0432],[17.8848,47.0405],[17.8676,47.029],[17.8602,47.025],[17.8589,47.0255],[17.8462,47.0261],[17.8434,47.0282],[17.8395,47.0296],[17.8378,47.0316],[17.8365,47.0329],[17.834,47.037],[17.8285,47.0415],[17.8237,47.0478],[17.8199,47.0503],[17.8151,47.0559],[17.7989,47.0632],[17.7998,47.0667],[17.7996,47.0713],[17.7973,47.0682],[17.7914,47.0647],[17.7881,47.064],[17.783,47.0638],[17.7792,47.0627],[17.7693,47.061],[17.7586,47.057],[17.7566,47.0573],[17.7473,47.0606],[17.746,47.0605],[17.7452,47.0597],[17.7447,47.0576],[17.7451,47.0549],[17.744,47.0521],[17.7463,47.0478],[17.7362,47.0498],[17.7358,47.0514],[17.7321,47.0506],[17.7289,47.0552],[17.7107,47.0491],[17.7023,47.0615],[17.6839,47.0553],[17.6796,47.0614],[17.6703,47.0583],[17.6657,47.0644],[17.6571,47.0615],[17.6506,47.0703],[17.6528,47.0712],[17.6517,47.0734],[17.6447,47.0725],[17.6439,47.075],[17.6423,47.0747],[17.6421,47.0736],[17.6398,47.0718],[17.6374,47.0708],[17.638,47.0702],[17.6219,47.0647],[17.6203,47.0691],[17.6235,47.0702],[17.6257,47.0742],[17.623,47.0761],[17.622,47.0773],[17.62,47.0779],[17.6186,47.0777],[17.6167,47.0776],[17.6126,47.0796],[17.6207,47.0844],[17.6243,47.0855],[17.6274,47.0857],[17.6232,47.0926],[17.6339,47.0951],[17.6315,47.0975],[17.6312,47.0996],[17.6295,47.1011],[17.6403,47.1031],[17.6316,47.1076],[17.6267,47.1094],[17.6145,47.1151],[17.6111,47.1135],[17.6092,47.1161],[17.6081,47.1169],[17.607,47.1166],[17.6058,47.1172],[17.5991,47.1251],[17.5968,47.1268],[17.5964,47.1267],[17.5979,47.1249],[17.5938,47.1253],[17.5931,47.1243],[17.592,47.1247],[17.5944,47.129],[17.5955,47.1345],[17.5954,47.1379],[17.5965,47.1411],[17.5972,47.147],[17.6019,47.1479],[17.6017,47.1485],[17.603,47.1487],[17.6021,47.1568],[17.5982,47.1538],[17.5945,47.1541],[17.5881,47.1556],[17.5852,47.1559],[17.583,47.1568],[17.5825,47.1577],[17.5784,47.1558],[17.5783,47.158],[17.5773,47.1588],[17.5768,47.1604],[17.577,47.1625],[17.5777,47.1632],[17.5783,47.1656],[17.5796,47.1666],[17.5748,47.1748],[17.579,47.1758],[17.5748,47.1831],[17.5838,47.1854],[17.5832,47.1868],[17.5901,47.1886],[17.5913,47.1892],[17.5916,47.1885],[17.594,47.1862],[17.5951,47.1861],[17.5951,47.1857],[17.5964,47.1853],[17.5991,47.1868],[17.5988,47.1876],[17.5999,47.1874],[17.5999,47.1881],[17.6004,47.1878],[17.6012,47.1883],[17.6007,47.1889],[17.6028,47.1892],[17.6026,47.1897],[17.6036,47.1899],[17.6034,47.1904],[17.6042,47.1904],[17.6049,47.1907],[17.6053,47.1913],[17.6049,47.1917],[17.6065,47.1916],[17.6069,47.1921],[17.6075,47.1916],[17.6079,47.1924],[17.6083,47.1919],[17.6092,47.1919],[17.6106,47.1912],[17.6094,47.1905],[17.6115,47.1874],[17.6209,47.1872],[17.6416,47.1926],[17.6417,47.1927],[17.674,47.2082],[17.6752,47.2083],[17.677,47.2092],[17.6774,47.2128],[17.6784,47.2144],[17.6801,47.2141],[17.6818,47.2146],[17.6826,47.2142],[17.6827,47.2144],[17.6844,47.2143],[17.6849,47.2145],[17.6854,47.2163],[17.6858,47.2162],[17.6855,47.2165],[17.6861,47.2169],[17.6855,47.2172],[17.6865,47.2177],[17.6867,47.2175],[17.6874,47.2182],[17.6895,47.2173],[17.6899,47.2169],[17.6895,47.216],[17.6904,47.2153],[17.6907,47.2155],[17.6908,47.2149],[17.6914,47.2149],[17.6911,47.2145],[17.692,47.2141],[17.6921,47.2136],[17.6927,47.2137],[17.6928,47.2132],[17.6932,47.2133],[17.6937,47.212],[17.6946,47.2116],[17.6944,47.2112],[17.6952,47.2117],[17.6967,47.2112],[17.6966,47.2116],[17.6973,47.2113],[17.6983,47.212],[17.6995,47.2119],[17.6993,47.2123],[17.6997,47.2122],[17.7001,47.2127],[17.701,47.2127],[17.7005,47.2131],[17.7008,47.2138],[17.7011,47.2136],[17.7016,47.2138],[17.7019,47.2149],[17.701,47.2156],[17.7016,47.2158],[17.7012,47.2164],[17.7022,47.2167],[17.7014,47.2172],[17.7022,47.2176],[17.7018,47.218],[17.7025,47.2181],[17.7023,47.2185],[17.7017,47.2185],[17.7026,47.2189],[17.7019,47.2194],[17.7029,47.2198],[17.7028,47.2202],[17.7037,47.2207],[17.7037,47.2222],[17.7042,47.2218],[17.7042,47.2225],[17.7051,47.2221],[17.7074,47.2232],[17.7083,47.2231],[17.7088,47.2224],[17.7094,47.2224],[17.7098,47.2232],[17.7103,47.2232],[17.7096,47.2238],[17.7105,47.2237],[17.7107,47.224],[17.7098,47.2242],[17.7111,47.2243],[17.7104,47.2249],[17.7109,47.2251],[17.7116,47.2248],[17.7122,47.2256],[17.7131,47.2256],[17.7135,47.2266],[17.7137,47.2261],[17.7146,47.2264],[17.7146,47.2261],[17.7151,47.2261],[17.7149,47.2267],[17.7157,47.2269],[17.7154,47.2278],[17.716,47.2277],[17.7167,47.2281],[17.719,47.2275],[17.7191,47.2278],[17.7196,47.2277],[17.7202,47.228],[17.7212,47.2274],[17.7221,47.2275],[17.723,47.2272],[17.7212,47.2256],[17.7242,47.2237],[17.7299,47.219],[17.7219,47.2141],[17.7285,47.2092],[17.7494,47.2224],[17.7432,47.2269],[17.7534,47.2326],[17.7592,47.228],[17.7531,47.2244],[17.7621,47.2175],[17.7642,47.2187],[17.7727,47.2122],[17.7804,47.2168],[17.7882,47.2108],[17.7878,47.2105],[17.7913,47.2079],[17.7902,47.2029],[17.7949,47.2003],[17.7955,47.2008],[17.7943,47.2014],[17.7931,47.2039],[17.7961,47.2061],[17.7987,47.2044],[17.8038,47.2081],[17.8043,47.2075],[17.8075,47.2087],[17.8054,47.2114],[17.8082,47.2117],[17.8084,47.2114],[17.8095,47.2114],[17.8167,47.2126],[17.8202,47.211],[17.8221,47.2111],[17.8272,47.2074],[17.8286,47.2079],[17.828,47.2096],[17.828,47.2104],[17.8285,47.2107],[17.8321,47.2094],[17.8332,47.2105],[17.8345,47.2107],[17.8359,47.212],[17.839,47.2125],[17.8396,47.2131],[17.8504,47.2104],[17.8637,47.2154],[17.8658,47.2166],[17.8718,47.2207],[17.8741,47.2234],[17.877,47.2249],[17.8829,47.2261],[17.8833,47.2269],[17.8826,47.2285],[17.8828,47.2289],[17.8895,47.2307],[17.8886,47.231],[17.8854,47.2333],[17.8901,47.2371],[17.8936,47.2385],[17.891,47.2453],[17.8934,47.2454],[17.9047,47.2545],[17.905,47.2558],[17.9011,47.2576],[17.8967,47.2603],[17.8949,47.2626],[17.9051,47.2666],[17.9097,47.2631],[17.9121,47.2627],[17.9131,47.262],[17.916,47.2623],[17.9172,47.2619],[17.9174,47.2624],[17.9183,47.2617],[17.9187,47.262],[17.9203,47.2615],[17.9212,47.2621],[17.9233,47.2618],[17.924,47.2622],[17.9254,47.2619],[17.9274,47.2624],[17.9293,47.264],[17.9294,47.2651],[17.931,47.2649],[17.9302,47.2634],[17.929,47.2619],[17.9262,47.2605],[17.9305,47.258],[17.9351,47.26],[17.9348,47.2631],[17.9359,47.2642],[17.9357,47.2645],[17.9368,47.2648],[17.9373,47.2646],[17.9384,47.2653],[17.9393,47.2653],[17.9401,47.2661],[17.941,47.266],[17.9418,47.2664],[17.9417,47.2671],[17.9426,47.2685],[17.9414,47.2694],[17.9417,47.2698],[17.9425,47.2698],[17.9446,47.2711],[17.9454,47.2706],[17.9482,47.2703],[17.9449,47.2775],[17.9407,47.279],[17.9388,47.2804],[17.9347,47.2781],[17.9286,47.2798],[17.9319,47.2868],[17.9217,47.2896],[17.9204,47.2866],[17.9198,47.2874],[17.9163,47.2886],[17.9125,47.2893],[17.9093,47.2911],[17.9097,47.2914],[17.9055,47.2977],[17.9055,47.2985],[17.9049,47.2993],[17.9059,47.3008],[17.9059,47.3021],[17.9047,47.3043],[17.9052,47.3044],[17.9051,47.3047],[17.9023,47.3076],[17.9022,47.31],[17.9022,47.3115],[17.9017,47.3118],[17.9046,47.3147],[17.9046,47.3168],[17.9056,47.3172],[17.9057,47.3204],[17.9047,47.3212],[17.9051,47.3214],[17.9048,47.3218],[17.906,47.3228],[17.9071,47.3226],[17.9086,47.3235],[17.9093,47.3236],[17.911,47.323],[17.912,47.3242],[17.9138,47.3246],[17.9128,47.3253],[17.9131,47.3274],[17.9123,47.3276],[17.912,47.3269],[17.9106,47.3272],[17.9099,47.3289],[17.9114,47.3313],[17.9127,47.3314],[17.9137,47.3324],[17.9156,47.3327],[17.9165,47.3321],[17.9171,47.3323],[17.9181,47.3318],[17.9202,47.3318],[17.9213,47.3325],[17.9226,47.3323],[17.9226,47.3325],[17.9251,47.3326],[17.9257,47.3322],[17.9251,47.3311],[17.9256,47.3297],[17.9279,47.3287],[17.9297,47.3265],[17.9328,47.326],[17.9393,47.3274],[17.9432,47.3297],[17.9463,47.33],[17.9509,47.3334],[17.9542,47.333],[17.9557,47.3334],[17.9612,47.3335],[17.9626,47.333],[17.9628,47.3336],[17.9669,47.3378],[17.9715,47.3391],[17.9734,47.3385],[17.975,47.3374],[17.9802,47.3383],[17.9831,47.3371],[17.986,47.3373],[17.9883,47.337],[17.9921,47.336],[17.9943,47.3336],[18.0008,47.3372],[18.0032,47.3379],[18.0055,47.3375],[18.0108,47.3376],[18.0163,47.3396],[18.0197,47.3395],[18.0222,47.3392]]]}},{"type":"Feature","properties":{"id":"1902","name":"Veszprém vármegye 02. OEVK","regionId":"veszprem","center":"Balatonfüred"},"geometry":{"type":"Polygon","coordinates":[[[18.1621,47.2593],[18.1672,47.2566],[18.1686,47.2548],[18.1712,47.2529],[18.1705,47.2524],[18.1691,47.2495],[18.1704,47.2444],[18.1732,47.2392],[18.1787,47.237],[18.1806,47.2355],[18.1834,47.2325],[18.1961,47.2238],[18.1963,47.2227],[18.2166,47.2246],[18.2167,47.2232],[18.2186,47.2212],[18.2194,47.2196],[18.2205,47.2185],[18.2227,47.2173],[18.2243,47.2134],[18.2245,47.2088],[18.2252,47.2067],[18.225,47.2061],[18.2215,47.2036],[18.2229,47.1986],[18.2206,47.1814],[18.2272,47.1734],[18.2172,47.1736],[18.2213,47.1662],[18.22,47.1657],[18.2144,47.1647],[18.2119,47.1638],[18.2152,47.1433],[18.2229,47.1237],[18.2236,47.1153],[18.2225,47.1104],[18.2233,47.1057],[18.2258,47.1012],[18.2293,47.1],[18.2323,47.0976],[18.2335,47.0959],[18.2343,47.0934],[18.2275,47.0921],[18.2204,47.0891],[18.2153,47.0877],[18.2067,47.0804],[18.2031,47.0791],[18.2057,47.0736],[18.2065,47.0681],[18.2089,47.0643],[18.2104,47.0595],[18.2109,47.0559],[18.2126,47.0528],[18.2129,47.0499],[18.2125,47.0485],[18.2205,47.0423],[18.2282,47.0333],[18.2303,47.0332],[18.234,47.0292],[18.2388,47.0196],[18.2457,47.021],[18.2534,47.0234],[18.2553,47.0243],[18.2583,47.0249],[18.2587,47.025],[18.2607,47.0231],[18.2607,47.0221],[18.2617,47.02],[18.2469,47.0163],[18.247,47.0154],[18.2453,47.0149],[18.2384,47.0139],[18.2346,47.0138],[18.2349,47.0107],[18.2342,47.0108],[18.2303,47.0054],[18.2276,47.003],[18.2258,47.0029],[18.2246,47.0024],[18.2193,47.0024],[18.2158,47.0015],[18.2123,46.9993],[18.2115,46.9982],[18.2109,46.9955],[18.2102,46.9893],[18.2088,46.9883],[18.2063,46.9827],[18.206,46.9717],[18.2052,46.9716],[18.2009,46.9778],[18.1924,46.9852],[18.193,46.985],[18.1891,46.9897],[18.181,46.9883],[18.1804,46.9889],[18.1808,46.9892],[18.1758,46.9936],[18.17,46.9952],[18.17,46.9938],[18.1693,46.9946],[18.1673,46.9946],[18.1686,46.9962],[18.1682,46.9969],[18.1672,46.9972],[18.1672,46.9973],[18.0666,46.9697],[18.0557,46.964],[18.0556,46.964],[18.0476,46.9598],[18.0432,46.958],[18.0416,46.9573],[18.0316,46.9531],[18.0074,46.9439],[17.9757,46.9334],[17.9748,46.9332],[17.9703,46.9321],[17.9452,46.9272],[17.9233,46.9211],[17.9076,46.9159],[17.9124,46.9073],[17.9103,46.8941],[17.9012,46.8856],[17.889,46.8799],[17.8802,46.8784],[17.879,46.8783],[17.8782,46.8781],[17.8696,46.8798],[17.8541,46.8844],[17.8415,46.8775],[17.8342,46.8741],[17.8147,46.865],[17.8019,46.8589],[17.7885,46.8536],[17.7643,46.8471],[17.7326,46.841],[17.7296,46.8404],[17.6986,46.8287],[17.6684,46.8125],[17.6673,46.812],[17.6368,46.8408],[17.6371,46.841],[17.6358,46.8426],[17.6363,46.8444],[17.637,46.8454],[17.6394,46.8473],[17.6381,46.8511],[17.6378,46.8555],[17.636,46.8587],[17.6366,46.8614],[17.6403,46.8684],[17.6439,46.8729],[17.6416,46.8755],[17.6264,46.8686],[17.6274,46.8675],[17.6238,46.865],[17.6167,46.8699],[17.6155,46.8714],[17.6037,46.8665],[17.6032,46.8674],[17.5923,46.8637],[17.592,46.8664],[17.5885,46.8651],[17.5854,46.8667],[17.5847,46.8715],[17.5902,46.8741],[17.5889,46.874],[17.5881,46.8772],[17.5848,46.8778],[17.5854,46.8801],[17.584,46.8796],[17.5847,46.8811],[17.5839,46.8826],[17.5805,46.8821],[17.5798,46.8837],[17.5794,46.8837],[17.5792,46.8859],[17.5769,46.8861],[17.5765,46.887],[17.5779,46.8875],[17.5799,46.8876],[17.5841,46.8871],[17.583,46.8896],[17.5841,46.8897],[17.5845,46.8905],[17.5849,46.8904],[17.5853,46.8893],[17.5862,46.8888],[17.5867,46.889],[17.5866,46.8896],[17.5876,46.8898],[17.5874,46.891],[17.5879,46.8911],[17.5859,46.8949],[17.5887,46.8991],[17.5908,46.9008],[17.5919,46.9034],[17.5949,46.9072],[17.5955,46.9086],[17.5932,46.9143],[17.5968,46.922],[17.5998,46.9268],[17.5989,46.9318],[17.6015,46.9357],[17.6024,46.9358],[17.607,46.9388],[17.6261,46.9413],[17.6306,46.942],[17.6376,46.9455],[17.642,46.946],[17.6477,46.9475],[17.6478,46.9479],[17.6501,46.9471],[17.6509,46.9472],[17.6485,46.9492],[17.6493,46.9522],[17.6488,46.9573],[17.651,46.9631],[17.6508,46.9663],[17.6619,46.9678],[17.6634,46.9663],[17.6683,46.9627],[17.6728,46.961],[17.6763,46.9621],[17.6826,46.9625],[17.6825,46.9627],[17.6852,46.9635],[17.6848,46.9647],[17.686,46.9649],[17.6859,46.9652],[17.688,46.9662],[17.6874,46.9672],[17.6908,46.9676],[17.6908,46.9685],[17.6926,46.9717],[17.6949,46.9756],[17.6958,46.9763],[17.7003,46.9752],[17.7014,46.9745],[17.7034,46.9722],[17.7067,46.9763],[17.7074,46.9785],[17.7103,46.9795],[17.7113,46.9806],[17.7134,46.9815],[17.7148,46.9819],[17.7159,46.9813],[17.717,46.9815],[17.7171,46.9857],[17.7178,46.986],[17.7188,46.9855],[17.7208,46.986],[17.722,46.986],[17.7269,46.9873],[17.7342,46.9921],[17.7367,46.9943],[17.7384,46.9945],[17.734,46.9975],[17.7369,46.9993],[17.7406,46.9997],[17.7419,47.0003],[17.7451,47.0024],[17.75,47.0075],[17.756,47.0106],[17.7501,47.018],[17.745,47.0272],[17.7429,47.0326],[17.7438,47.0396],[17.7449,47.0412],[17.7463,47.0478],[17.744,47.0521],[17.7451,47.0549],[17.7447,47.0576],[17.7452,47.0597],[17.746,47.0605],[17.7473,47.0606],[17.7566,47.0573],[17.7586,47.057],[17.7693,47.061],[17.7792,47.0627],[17.783,47.0638],[17.7881,47.064],[17.7914,47.0647],[17.7973,47.0682],[17.7996,47.0713],[17.7998,47.0667],[17.7989,47.0632],[17.8151,47.0559],[17.8199,47.0503],[17.8237,47.0478],[17.8285,47.0415],[17.834,47.037],[17.8365,47.0329],[17.8378,47.0316],[17.8395,47.0296],[17.8434,47.0282],[17.8462,47.0261],[17.8589,47.0255],[17.8602,47.025],[17.8676,47.029],[17.8848,47.0405],[17.8878,47.0432],[17.888,47.0445],[17.8898,47.0438],[17.8919,47.0454],[17.8913,47.0459],[17.8926,47.0465],[17.8921,47.0473],[17.8941,47.0483],[17.8937,47.0484],[17.8965,47.0505],[17.9024,47.0448],[17.9084,47.046],[17.9125,47.0467],[17.9153,47.0463],[17.9192,47.0465],[17.9229,47.0473],[17.9252,47.0475],[17.9327,47.0488],[17.9322,47.0531],[17.9312,47.0565],[17.9312,47.0615],[17.9355,47.0621],[17.9363,47.0626],[17.938,47.0646],[17.9379,47.0672],[17.9408,47.0688],[17.9417,47.0702],[17.9432,47.0742],[17.9421,47.077],[17.9421,47.0805],[17.9432,47.083],[17.9469,47.0833],[17.9656,47.0809],[17.9844,47.0799],[17.9856,47.0824],[17.9887,47.0841],[17.9878,47.0846],[17.9872,47.0881],[17.9885,47.0922],[17.9874,47.0961],[17.99,47.0972],[17.9888,47.0981],[17.9871,47.1017],[17.9877,47.1042],[17.9898,47.1086],[17.9959,47.1091],[17.9978,47.1086],[17.9994,47.109],[18.004,47.1087],[18.0066,47.1091],[18.0134,47.1083],[18.0163,47.1084],[18.0161,47.108],[18.0201,47.1079],[18.0201,47.1066],[18.022,47.1056],[18.0265,47.1017],[18.0281,47.0982],[18.0319,47.0968],[18.0266,47.0914],[18.027,47.0907],[18.0346,47.0927],[18.0365,47.092],[18.0377,47.0919],[18.0408,47.0947],[18.0427,47.0929],[18.0426,47.0926],[18.0448,47.091],[18.0494,47.0903],[18.0578,47.0921],[18.0626,47.0939],[18.0721,47.0987],[18.0742,47.0965],[18.0748,47.0953],[18.0778,47.0957],[18.0944,47.105],[18.0952,47.1062],[18.0948,47.1077],[18.0961,47.1081],[18.0983,47.1074],[18.0989,47.1077],[18.1023,47.1133],[18.1007,47.1153],[18.087,47.1283],[18.0851,47.1299],[18.0808,47.1321],[18.0801,47.1363],[18.0785,47.1392],[18.0789,47.1436],[18.0966,47.1502],[18.1083,47.1469],[18.1096,47.1459],[18.1115,47.145],[18.116,47.1444],[18.1247,47.145],[18.126,47.148],[18.1254,47.1529],[18.121,47.155],[18.1128,47.1559],[18.1114,47.1553],[18.1108,47.1552],[18.1081,47.1538],[18.1075,47.1538],[18.1079,47.1539],[18.1085,47.1551],[18.1101,47.1644],[18.1112,47.1664],[18.1091,47.1662],[18.1029,47.1679],[18.099,47.1698],[18.0995,47.1717],[18.082,47.1996],[18.084,47.2044],[18.0854,47.2138],[18.0848,47.2154],[18.0788,47.2221],[18.0786,47.2233],[18.0831,47.2254],[18.0838,47.2266],[18.0852,47.2275],[18.0811,47.2307],[18.079,47.2356],[18.0787,47.2375],[18.0791,47.2387],[18.0782,47.2408],[18.0824,47.2416],[18.0887,47.2422],[18.0946,47.2449],[18.0997,47.2459],[18.1025,47.2471],[18.1055,47.2495],[18.1089,47.2492],[18.1124,47.2505],[18.1156,47.2511],[18.1216,47.2545],[18.1307,47.2588],[18.1331,47.259],[18.134,47.2583],[18.1352,47.2584],[18.1368,47.26],[18.1371,47.261],[18.1423,47.2635],[18.1456,47.2644],[18.1573,47.2641],[18.1621,47.2593]]]}},{"type":"Feature","properties":{"id":"1903","name":"Veszprém vármegye 03. OEVK","regionId":"veszprem","center":"Tapolca"},"geometry":{"type":"Polygon","coordinates":[[[17.5945,47.1541],[17.5982,47.1538],[17.6021,47.1568],[17.603,47.1487],[17.6017,47.1485],[17.6019,47.1479],[17.5972,47.147],[17.5965,47.1411],[17.5954,47.1379],[17.5955,47.1345],[17.5944,47.129],[17.592,47.1247],[17.5931,47.1243],[17.5938,47.1253],[17.5979,47.1249],[17.5964,47.1267],[17.5968,47.1268],[17.5991,47.1251],[17.6058,47.1172],[17.607,47.1166],[17.6081,47.1169],[17.6092,47.1161],[17.6111,47.1135],[17.6145,47.1151],[17.6267,47.1094],[17.6316,47.1076],[17.6403,47.1031],[17.6295,47.1011],[17.6312,47.0996],[17.6315,47.0975],[17.6339,47.0951],[17.6232,47.0926],[17.6274,47.0857],[17.6243,47.0855],[17.6207,47.0844],[17.6126,47.0796],[17.6167,47.0776],[17.6186,47.0777],[17.62,47.0779],[17.622,47.0773],[17.623,47.0761],[17.6257,47.0742],[17.6235,47.0702],[17.6203,47.0691],[17.6219,47.0647],[17.638,47.0702],[17.6374,47.0708],[17.6398,47.0718],[17.6421,47.0736],[17.6423,47.0747],[17.6439,47.075],[17.6447,47.0725],[17.6517,47.0734],[17.6528,47.0712],[17.6506,47.0703],[17.6571,47.0615],[17.6657,47.0644],[17.6703,47.0583],[17.6796,47.0614],[17.6839,47.0553],[17.7023,47.0615],[17.7107,47.0491],[17.7289,47.0552],[17.7321,47.0506],[17.7358,47.0514],[17.7362,47.0498],[17.7463,47.0478],[17.7449,47.0412],[17.7438,47.0396],[17.7429,47.0326],[17.745,47.0272],[17.7501,47.018],[17.756,47.0106],[17.75,47.0075],[17.7451,47.0024],[17.7419,47.0003],[17.7406,46.9997],[17.7369,46.9993],[17.734,46.9975],[17.7384,46.9945],[17.7367,46.9943],[17.7342,46.9921],[17.7269,46.9873],[17.722,46.986],[17.7208,46.986],[17.7188,46.9855],[17.7178,46.986],[17.7171,46.9857],[17.717,46.9815],[17.7159,46.9813],[17.7148,46.9819],[17.7134,46.9815],[17.7113,46.9806],[17.7103,46.9795],[17.7074,46.9785],[17.7067,46.9763],[17.7034,46.9722],[17.7014,46.9745],[17.7003,46.9752],[17.6958,46.9763],[17.6949,46.9756],[17.6926,46.9717],[17.6908,46.9685],[17.6908,46.9676],[17.6874,46.9672],[17.688,46.9662],[17.6859,46.9652],[17.686,46.9649],[17.6848,46.9647],[17.6852,46.9635],[17.6825,46.9627],[17.6826,46.9625],[17.6763,46.9621],[17.6728,46.961],[17.6683,46.9627],[17.6634,46.9663],[17.6619,46.9678],[17.6508,46.9663],[17.651,46.9631],[17.6488,46.9573],[17.6493,46.9522],[17.6485,46.9492],[17.6509,46.9472],[17.6501,46.9471],[17.6478,46.9479],[17.6477,46.9475],[17.642,46.946],[17.6376,46.9455],[17.6306,46.942],[17.6261,46.9413],[17.607,46.9388],[17.6024,46.9358],[17.6015,46.9357],[17.5989,46.9318],[17.5998,46.9268],[17.5968,46.922],[17.5932,46.9143],[17.5955,46.9086],[17.5949,46.9072],[17.5919,46.9034],[17.5908,46.9008],[17.5887,46.8991],[17.5859,46.8949],[17.5879,46.8911],[17.5874,46.891],[17.5876,46.8898],[17.5866,46.8896],[17.5867,46.889],[17.5862,46.8888],[17.5853,46.8893],[17.5849,46.8904],[17.5845,46.8905],[17.5841,46.8897],[17.583,46.8896],[17.5841,46.8871],[17.5799,46.8876],[17.5779,46.8875],[17.5765,46.887],[17.5769,46.8861],[17.5792,46.8859],[17.5794,46.8837],[17.5798,46.8837],[17.5805,46.8821],[17.5839,46.8826],[17.5847,46.8811],[17.584,46.8796],[17.5854,46.8801],[17.5848,46.8778],[17.5881,46.8772],[17.5889,46.874],[17.5902,46.8741],[17.5847,46.8715],[17.5854,46.8667],[17.5885,46.8651],[17.592,46.8664],[17.5923,46.8637],[17.6032,46.8674],[17.6037,46.8665],[17.6155,46.8714],[17.6167,46.8699],[17.6238,46.865],[17.6274,46.8675],[17.6264,46.8686],[17.6416,46.8755],[17.6439,46.8729],[17.6403,46.8684],[17.6366,46.8614],[17.636,46.8587],[17.6378,46.8555],[17.6381,46.8511],[17.6394,46.8473],[17.637,46.8454],[17.6363,46.8444],[17.6358,46.8426],[17.6371,46.841],[17.6368,46.8408],[17.6673,46.812],[17.6401,46.8053],[17.6249,46.8016],[17.604,46.7943],[17.5542,46.7778],[17.5338,46.7715],[17.5233,46.7671],[17.5092,46.759],[17.4919,46.753],[17.485,46.7519],[17.4783,46.752],[17.4748,46.753],[17.465,46.7529],[17.4537,46.7487],[17.4455,46.7478],[17.4364,46.7488],[17.4191,46.7507],[17.4172,46.7574],[17.3806,46.7819],[17.3729,46.7853],[17.3679,46.7901],[17.3658,46.7907],[17.3611,46.793],[17.3592,46.7949],[17.3595,46.7983],[17.3562,46.8067],[17.3545,46.8093],[17.3536,46.813],[17.3527,46.8142],[17.3475,46.8183],[17.3456,46.8183],[17.3444,46.8187],[17.3389,46.8225],[17.3364,46.8258],[17.3289,46.8286],[17.3254,46.829],[17.3251,46.8303],[17.3255,46.8349],[17.3259,46.8358],[17.3273,46.8364],[17.3253,46.8396],[17.3245,46.8422],[17.3256,46.8458],[17.3289,46.8486],[17.3297,46.8498],[17.3296,46.8518],[17.3303,46.8534],[17.3301,46.8542],[17.3334,46.8556],[17.3348,46.8578],[17.3333,46.8586],[17.3321,46.8601],[17.3316,46.8621],[17.3333,46.8633],[17.3318,46.8643],[17.3306,46.867],[17.3269,46.8696],[17.3217,46.8699],[17.3191,46.8718],[17.3192,46.8729],[17.3172,46.876],[17.3177,46.877],[17.3212,46.878],[17.3247,46.8798],[17.326,46.8807],[17.326,46.8813],[17.3267,46.8842],[17.3264,46.8869],[17.3216,46.8933],[17.319,46.8938],[17.3178,46.8945],[17.317,46.8943],[17.3155,46.8947],[17.3147,46.8943],[17.3097,46.8958],[17.3094,46.8964],[17.3075,46.8979],[17.306,46.8978],[17.3046,46.8982],[17.3036,46.9005],[17.3038,46.9022],[17.3034,46.9023],[17.303,46.9035],[17.3045,46.9058],[17.3032,46.9075],[17.3,46.9098],[17.2995,46.9107],[17.2972,46.9122],[17.2958,46.9137],[17.293,46.9146],[17.2878,46.9174],[17.2841,46.9201],[17.2821,46.9206],[17.2782,46.9203],[17.2759,46.9207],[17.2702,46.9184],[17.2688,46.9181],[17.2675,46.9166],[17.2668,46.9165],[17.2647,46.9174],[17.2613,46.918],[17.2578,46.9166],[17.2557,46.9163],[17.2533,46.9189],[17.2514,46.9194],[17.2482,46.9194],[17.2467,46.9191],[17.2466,46.9187],[17.2433,46.9185],[17.2415,46.9179],[17.2379,46.9183],[17.2345,46.9194],[17.2305,46.9199],[17.2293,46.9225],[17.2278,46.9239],[17.2273,46.927],[17.2257,46.9295],[17.2255,46.9306],[17.2282,46.9319],[17.2288,46.9348],[17.2315,46.9349],[17.2326,46.9398],[17.2333,46.9409],[17.2351,46.941],[17.2352,46.9415],[17.2382,46.942],[17.2395,46.9426],[17.2391,46.9434],[17.2394,46.9446],[17.2413,46.9448],[17.2403,46.9472],[17.2413,46.9474],[17.238,46.9544],[17.2493,46.9566],[17.2475,46.9608],[17.2453,46.9659],[17.2432,46.9672],[17.2447,46.9682],[17.2459,46.9698],[17.2421,46.9721],[17.2405,46.9749],[17.2365,46.9781],[17.2343,46.9769],[17.2296,46.9808],[17.2307,46.983],[17.23,46.9854],[17.2317,46.9858],[17.2309,46.9869],[17.2292,46.9877],[17.2277,46.9905],[17.2252,46.9914],[17.2248,46.9922],[17.2209,46.9953],[17.2176,46.9949],[17.2161,46.9962],[17.2099,46.9984],[17.2068,47.0015],[17.2086,47.0024],[17.2061,47.0055],[17.2054,47.0054],[17.2045,47.0044],[17.2048,47.0031],[17.2034,47.0017],[17.1988,46.9983],[17.1965,46.9981],[17.1942,46.9987],[17.1905,46.9986],[17.1886,46.9981],[17.1833,46.9958],[17.1817,46.9973],[17.1802,46.998],[17.1795,46.9993],[17.1783,46.9976],[17.1778,46.9959],[17.1761,46.9963],[17.1759,46.9961],[17.1739,46.9974],[17.1739,46.9988],[17.1732,46.9991],[17.1657,46.9984],[17.1622,46.9985],[17.1595,46.9991],[17.153,46.9997],[17.1483,47.0008],[17.1467,47.0007],[17.1438,46.9997],[17.1432,46.9999],[17.1419,47.0027],[17.1422,47.0046],[17.1423,47.0095],[17.1429,47.0121],[17.1422,47.0145],[17.1378,47.0134],[17.1356,47.0152],[17.1261,47.0161],[17.1217,47.0183],[17.1157,47.0231],[17.1135,47.0265],[17.1123,47.0273],[17.1057,47.0301],[17.0856,47.0409],[17.0828,47.0442],[17.0792,47.0466],[17.0745,47.0487],[17.073,47.0504],[17.0736,47.0525],[17.0736,47.0582],[17.0749,47.0637],[17.0761,47.0654],[17.0811,47.065],[17.0869,47.0639],[17.0925,47.0642],[17.0987,47.0664],[17.1071,47.0669],[17.1227,47.0714],[17.1266,47.0729],[17.1313,47.0739],[17.1332,47.075],[17.1346,47.075],[17.1403,47.0791],[17.1446,47.0796],[17.1532,47.0788],[17.157,47.0742],[17.1577,47.0725],[17.1592,47.0716],[17.1593,47.0716],[17.1604,47.0723],[17.1626,47.0768],[17.1653,47.0797],[17.1664,47.0771],[17.1681,47.0754],[17.1728,47.0725],[17.1814,47.0686],[17.1853,47.0664],[17.187,47.0665],[17.1871,47.0659],[17.1952,47.0666],[17.1963,47.0714],[17.197,47.0716],[17.2008,47.0751],[17.2087,47.0802],[17.2136,47.081],[17.2153,47.0822],[17.2162,47.0839],[17.2144,47.0943],[17.2111,47.0998],[17.2133,47.102],[17.2124,47.1034],[17.2104,47.1085],[17.2107,47.1113],[17.2127,47.1101],[17.2216,47.1138],[17.2234,47.1132],[17.2274,47.1137],[17.2282,47.113],[17.2329,47.1146],[17.2359,47.1142],[17.2407,47.1135],[17.246,47.1094],[17.2513,47.1097],[17.2515,47.1085],[17.2521,47.1079],[17.2578,47.1049],[17.2608,47.1028],[17.2618,47.1031],[17.2631,47.1024],[17.2665,47.1024],[17.2674,47.1013],[17.269,47.1015],[17.2708,47.1026],[17.2742,47.0979],[17.2832,47.1006],[17.2864,47.0961],[17.2914,47.0968],[17.294,47.0902],[17.2988,47.0889],[17.3025,47.0889],[17.3043,47.0881],[17.308,47.0876],[17.3111,47.0868],[17.3163,47.0865],[17.3169,47.0861],[17.3196,47.0861],[17.3249,47.0867],[17.3255,47.084],[17.3374,47.0803],[17.3435,47.0793],[17.3454,47.0793],[17.3523,47.0809],[17.3528,47.0806],[17.3557,47.081],[17.3583,47.082],[17.3586,47.0826],[17.3635,47.0837],[17.3792,47.0845],[17.3892,47.0846],[17.3895,47.0826],[17.3892,47.0801],[17.387,47.0779],[17.3869,47.0737],[17.3906,47.0695],[17.3903,47.0676],[17.3912,47.0633],[17.3925,47.0608],[17.3927,47.0592],[17.3968,47.0579],[17.4009,47.0572],[17.4013,47.0532],[17.404,47.053],[17.407,47.0538],[17.4089,47.0532],[17.4117,47.0531],[17.4177,47.0567],[17.4223,47.0584],[17.4264,47.0605],[17.4336,47.062],[17.4406,47.0651],[17.4608,47.0705],[17.4634,47.0708],[17.469,47.0679],[17.4719,47.0646],[17.4741,47.0612],[17.4779,47.0514],[17.4781,47.0497],[17.4819,47.0432],[17.4793,47.0369],[17.4797,47.0363],[17.4854,47.0344],[17.4982,47.0335],[17.4994,47.0344],[17.504,47.0349],[17.5066,47.0377],[17.5103,47.0397],[17.5168,47.0416],[17.5187,47.0438],[17.5201,47.0441],[17.5218,47.0452],[17.5222,47.0464],[17.5263,47.0474],[17.5253,47.0518],[17.5236,47.0561],[17.5259,47.0615],[17.5287,47.0639],[17.5295,47.0649],[17.5286,47.065],[17.5221,47.0698],[17.5207,47.0704],[17.5117,47.081],[17.5111,47.0813],[17.5127,47.0818],[17.512,47.0833],[17.5078,47.0836],[17.5062,47.0845],[17.5092,47.0857],[17.5071,47.0884],[17.5042,47.0907],[17.4992,47.0927],[17.4952,47.0942],[17.4939,47.1077],[17.5072,47.1222],[17.5134,47.1272],[17.5187,47.1248],[17.521,47.1241],[17.5226,47.1245],[17.5231,47.124],[17.5272,47.1257],[17.5353,47.1254],[17.5313,47.13],[17.5303,47.1319],[17.5327,47.1334],[17.5317,47.1358],[17.5316,47.1436],[17.5294,47.1493],[17.5296,47.1522],[17.533,47.1518],[17.5372,47.1522],[17.5424,47.1539],[17.5529,47.1549],[17.5541,47.1507],[17.5581,47.1502],[17.5591,47.1505],[17.5592,47.15],[17.561,47.1503],[17.5623,47.151],[17.567,47.1511],[17.5707,47.1532],[17.5784,47.1558],[17.5825,47.1577],[17.583,47.1568],[17.5852,47.1559],[17.5881,47.1556],[17.5945,47.1541]]]}},{"type":"Feature","properties":{"id":"1904","name":"Veszprém vármegye 04. OEVK","regionId":"veszprem","center":"Pápa"},"geometry":{"type":"Polygon","coordinates":[[[17.3912,47.4825],[17.3978,47.4817],[17.4084,47.4821],[17.4142,47.4807],[17.4226,47.4781],[17.4231,47.4778],[17.4206,47.4756],[17.4228,47.4741],[17.4205,47.4718],[17.4188,47.4691],[17.4188,47.4672],[17.4206,47.4665],[17.4233,47.4643],[17.4268,47.4573],[17.4319,47.4532],[17.435,47.4522],[17.4374,47.4508],[17.4383,47.4511],[17.4438,47.4506],[17.4436,47.4471],[17.4473,47.4408],[17.4457,47.4386],[17.4459,47.4357],[17.4442,47.4314],[17.4481,47.4291],[17.4584,47.4242],[17.4635,47.4292],[17.4654,47.4277],[17.4734,47.4262],[17.4798,47.4239],[17.4821,47.4226],[17.49,47.4292],[17.4979,47.4327],[17.499,47.4323],[17.501,47.435],[17.503,47.4348],[17.5077,47.4409],[17.505,47.443],[17.5038,47.4447],[17.517,47.459],[17.5156,47.4588],[17.5175,47.4594],[17.526,47.4687],[17.5277,47.4674],[17.5286,47.4657],[17.5282,47.4635],[17.5325,47.4586],[17.5366,47.456],[17.5382,47.454],[17.5407,47.4522],[17.5489,47.4484],[17.5565,47.4437],[17.5582,47.4413],[17.5617,47.4426],[17.5651,47.4445],[17.5657,47.4457],[17.5676,47.4458],[17.5706,47.4466],[17.5742,47.4482],[17.5757,47.4481],[17.5815,47.4517],[17.5809,47.4528],[17.582,47.4533],[17.5807,47.4542],[17.5803,47.454],[17.5796,47.4548],[17.5789,47.4574],[17.577,47.4599],[17.5791,47.4614],[17.5786,47.4622],[17.5832,47.4648],[17.5883,47.469],[17.5936,47.4659],[17.5988,47.4621],[17.6033,47.4557],[17.6199,47.4652],[17.63,47.4549],[17.6324,47.4559],[17.634,47.4541],[17.6418,47.4573],[17.643,47.4559],[17.6407,47.4512],[17.6414,47.4518],[17.6451,47.4524],[17.6493,47.4537],[17.653,47.4555],[17.6573,47.4569],[17.659,47.4556],[17.6593,47.456],[17.6601,47.4557],[17.662,47.456],[17.6631,47.4568],[17.6634,47.4576],[17.663,47.4605],[17.6635,47.4624],[17.6644,47.4628],[17.6648,47.4635],[17.6628,47.4665],[17.6643,47.4673],[17.6644,47.4684],[17.6685,47.4705],[17.6694,47.4712],[17.6695,47.4719],[17.6736,47.4723],[17.6747,47.4722],[17.6765,47.4706],[17.6799,47.469],[17.6818,47.4664],[17.6877,47.4695],[17.6902,47.4675],[17.6966,47.4698],[17.6962,47.4704],[17.7028,47.4731],[17.7046,47.4704],[17.707,47.4683],[17.7083,47.4672],[17.7098,47.4677],[17.712,47.4651],[17.7094,47.4644],[17.7105,47.4623],[17.7007,47.4542],[17.7036,47.4495],[17.7109,47.4526],[17.7126,47.4511],[17.7141,47.4518],[17.7134,47.4527],[17.7158,47.4537],[17.7169,47.4527],[17.719,47.4536],[17.7228,47.4486],[17.7268,47.4499],[17.7273,47.4495],[17.7316,47.4514],[17.7219,47.4614],[17.7258,47.4632],[17.7254,47.4636],[17.7267,47.4641],[17.7262,47.4646],[17.7267,47.4648],[17.7258,47.4689],[17.7271,47.4693],[17.7277,47.4671],[17.729,47.4658],[17.7319,47.4672],[17.7297,47.4694],[17.7375,47.4729],[17.7542,47.4564],[17.7594,47.4492],[17.7618,47.442],[17.7601,47.4407],[17.7601,47.4401],[17.7624,47.4358],[17.7699,47.4301],[17.7705,47.4269],[17.7723,47.4265],[17.7749,47.4234],[17.777,47.4225],[17.7788,47.4206],[17.7811,47.4167],[17.7841,47.4133],[17.7871,47.4051],[17.7811,47.4015],[17.7782,47.3989],[17.7767,47.3992],[17.7784,47.3975],[17.7784,47.3967],[17.7803,47.3958],[17.7838,47.3925],[17.7849,47.3893],[17.7834,47.3886],[17.7798,47.3885],[17.777,47.3861],[17.7689,47.3825],[17.7646,47.3841],[17.7641,47.3813],[17.7646,47.3789],[17.7655,47.3776],[17.7579,47.37],[17.7536,47.3647],[17.7521,47.3639],[17.7501,47.3617],[17.7451,47.3606],[17.7437,47.3594],[17.742,47.3588],[17.7408,47.3586],[17.7396,47.3592],[17.7352,47.3579],[17.7343,47.3585],[17.7279,47.3568],[17.7258,47.3547],[17.7244,47.3515],[17.726,47.3504],[17.725,47.3487],[17.7255,47.3467],[17.7175,47.3409],[17.7239,47.3366],[17.7257,47.3347],[17.7286,47.3299],[17.7302,47.3256],[17.728,47.3249],[17.7279,47.3243],[17.729,47.3221],[17.7308,47.3208],[17.7351,47.3192],[17.739,47.3169],[17.7401,47.3169],[17.7411,47.3177],[17.745,47.3175],[17.7467,47.3179],[17.7498,47.3162],[17.7512,47.3168],[17.7539,47.3158],[17.7553,47.3144],[17.7558,47.313],[17.7567,47.3121],[17.7569,47.31],[17.7601,47.3052],[17.7599,47.2949],[17.759,47.2928],[17.7592,47.2917],[17.7585,47.2889],[17.7623,47.2856],[17.7631,47.2837],[17.7647,47.2826],[17.7656,47.2825],[17.7669,47.2804],[17.7668,47.2776],[17.7651,47.274],[17.7652,47.2729],[17.7676,47.2722],[17.7686,47.273],[17.7686,47.2735],[17.77,47.2733],[17.7707,47.2738],[17.7705,47.2741],[17.7718,47.2744],[17.7723,47.2741],[17.773,47.2745],[17.773,47.2741],[17.7734,47.274],[17.7737,47.2746],[17.7743,47.2747],[17.7739,47.2755],[17.7742,47.2759],[17.7748,47.2758],[17.775,47.276],[17.7758,47.2757],[17.777,47.2759],[17.7772,47.2767],[17.7778,47.2765],[17.7777,47.2771],[17.7782,47.2769],[17.7777,47.2774],[17.779,47.2783],[17.7817,47.2775],[17.7824,47.2784],[17.7838,47.2782],[17.7865,47.279],[17.7849,47.2816],[17.7821,47.2836],[17.7804,47.2861],[17.7809,47.2884],[17.7825,47.2909],[17.7824,47.2929],[17.7822,47.2946],[17.7803,47.2967],[17.7779,47.3005],[17.7782,47.303],[17.7798,47.308],[17.7771,47.3139],[17.7772,47.3153],[17.7775,47.3169],[17.7802,47.3229],[17.784,47.3241],[17.7877,47.3269],[17.789,47.3254],[17.7897,47.3233],[17.7933,47.3238],[17.7957,47.3236],[17.7989,47.3248],[17.8002,47.3248],[17.8022,47.3237],[17.8068,47.3226],[17.8076,47.3221],[17.8126,47.3243],[17.8153,47.3246],[17.8183,47.3241],[17.8206,47.3244],[17.8217,47.3251],[17.8222,47.3283],[17.8203,47.3318],[17.8213,47.332],[17.826,47.3352],[17.826,47.3361],[17.8289,47.3387],[17.8292,47.3402],[17.8311,47.3407],[17.8311,47.3419],[17.8319,47.3425],[17.8317,47.3438],[17.8325,47.3444],[17.8355,47.3444],[17.8359,47.3452],[17.8348,47.3459],[17.833,47.3462],[17.8338,47.3483],[17.8329,47.3493],[17.8332,47.351],[17.8322,47.3517],[17.8305,47.3515],[17.8313,47.3529],[17.8301,47.3533],[17.8297,47.3544],[17.8282,47.3552],[17.8275,47.3567],[17.8251,47.3579],[17.8246,47.3603],[17.8264,47.3609],[17.8264,47.3619],[17.8287,47.363],[17.8331,47.3638],[17.8343,47.3656],[17.8339,47.3668],[17.839,47.3685],[17.8408,47.3705],[17.8458,47.3735],[17.8494,47.3763],[17.8552,47.379],[17.8568,47.3802],[17.8602,47.3796],[17.8636,47.3796],[17.8653,47.3791],[17.8692,47.3792],[17.8772,47.3809],[17.878,47.382],[17.8796,47.3821],[17.8804,47.3844],[17.8839,47.3896],[17.8954,47.3844],[17.8993,47.3832],[17.9051,47.3826],[17.9082,47.3844],[17.9118,47.388],[17.915,47.3894],[17.9211,47.3894],[17.9228,47.3891],[17.928,47.3871],[17.9338,47.3883],[17.9379,47.3861],[17.9418,47.3816],[17.9451,47.3813],[17.9469,47.3799],[17.9467,47.3784],[17.9487,47.3789],[17.9487,47.3773],[17.9509,47.3706],[17.9503,47.3695],[17.9466,47.3672],[17.9378,47.3664],[17.9343,47.3657],[17.9302,47.3644],[17.9269,47.3627],[17.9271,47.3618],[17.9293,47.3622],[17.9308,47.3629],[17.9353,47.3627],[17.9383,47.3614],[17.939,47.3607],[17.9452,47.3592],[17.9547,47.3539],[17.9562,47.3526],[17.9574,47.3507],[17.9612,47.3477],[17.961,47.3462],[17.9621,47.345],[17.9607,47.3416],[17.9627,47.3396],[17.9623,47.3378],[17.9629,47.3367],[17.9612,47.3335],[17.9557,47.3334],[17.9542,47.333],[17.9509,47.3334],[17.9463,47.33],[17.9432,47.3297],[17.9393,47.3274],[17.9328,47.326],[17.9297,47.3265],[17.9279,47.3287],[17.9256,47.3297],[17.9251,47.3311],[17.9257,47.3322],[17.9251,47.3326],[17.9226,47.3325],[17.9226,47.3323],[17.9213,47.3325],[17.9202,47.3318],[17.9181,47.3318],[17.9171,47.3323],[17.9165,47.3321],[17.9156,47.3327],[17.9137,47.3324],[17.9127,47.3314],[17.9114,47.3313],[17.9099,47.3289],[17.9106,47.3272],[17.912,47.3269],[17.9123,47.3276],[17.9131,47.3274],[17.9128,47.3253],[17.9138,47.3246],[17.912,47.3242],[17.911,47.323],[17.9093,47.3236],[17.9086,47.3235],[17.9071,47.3226],[17.906,47.3228],[17.9048,47.3218],[17.9051,47.3214],[17.9047,47.3212],[17.9057,47.3204],[17.9056,47.3172],[17.9046,47.3168],[17.9046,47.3147],[17.9017,47.3118],[17.9022,47.3115],[17.9022,47.31],[17.9023,47.3076],[17.9051,47.3047],[17.9052,47.3044],[17.9047,47.3043],[17.9059,47.3021],[17.9059,47.3008],[17.9049,47.2993],[17.9055,47.2985],[17.9055,47.2977],[17.9097,47.2914],[17.9093,47.2911],[17.9125,47.2893],[17.9163,47.2886],[17.9198,47.2874],[17.9204,47.2866],[17.9217,47.2896],[17.9319,47.2868],[17.9286,47.2798],[17.9347,47.2781],[17.9388,47.2804],[17.9407,47.279],[17.9449,47.2775],[17.9482,47.2703],[17.9454,47.2706],[17.9446,47.2711],[17.9425,47.2698],[17.9417,47.2698],[17.9414,47.2694],[17.9426,47.2685],[17.9417,47.2671],[17.9418,47.2664],[17.941,47.266],[17.9401,47.2661],[17.9393,47.2653],[17.9384,47.2653],[17.9373,47.2646],[17.9368,47.2648],[17.9357,47.2645],[17.9359,47.2642],[17.9348,47.2631],[17.9351,47.26],[17.9305,47.258],[17.9262,47.2605],[17.929,47.2619],[17.9302,47.2634],[17.931,47.2649],[17.9294,47.2651],[17.9293,47.264],[17.9274,47.2624],[17.9254,47.2619],[17.924,47.2622],[17.9233,47.2618],[17.9212,47.2621],[17.9203,47.2615],[17.9187,47.262],[17.9183,47.2617],[17.9174,47.2624],[17.9172,47.2619],[17.916,47.2623],[17.9131,47.262],[17.9121,47.2627],[17.9097,47.2631],[17.9051,47.2666],[17.8949,47.2626],[17.8967,47.2603],[17.9011,47.2576],[17.905,47.2558],[17.9047,47.2545],[17.8934,47.2454],[17.891,47.2453],[17.8936,47.2385],[17.8901,47.2371],[17.8854,47.2333],[17.8886,47.231],[17.8895,47.2307],[17.8828,47.2289],[17.8826,47.2285],[17.8833,47.2269],[17.8829,47.2261],[17.877,47.2249],[17.8741,47.2234],[17.8718,47.2207],[17.8658,47.2166],[17.8637,47.2154],[17.8504,47.2104],[17.8396,47.2131],[17.839,47.2125],[17.8359,47.212],[17.8345,47.2107],[17.8332,47.2105],[17.8321,47.2094],[17.8285,47.2107],[17.828,47.2104],[17.828,47.2096],[17.8286,47.2079],[17.8272,47.2074],[17.8221,47.2111],[17.8202,47.211],[17.8167,47.2126],[17.8095,47.2114],[17.8084,47.2114],[17.8082,47.2117],[17.8054,47.2114],[17.8075,47.2087],[17.8043,47.2075],[17.8038,47.2081],[17.7987,47.2044],[17.7961,47.2061],[17.7931,47.2039],[17.7943,47.2014],[17.7955,47.2008],[17.7949,47.2003],[17.7902,47.2029],[17.7913,47.2079],[17.7878,47.2105],[17.7882,47.2108],[17.7804,47.2168],[17.7727,47.2122],[17.7642,47.2187],[17.7621,47.2175],[17.7531,47.2244],[17.7592,47.228],[17.7534,47.2326],[17.7432,47.2269],[17.7494,47.2224],[17.7285,47.2092],[17.7219,47.2141],[17.7299,47.219],[17.7242,47.2237],[17.7212,47.2256],[17.723,47.2272],[17.7221,47.2275],[17.7212,47.2274],[17.7202,47.228],[17.7196,47.2277],[17.7191,47.2278],[17.719,47.2275],[17.7167,47.2281],[17.716,47.2277],[17.7154,47.2278],[17.7157,47.2269],[17.7149,47.2267],[17.7151,47.2261],[17.7146,47.2261],[17.7146,47.2264],[17.7137,47.2261],[17.7135,47.2266],[17.7131,47.2256],[17.7122,47.2256],[17.7116,47.2248],[17.7109,47.2251],[17.7104,47.2249],[17.7111,47.2243],[17.7098,47.2242],[17.7107,47.224],[17.7105,47.2237],[17.7096,47.2238],[17.7103,47.2232],[17.7098,47.2232],[17.7094,47.2224],[17.7088,47.2224],[17.7083,47.2231],[17.7074,47.2232],[17.7051,47.2221],[17.7042,47.2225],[17.7042,47.2218],[17.7037,47.2222],[17.7037,47.2207],[17.7028,47.2202],[17.7029,47.2198],[17.7019,47.2194],[17.7026,47.2189],[17.7017,47.2185],[17.7023,47.2185],[17.7025,47.2181],[17.7018,47.218],[17.7022,47.2176],[17.7014,47.2172],[17.7022,47.2167],[17.7012,47.2164],[17.7016,47.2158],[17.701,47.2156],[17.7019,47.2149],[17.7016,47.2138],[17.7011,47.2136],[17.7008,47.2138],[17.7005,47.2131],[17.701,47.2127],[17.7001,47.2127],[17.6997,47.2122],[17.6993,47.2123],[17.6995,47.2119],[17.6983,47.212],[17.6973,47.2113],[17.6966,47.2116],[17.6967,47.2112],[17.6952,47.2117],[17.6944,47.2112],[17.6946,47.2116],[17.6937,47.212],[17.6932,47.2133],[17.6928,47.2132],[17.6927,47.2137],[17.6921,47.2136],[17.692,47.2141],[17.6911,47.2145],[17.6914,47.2149],[17.6908,47.2149],[17.6907,47.2155],[17.6904,47.2153],[17.6895,47.216],[17.6899,47.2169],[17.6895,47.2173],[17.6874,47.2182],[17.6867,47.2175],[17.6865,47.2177],[17.6855,47.2172],[17.6861,47.2169],[17.6855,47.2165],[17.6858,47.2162],[17.6854,47.2163],[17.6849,47.2145],[17.6844,47.2143],[17.6827,47.2144],[17.6826,47.2142],[17.6818,47.2146],[17.6801,47.2141],[17.6784,47.2144],[17.6774,47.2128],[17.677,47.2092],[17.6752,47.2083],[17.674,47.2082],[17.6417,47.1927],[17.6416,47.1926],[17.6209,47.1872],[17.6115,47.1874],[17.6094,47.1905],[17.6106,47.1912],[17.6092,47.1919],[17.6083,47.1919],[17.6079,47.1924],[17.6075,47.1916],[17.6069,47.1921],[17.6065,47.1916],[17.6049,47.1917],[17.6053,47.1913],[17.6049,47.1907],[17.6042,47.1904],[17.6034,47.1904],[17.6036,47.1899],[17.6026,47.1897],[17.6028,47.1892],[17.6007,47.1889],[17.6012,47.1883],[17.6004,47.1878],[17.5999,47.1881],[17.5999,47.1874],[17.5988,47.1876],[17.5991,47.1868],[17.5964,47.1853],[17.5951,47.1857],[17.5951,47.1861],[17.594,47.1862],[17.5916,47.1885],[17.5913,47.1892],[17.5901,47.1886],[17.5832,47.1868],[17.5838,47.1854],[17.5748,47.1831],[17.579,47.1758],[17.5748,47.1748],[17.5796,47.1666],[17.5783,47.1656],[17.5777,47.1632],[17.577,47.1625],[17.5768,47.1604],[17.5773,47.1588],[17.5783,47.158],[17.5784,47.1558],[17.5707,47.1532],[17.567,47.1511],[17.5623,47.151],[17.561,47.1503],[17.5592,47.15],[17.5591,47.1505],[17.5581,47.1502],[17.5541,47.1507],[17.5529,47.1549],[17.5424,47.1539],[17.5372,47.1522],[17.533,47.1518],[17.5296,47.1522],[17.5294,47.1493],[17.5316,47.1436],[17.5317,47.1358],[17.5327,47.1334],[17.5303,47.1319],[17.5313,47.13],[17.5353,47.1254],[17.5272,47.1257],[17.5231,47.124],[17.5226,47.1245],[17.521,47.1241],[17.5187,47.1248],[17.5134,47.1272],[17.5072,47.1222],[17.4939,47.1077],[17.4952,47.0942],[17.4992,47.0927],[17.5042,47.0907],[17.5071,47.0884],[17.5092,47.0857],[17.5062,47.0845],[17.5078,47.0836],[17.512,47.0833],[17.5127,47.0818],[17.5111,47.0813],[17.5117,47.081],[17.5207,47.0704],[17.5221,47.0698],[17.5286,47.065],[17.5295,47.0649],[17.5287,47.0639],[17.5259,47.0615],[17.5236,47.0561],[17.5253,47.0518],[17.5263,47.0474],[17.5222,47.0464],[17.5218,47.0452],[17.5201,47.0441],[17.5187,47.0438],[17.5168,47.0416],[17.5103,47.0397],[17.5066,47.0377],[17.504,47.0349],[17.4994,47.0344],[17.4982,47.0335],[17.4854,47.0344],[17.4797,47.0363],[17.4793,47.0369],[17.4819,47.0432],[17.4781,47.0497],[17.4779,47.0514],[17.4741,47.0612],[17.4719,47.0646],[17.469,47.0679],[17.4634,47.0708],[17.4608,47.0705],[17.4406,47.0651],[17.4336,47.062],[17.4264,47.0605],[17.4223,47.0584],[17.4177,47.0567],[17.4117,47.0531],[17.4089,47.0532],[17.407,47.0538],[17.404,47.053],[17.4013,47.0532],[17.4009,47.0572],[17.3968,47.0579],[17.3927,47.0592],[17.3925,47.0608],[17.3912,47.0633],[17.3903,47.0676],[17.3906,47.0695],[17.3869,47.0737],[17.387,47.0779],[17.3892,47.0801],[17.3895,47.0826],[17.3892,47.0846],[17.3792,47.0845],[17.3635,47.0837],[17.3586,47.0826],[17.3583,47.082],[17.3557,47.081],[17.3528,47.0806],[17.3523,47.0809],[17.3454,47.0793],[17.3435,47.0793],[17.3374,47.0803],[17.3255,47.084],[17.3249,47.0867],[17.3196,47.0861],[17.3169,47.0861],[17.3163,47.0865],[17.3111,47.0868],[17.308,47.0876],[17.3043,47.0881],[17.3025,47.0889],[17.2988,47.0889],[17.294,47.0902],[17.2914,47.0968],[17.2864,47.0961],[17.2832,47.1006],[17.2742,47.0979],[17.2708,47.1026],[17.269,47.1015],[17.2674,47.1013],[17.2665,47.1024],[17.2631,47.1024],[17.2618,47.1031],[17.2608,47.1028],[17.2578,47.1049],[17.2521,47.1079],[17.2515,47.1085],[17.2513,47.1097],[17.246,47.1094],[17.2407,47.1135],[17.2359,47.1142],[17.2329,47.1146],[17.2282,47.113],[17.2274,47.1137],[17.2234,47.1132],[17.2216,47.1138],[17.209,47.1187],[17.2021,47.13],[17.2002,47.1369],[17.2006,47.1376],[17.1998,47.1402],[17.2008,47.1434],[17.199,47.1456],[17.1997,47.1461],[17.1993,47.1467],[17.1971,47.1476],[17.1961,47.149],[17.1965,47.1494],[17.196,47.1497],[17.1968,47.1505],[17.197,47.1514],[17.1964,47.1534],[17.1975,47.1547],[17.1959,47.1565],[17.1952,47.1587],[17.1946,47.1591],[17.1948,47.1608],[17.1941,47.1621],[17.1944,47.1641],[17.1957,47.1664],[17.1969,47.1658],[17.2003,47.1673],[17.2019,47.1696],[17.2012,47.1721],[17.2035,47.1728],[17.2042,47.1742],[17.2067,47.1747],[17.2075,47.1753],[17.21,47.1796],[17.2091,47.1802],[17.208,47.1851],[17.2071,47.186],[17.2092,47.1895],[17.2082,47.1902],[17.2076,47.192],[17.2088,47.1982],[17.2111,47.2029],[17.213,47.2052],[17.2134,47.208],[17.2088,47.2078],[17.2081,47.2106],[17.2065,47.2136],[17.2092,47.2138],[17.2086,47.2336],[17.2079,47.2336],[17.2039,47.2544],[17.2007,47.2587],[17.1991,47.259],[17.1981,47.2641],[17.1992,47.2675],[17.2017,47.2712],[17.2014,47.2717],[17.2048,47.2765],[17.2055,47.2763],[17.2077,47.2802],[17.2123,47.2768],[17.2137,47.2748],[17.2189,47.2812],[17.2178,47.2894],[17.2184,47.292],[17.2127,47.2993],[17.2151,47.2993],[17.2197,47.3018],[17.2242,47.3086],[17.2246,47.3088],[17.2251,47.3085],[17.2294,47.3116],[17.2336,47.3138],[17.2393,47.3169],[17.2414,47.3171],[17.2412,47.3176],[17.2514,47.3182],[17.2537,47.3181],[17.2613,47.3186],[17.2614,47.3181],[17.2715,47.318],[17.2724,47.3174],[17.2849,47.3232],[17.2844,47.3237],[17.2954,47.329],[17.2928,47.3314],[17.2869,47.3335],[17.2686,47.345],[17.2604,47.3442],[17.2588,47.3434],[17.2428,47.3515],[17.2405,47.352],[17.2357,47.3542],[17.2319,47.3554],[17.227,47.3549],[17.225,47.3571],[17.2199,47.363],[17.2187,47.3639],[17.216,47.3628],[17.2126,47.362],[17.2119,47.3622],[17.1885,47.3812],[17.2082,47.3923],[17.1948,47.3968],[17.1902,47.401],[17.1852,47.4067],[17.177,47.4247],[17.1764,47.4265],[17.1776,47.4269],[17.1774,47.4302],[17.1724,47.4325],[17.1747,47.4326],[17.176,47.4334],[17.1764,47.4348],[17.1756,47.436],[17.177,47.4368],[17.1809,47.4378],[17.1811,47.4381],[17.1798,47.4388],[17.1798,47.4401],[17.1805,47.441],[17.1823,47.4415],[17.1817,47.4421],[17.1882,47.4443],[17.1888,47.4439],[17.189,47.443],[17.1885,47.4425],[17.189,47.442],[17.1902,47.4443],[17.1913,47.4442],[17.193,47.4433],[17.1919,47.445],[17.1922,47.4453],[17.194,47.4448],[17.1956,47.4431],[17.1959,47.4422],[17.1971,47.4422],[17.1976,47.4405],[17.1993,47.4385],[17.2008,47.4354],[17.2218,47.432],[17.2216,47.4374],[17.2223,47.4389],[17.2241,47.4376],[17.2275,47.4368],[17.2292,47.4388],[17.2298,47.4388],[17.2302,47.4373],[17.2308,47.4368],[17.2323,47.4364],[17.2334,47.4378],[17.2327,47.4384],[17.2325,47.4395],[17.2332,47.44],[17.2351,47.4398],[17.2349,47.4382],[17.2363,47.4375],[17.2366,47.4355],[17.236,47.4347],[17.2386,47.4341],[17.2391,47.4345],[17.2388,47.4351],[17.24,47.4355],[17.2425,47.435],[17.2437,47.4332],[17.2449,47.433],[17.2521,47.4338],[17.2549,47.4344],[17.2578,47.4344],[17.2596,47.4352],[17.2611,47.4352],[17.2621,47.4332],[17.2651,47.4329],[17.2646,47.4319],[17.2632,47.4311],[17.2636,47.4305],[17.2671,47.4305],[17.2699,47.432],[17.2707,47.4317],[17.271,47.4303],[17.2716,47.43],[17.2727,47.4303],[17.2729,47.431],[17.2715,47.4318],[17.2711,47.4325],[17.2726,47.4335],[17.2741,47.4335],[17.275,47.4317],[17.2772,47.4314],[17.2799,47.4297],[17.282,47.4298],[17.2843,47.4314],[17.2856,47.4319],[17.29,47.4312],[17.2929,47.4292],[17.2954,47.4298],[17.2969,47.4309],[17.2985,47.4302],[17.3001,47.4329],[17.2985,47.4341],[17.3063,47.4361],[17.3131,47.4363],[17.3119,47.4389],[17.3235,47.4424],[17.3254,47.4428],[17.3292,47.4395],[17.3305,47.4399],[17.3345,47.4399],[17.3375,47.4406],[17.3387,47.4401],[17.3389,47.4409],[17.3412,47.4411],[17.342,47.4409],[17.3433,47.4396],[17.344,47.4395],[17.3444,47.4398],[17.3441,47.4406],[17.3456,47.4417],[17.3475,47.4423],[17.3492,47.4437],[17.3536,47.4442],[17.3585,47.4441],[17.3615,47.4435],[17.3644,47.4453],[17.3655,47.4463],[17.3665,47.4477],[17.38,47.4564],[17.3827,47.4587],[17.3833,47.4604],[17.383,47.4617],[17.3853,47.4675],[17.3853,47.4678],[17.3836,47.4678],[17.3833,47.4683],[17.3844,47.4693],[17.3831,47.4712],[17.3835,47.4756],[17.3845,47.4769],[17.3888,47.4857],[17.3904,47.4858],[17.3915,47.485],[17.3906,47.4841],[17.3912,47.4825]]]}},{"type":"Feature","properties":{"id":"2001","name":"Zala vármegye 01. OEVK","regionId":"zala","center":"Zalaegerszeg"},"geometry":{"type":"Polygon","coordinates":[[[16.8138,46.949],[16.8152,46.9462],[16.8181,46.9437],[16.8187,46.9436],[16.8197,46.9384],[16.8242,46.9392],[16.8311,46.939],[16.8352,46.9399],[16.8358,46.9327],[16.8365,46.9311],[16.8379,46.9306],[16.8394,46.9293],[16.8416,46.9293],[16.8425,46.9285],[16.8451,46.929],[16.8467,46.9273],[16.8492,46.9266],[16.8487,46.9236],[16.8506,46.9224],[16.8501,46.921],[16.8501,46.9169],[16.8519,46.9134],[16.8529,46.9098],[16.8562,46.9033],[16.8562,46.9021],[16.8551,46.9002],[16.8545,46.8987],[16.8537,46.8916],[16.852,46.8875],[16.8522,46.8865],[16.8532,46.8862],[16.857,46.8831],[16.8602,46.8818],[16.874,46.8798],[16.8746,46.8818],[16.8775,46.8815],[16.8806,46.88],[16.8802,46.8794],[16.886,46.8783],[16.8888,46.8766],[16.8845,46.8726],[16.8851,46.868],[16.8847,46.8669],[16.8826,46.8645],[16.8826,46.8581],[16.89,46.8579],[16.8903,46.8575],[16.8919,46.857],[16.893,46.8561],[16.8964,46.8546],[16.8978,46.8507],[16.8993,46.8485],[16.9,46.8443],[16.9028,46.8442],[16.9035,46.8435],[16.9049,46.842],[16.9059,46.8395],[16.9061,46.8383],[16.9042,46.8366],[16.9041,46.8359],[16.9063,46.8287],[16.9029,46.824],[16.9003,46.824],[16.8993,46.8234],[16.8979,46.8191],[16.8975,46.8188],[16.8931,46.8192],[16.8933,46.8169],[16.8945,46.8153],[16.8944,46.8111],[16.8957,46.8081],[16.8978,46.8064],[16.899,46.805],[16.8988,46.8018],[16.8983,46.8009],[16.9007,46.798],[16.9013,46.7956],[16.901,46.7953],[16.8999,46.7952],[16.8995,46.7946],[16.8991,46.7922],[16.8959,46.7937],[16.895,46.7924],[16.8941,46.7904],[16.8963,46.789],[16.8945,46.788],[16.8941,46.7869],[16.8933,46.7835],[16.8925,46.7822],[16.8956,46.7814],[16.8943,46.7798],[16.8941,46.778],[16.8961,46.7776],[16.8957,46.7764],[16.8918,46.7773],[16.8893,46.779],[16.8876,46.7776],[16.8841,46.7738],[16.884,46.7711],[16.8833,46.7701],[16.8807,46.7693],[16.8808,46.7681],[16.8797,46.7651],[16.8779,46.7642],[16.8767,46.7611],[16.8714,46.7536],[16.8683,46.754],[16.8663,46.7549],[16.8647,46.755],[16.8629,46.758],[16.8621,46.7585],[16.8598,46.7576],[16.8582,46.7559],[16.8569,46.7516],[16.8567,46.7485],[16.8555,46.7466],[16.856,46.746],[16.8573,46.7403],[16.8552,46.7312],[16.8561,46.7309],[16.8554,46.729],[16.856,46.7273],[16.8551,46.7274],[16.8546,46.7215],[16.8502,46.7214],[16.8472,46.7045],[16.8418,46.7056],[16.8342,46.7053],[16.8307,46.7048],[16.8284,46.7135],[16.8223,46.7129],[16.8068,46.7139],[16.7985,46.7133],[16.7999,46.7093],[16.799,46.7058],[16.7999,46.7057],[16.8004,46.7039],[16.8021,46.7027],[16.8016,46.7012],[16.8021,46.697],[16.8016,46.6909],[16.8021,46.6888],[16.7987,46.6896],[16.7984,46.6888],[16.7914,46.6884],[16.7904,46.6872],[16.7907,46.686],[16.7901,46.6859],[16.7904,46.6826],[16.7885,46.6825],[16.7867,46.6816],[16.784,46.6812],[16.7838,46.6808],[16.7796,46.6805],[16.7794,46.681],[16.7768,46.6811],[16.7769,46.6816],[16.7707,46.6813],[16.7676,46.681],[16.7676,46.6813],[16.7647,46.6818],[16.7643,46.6816],[16.764,46.6828],[16.7626,46.6844],[16.7631,46.6857],[16.7629,46.6873],[16.7553,46.6869],[16.7473,46.6872],[16.7451,46.6823],[16.7426,46.6789],[16.7407,46.6793],[16.7383,46.679],[16.7367,46.6802],[16.733,46.6794],[16.7294,46.6793],[16.7251,46.6802],[16.7222,46.6752],[16.7173,46.6695],[16.7152,46.6639],[16.7095,46.6541],[16.7081,46.6497],[16.7062,46.6499],[16.7063,46.6503],[16.7011,46.6508],[16.7008,46.6498],[16.6961,46.6502],[16.6971,46.6496],[16.6967,46.649],[16.6955,46.6487],[16.6872,46.6505],[16.6807,46.6513],[16.6756,46.6532],[16.6706,46.654],[16.665,46.6532],[16.6634,46.6535],[16.6611,46.6549],[16.6574,46.6562],[16.6589,46.6572],[16.6586,46.6582],[16.6556,46.6601],[16.6558,46.6577],[16.6539,46.6558],[16.6538,46.6534],[16.6528,46.6514],[16.6527,46.6482],[16.6532,46.6468],[16.6524,46.6452],[16.6523,46.6441],[16.6505,46.6419],[16.6507,46.6404],[16.649,46.6383],[16.643,46.6383],[16.6424,46.6368],[16.6285,46.6363],[16.6276,46.6346],[16.6269,46.6346],[16.6271,46.6358],[16.6255,46.6367],[16.6243,46.6412],[16.6211,46.6426],[16.6198,46.6421],[16.6201,46.6408],[16.6189,46.6364],[16.6194,46.6347],[16.6175,46.6327],[16.6164,46.6305],[16.6164,46.6301],[16.6169,46.63],[16.618,46.6286],[16.6172,46.6247],[16.6154,46.6246],[16.6151,46.6237],[16.6137,46.6234],[16.6109,46.6179],[16.6104,46.6163],[16.6107,46.6157],[16.6067,46.6152],[16.6053,46.6153],[16.6039,46.616],[16.601,46.6157],[16.6013,46.6149],[16.5976,46.6145],[16.6003,46.6063],[16.5999,46.6066],[16.5978,46.606],[16.5955,46.6071],[16.5965,46.6055],[16.5964,46.6037],[16.5957,46.6022],[16.5941,46.6006],[16.5935,46.6006],[16.5929,46.599],[16.5931,46.5945],[16.5921,46.5934],[16.5886,46.5969],[16.5806,46.5927],[16.5812,46.5889],[16.5751,46.5888],[16.5753,46.5871],[16.5652,46.5881],[16.5654,46.5873],[16.564,46.586],[16.5599,46.5863],[16.5552,46.5806],[16.5546,46.5802],[16.5538,46.5804],[16.5536,46.5795],[16.5526,46.5793],[16.5534,46.5771],[16.552,46.5771],[16.5523,46.5766],[16.5515,46.5753],[16.5496,46.5738],[16.5503,46.5736],[16.5492,46.5719],[16.5493,46.5697],[16.5479,46.5696],[16.5461,46.5717],[16.5436,46.5712],[16.5425,46.5705],[16.5429,46.5692],[16.5405,46.5694],[16.5402,46.5691],[16.5398,46.568],[16.5413,46.5667],[16.5351,46.5658],[16.5341,46.567],[16.5326,46.5673],[16.5308,46.5658],[16.5288,46.5658],[16.5277,46.5653],[16.5271,46.5634],[16.5274,46.5619],[16.5269,46.5611],[16.5262,46.561],[16.5233,46.562],[16.5228,46.5653],[16.5217,46.565],[16.5214,46.5644],[16.5203,46.5646],[16.5203,46.5638],[16.5183,46.5621],[16.5198,46.5604],[16.519,46.5588],[16.5195,46.5568],[16.5186,46.5561],[16.5165,46.5554],[16.5084,46.5653],[16.5066,46.5641],[16.5049,46.5644],[16.5041,46.5636],[16.503,46.5637],[16.5012,46.5625],[16.5,46.5624],[16.4972,46.5633],[16.4954,46.5625],[16.4931,46.5625],[16.4931,46.5645],[16.4902,46.5656],[16.4884,46.5651],[16.483,46.566],[16.4819,46.5674],[16.4827,46.5697],[16.4818,46.5744],[16.4823,46.576],[16.4841,46.5776],[16.4834,46.5786],[16.4814,46.5796],[16.48,46.5821],[16.4734,46.5876],[16.47,46.5858],[16.4689,46.5858],[16.463,46.5944],[16.4633,46.5949],[16.4615,46.5969],[16.4557,46.5978],[16.4556,46.5988],[16.4536,46.6007],[16.4522,46.6007],[16.4485,46.606],[16.4468,46.6078],[16.4453,46.611],[16.4337,46.6131],[16.4249,46.6132],[16.4214,46.617],[16.4173,46.6203],[16.4156,46.6237],[16.4147,46.624],[16.4125,46.6276],[16.409,46.6284],[16.4076,46.6298],[16.4076,46.6309],[16.4044,46.6323],[16.404,46.632],[16.4025,46.6321],[16.4007,46.633],[16.3999,46.634],[16.3988,46.6343],[16.3918,46.6337],[16.392,46.6359],[16.3911,46.6363],[16.3904,46.6382],[16.3896,46.6383],[16.39,46.6402],[16.3921,46.6409],[16.3876,46.6439],[16.3859,46.6442],[16.3853,46.6539],[16.3874,46.6536],[16.39,46.6552],[16.3906,46.6549],[16.3911,46.6551],[16.3908,46.6558],[16.3915,46.6591],[16.3931,46.6592],[16.3936,46.661],[16.3932,46.6611],[16.3937,46.6621],[16.3918,46.6627],[16.3915,46.6637],[16.3959,46.6647],[16.3965,46.6639],[16.3981,46.6634],[16.3995,46.6638],[16.4002,46.662],[16.402,46.6619],[16.4034,46.6612],[16.4031,46.6588],[16.4083,46.6596],[16.4108,46.6592],[16.4155,46.6592],[16.4198,46.6585],[16.4193,46.6598],[16.4201,46.661],[16.4199,46.6619],[16.4206,46.6625],[16.4183,46.6645],[16.4233,46.667],[16.4241,46.6681],[16.4253,46.6703],[16.4253,46.6716],[16.4203,46.6741],[16.4209,46.6757],[16.4204,46.6758],[16.4223,46.6772],[16.4241,46.6777],[16.4244,46.6774],[16.4254,46.6784],[16.4254,46.679],[16.4218,46.6794],[16.4213,46.6804],[16.4224,46.682],[16.4232,46.6862],[16.4266,46.6919],[16.4286,46.694],[16.4265,46.6949],[16.424,46.6958],[16.4202,46.6959],[16.4172,46.6962],[16.415,46.6954],[16.4151,46.6958],[16.413,46.6956],[16.4083,46.6968],[16.4027,46.6974],[16.3969,46.6972],[16.394,46.6979],[16.3926,46.6974],[16.3912,46.6978],[16.3817,46.698],[16.3789,46.6999],[16.3754,46.7009],[16.3728,46.7026],[16.3689,46.704],[16.3686,46.7042],[16.375,46.7084],[16.3788,46.7104],[16.3799,46.712],[16.3798,46.7154],[16.3776,46.7159],[16.375,46.7171],[16.3754,46.7186],[16.373,46.719],[16.3708,46.7222],[16.372,46.7243],[16.3753,46.7276],[16.3769,46.7315],[16.3799,46.7337],[16.3809,46.7352],[16.3864,46.7389],[16.392,46.7407],[16.3936,46.742],[16.3918,46.7451],[16.3911,46.7476],[16.3936,46.7485],[16.3923,46.7502],[16.3905,46.7498],[16.3889,46.7544],[16.3835,46.7583],[16.3856,46.76],[16.3864,46.7599],[16.3873,46.7607],[16.3849,46.7626],[16.3932,46.7644],[16.3965,46.7694],[16.3986,46.7684],[16.4003,46.7683],[16.4019,46.7689],[16.4058,46.7718],[16.4061,46.7729],[16.4058,46.7738],[16.4029,46.7756],[16.399,46.7765],[16.3977,46.776],[16.3963,46.7763],[16.3926,46.7753],[16.392,46.776],[16.3908,46.7758],[16.3903,46.7767],[16.3897,46.7767],[16.3861,46.7753],[16.3852,46.7762],[16.3834,46.776],[16.3817,46.7738],[16.38,46.7735],[16.379,46.7726],[16.3777,46.7722],[16.3747,46.77],[16.3742,46.7689],[16.37,46.7692],[16.3665,46.7707],[16.3648,46.7721],[16.3639,46.7738],[16.3639,46.7775],[16.3618,46.7802],[16.3639,46.781],[16.3676,46.7814],[16.3779,46.7806],[16.3783,46.7833],[16.3787,46.7837],[16.3789,46.7831],[16.3798,46.7834],[16.3807,46.7852],[16.3875,46.7878],[16.3907,46.7888],[16.3941,46.7893],[16.3943,46.7896],[16.3963,46.7887],[16.4016,46.7887],[16.405,46.7879],[16.4058,46.7886],[16.4111,46.7881],[16.4111,46.7874],[16.4121,46.7877],[16.4118,46.7866],[16.4125,46.7865],[16.4127,46.7861],[16.414,46.7865],[16.4138,46.7854],[16.4143,46.785],[16.4155,46.7857],[16.4164,46.7847],[16.4154,46.7837],[16.416,46.7835],[16.4169,46.7841],[16.4169,46.7836],[16.4175,46.7837],[16.4172,46.7827],[16.4185,46.783],[16.4181,46.7823],[16.4187,46.7823],[16.4193,46.7815],[16.4251,46.7836],[16.427,46.7838],[16.4266,46.7827],[16.4272,46.7829],[16.428,46.7827],[16.4286,46.7812],[16.429,46.7812],[16.4288,46.7805],[16.4295,46.7805],[16.4295,46.7813],[16.4304,46.7815],[16.4306,46.7807],[16.4314,46.7807],[16.4329,46.7791],[16.4333,46.7791],[16.4343,46.7798],[16.4351,46.7795],[16.4347,46.7791],[16.4352,46.7788],[16.4359,46.7789],[16.436,46.7794],[16.4368,46.779],[16.4369,46.7784],[16.4379,46.7786],[16.4376,46.7775],[16.4399,46.7764],[16.4404,46.7765],[16.44,46.776],[16.4407,46.7765],[16.4416,46.7786],[16.4432,46.7801],[16.4509,46.7816],[16.4599,46.7855],[16.4634,46.7866],[16.4654,46.7876],[16.466,46.7874],[16.466,46.7868],[16.4663,46.7874],[16.467,46.7872],[16.4677,46.7877],[16.4731,46.7897],[16.4756,46.7911],[16.4773,46.7914],[16.4779,46.7927],[16.4793,46.7937],[16.4801,46.7938],[16.4807,46.7948],[16.4848,46.7954],[16.4895,46.7971],[16.4957,46.8008],[16.4981,46.8032],[16.5032,46.8046],[16.5058,46.8072],[16.505,46.8083],[16.5044,46.8096],[16.5051,46.8111],[16.5047,46.8113],[16.5059,46.8122],[16.5068,46.8153],[16.5043,46.8159],[16.5058,46.82],[16.5058,46.8277],[16.5044,46.8276],[16.5039,46.8279],[16.5035,46.8301],[16.5019,46.8328],[16.5014,46.8345],[16.5044,46.8351],[16.5053,46.8347],[16.506,46.8348],[16.5059,46.8344],[16.5065,46.8344],[16.5067,46.8349],[16.5073,46.8345],[16.5077,46.8352],[16.5084,46.8349],[16.5114,46.8359],[16.5118,46.8367],[16.5135,46.8367],[16.5135,46.8359],[16.5143,46.8361],[16.515,46.8359],[16.5149,46.8366],[16.5161,46.8366],[16.5161,46.8369],[16.5163,46.8363],[16.5176,46.8368],[16.5183,46.8365],[16.5189,46.8373],[16.5194,46.8371],[16.5194,46.8375],[16.5205,46.8374],[16.5202,46.8379],[16.5211,46.8386],[16.522,46.8383],[16.5218,46.8389],[16.5225,46.8389],[16.5222,46.8386],[16.5228,46.8383],[16.5232,46.8388],[16.5249,46.8389],[16.5249,46.8392],[16.5291,46.8406],[16.5297,46.8412],[16.53,46.8409],[16.5303,46.8412],[16.5309,46.8408],[16.5322,46.8409],[16.5327,46.8405],[16.5364,46.8416],[16.5379,46.8414],[16.5469,46.8408],[16.5464,46.8401],[16.547,46.8398],[16.5465,46.8392],[16.548,46.8387],[16.5489,46.838],[16.5504,46.8378],[16.551,46.838],[16.5514,46.8373],[16.5526,46.8375],[16.5534,46.8372],[16.5533,46.8378],[16.5542,46.8375],[16.5541,46.8382],[16.5561,46.8385],[16.5561,46.8394],[16.5571,46.8397],[16.5564,46.8426],[16.5575,46.8438],[16.5616,46.8441],[16.5615,46.8472],[16.5623,46.8472],[16.5614,46.8488],[16.5612,46.8517],[16.5615,46.8531],[16.5623,46.8538],[16.562,46.855],[16.5646,46.8554],[16.5645,46.8562],[16.5649,46.8564],[16.5658,46.8564],[16.5659,46.8557],[16.5678,46.8559],[16.5673,46.8613],[16.5681,46.8663],[16.5672,46.8677],[16.571,46.8691],[16.578,46.8687],[16.5786,46.8689],[16.5785,46.8693],[16.5826,46.871],[16.5793,46.875],[16.5815,46.8775],[16.5829,46.8773],[16.5843,46.8795],[16.5857,46.8792],[16.5859,46.882],[16.5874,46.8822],[16.5901,46.8885],[16.5912,46.89],[16.5896,46.89],[16.5913,46.8904],[16.5961,46.8925],[16.6028,46.8964],[16.6031,46.8978],[16.6147,46.9078],[16.6236,46.9155],[16.6291,46.9217],[16.6303,46.9254],[16.6353,46.9247],[16.6431,46.9218],[16.649,46.9216],[16.651,46.9207],[16.6546,46.9219],[16.6562,46.9249],[16.6573,46.9256],[16.6627,46.9271],[16.6654,46.9288],[16.6653,46.9297],[16.6666,46.933],[16.6775,46.934],[16.6819,46.9339],[16.6824,46.9338],[16.6842,46.9353],[16.686,46.9373],[16.688,46.9369],[16.6887,46.9365],[16.6895,46.9346],[16.6908,46.9336],[16.6924,46.9336],[16.6963,46.9319],[16.6992,46.9315],[16.7002,46.9304],[16.7006,46.9286],[16.7061,46.93],[16.7167,46.93],[16.7169,46.9296],[16.721,46.9299],[16.7263,46.931],[16.7276,46.9307],[16.7334,46.9311],[16.7332,46.9319],[16.7359,46.9329],[16.7373,46.9327],[16.7417,46.9319],[16.7473,46.9316],[16.7535,46.9299],[16.7601,46.9287],[16.7652,46.9286],[16.7751,46.9277],[16.777,46.9251],[16.7797,46.9262],[16.783,46.9284],[16.7865,46.9319],[16.7863,46.9369],[16.787,46.9395],[16.7864,46.9403],[16.7861,46.9474],[16.8088,46.9506],[16.8138,46.949]]]}},{"type":"Feature","properties":{"id":"2002","name":"Zala vármegye 02. OEVK","regionId":"zala","center":"Keszthely"},"geometry":{"type":"Polygon","coordinates":[[[16.8598,46.7576],[16.8621,46.7585],[16.8629,46.758],[16.8647,46.755],[16.8663,46.7549],[16.8683,46.754],[16.8714,46.7536],[16.8767,46.7611],[16.8779,46.7642],[16.8797,46.7651],[16.8808,46.7681],[16.8807,46.7693],[16.8833,46.7701],[16.884,46.7711],[16.8841,46.7738],[16.8876,46.7776],[16.8893,46.779],[16.8918,46.7773],[16.8957,46.7764],[16.8961,46.7776],[16.8941,46.778],[16.8943,46.7798],[16.8956,46.7814],[16.8925,46.7822],[16.8933,46.7835],[16.8941,46.7869],[16.8945,46.788],[16.8963,46.789],[16.8941,46.7904],[16.895,46.7924],[16.8959,46.7937],[16.8991,46.7922],[16.8995,46.7946],[16.8999,46.7952],[16.901,46.7953],[16.9013,46.7956],[16.9007,46.798],[16.8983,46.8009],[16.8988,46.8018],[16.899,46.805],[16.8978,46.8064],[16.8957,46.8081],[16.8944,46.8111],[16.8945,46.8153],[16.8933,46.8169],[16.8931,46.8192],[16.8975,46.8188],[16.8979,46.8191],[16.8993,46.8234],[16.9003,46.824],[16.9029,46.824],[16.9063,46.8287],[16.9041,46.8359],[16.9042,46.8366],[16.9061,46.8383],[16.9059,46.8395],[16.9049,46.842],[16.9035,46.8435],[16.9028,46.8442],[16.9,46.8443],[16.8993,46.8485],[16.8978,46.8507],[16.8964,46.8546],[16.893,46.8561],[16.8919,46.857],[16.8903,46.8575],[16.89,46.8579],[16.8826,46.8581],[16.8826,46.8645],[16.8847,46.8669],[16.8851,46.868],[16.8845,46.8726],[16.8888,46.8766],[16.886,46.8783],[16.8802,46.8794],[16.8806,46.88],[16.8775,46.8815],[16.8746,46.8818],[16.874,46.8798],[16.8602,46.8818],[16.857,46.8831],[16.8532,46.8862],[16.8522,46.8865],[16.852,46.8875],[16.8537,46.8916],[16.8545,46.8987],[16.8551,46.9002],[16.8562,46.9021],[16.8562,46.9033],[16.8529,46.9098],[16.8519,46.9134],[16.8501,46.9169],[16.8501,46.921],[16.8506,46.9224],[16.8487,46.9236],[16.8492,46.9266],[16.8467,46.9273],[16.8451,46.929],[16.8425,46.9285],[16.8416,46.9293],[16.8394,46.9293],[16.8379,46.9306],[16.8365,46.9311],[16.8358,46.9327],[16.8352,46.9399],[16.8311,46.939],[16.8242,46.9392],[16.8197,46.9384],[16.8187,46.9436],[16.8181,46.9437],[16.8152,46.9462],[16.8138,46.949],[16.8134,46.9501],[16.8167,46.9501],[16.8167,46.9529],[16.8163,46.953],[16.8164,46.9548],[16.816,46.955],[16.8155,46.9591],[16.817,46.9652],[16.8168,46.9707],[16.8175,46.9728],[16.8172,46.9738],[16.819,46.9749],[16.8189,46.9754],[16.8195,46.9754],[16.821,46.9755],[16.8216,46.9742],[16.8229,46.9741],[16.8233,46.9721],[16.824,46.9733],[16.8255,46.9737],[16.8278,46.9755],[16.8283,46.9766],[16.8311,46.9774],[16.8314,46.9781],[16.8345,46.9797],[16.8377,46.9806],[16.8401,46.9787],[16.842,46.9784],[16.843,46.9777],[16.8471,46.9702],[16.8544,46.9708],[16.8651,46.9726],[16.8681,46.9726],[16.8673,46.9709],[16.8727,46.9711],[16.8732,46.9704],[16.8763,46.9702],[16.8781,46.9696],[16.8906,46.9727],[16.8963,46.9749],[16.8994,46.9745],[16.9034,46.9734],[16.9085,46.9725],[16.9134,46.9721],[16.9171,46.9722],[16.918,46.9699],[16.9198,46.968],[16.921,46.9652],[16.9232,46.9638],[16.9231,46.9615],[16.9292,46.9623],[16.9413,46.9611],[16.945,46.9618],[16.9495,46.9607],[16.9579,46.9623],[16.9659,46.9614],[16.9687,46.9616],[16.9786,46.9616],[16.9822,46.9621],[16.9832,46.9641],[16.9855,46.966],[16.9876,46.9646],[16.9912,46.9631],[16.9939,46.9662],[16.9923,46.9671],[16.9901,46.971],[16.9874,46.9702],[16.9862,46.9729],[16.9847,46.9805],[16.9895,46.9809],[16.9953,46.9838],[16.9971,46.9865],[17.0028,46.9899],[17.0111,46.992],[17.014,46.9956],[17.0148,46.9981],[17.0163,47.0],[17.0174,46.9976],[17.018,46.9975],[17.019,46.9948],[17.0201,46.9951],[17.0175,47.0009],[17.0139,47.0046],[17.0131,47.0065],[17.0096,47.0106],[17.009,47.0123],[17.0103,47.0191],[17.0104,47.0201],[17.0069,47.028],[17.0008,47.0331],[17.0028,47.0344],[17.0014,47.0352],[17.0154,47.0421],[17.0211,47.038],[17.021,47.0375],[17.0271,47.0381],[17.0374,47.0412],[17.0421,47.0343],[17.0422,47.028],[17.0428,47.0266],[17.0453,47.0263],[17.0447,47.0245],[17.0458,47.0245],[17.0492,47.026],[17.0562,47.0308],[17.0609,47.0285],[17.0663,47.0268],[17.0722,47.0238],[17.0745,47.0244],[17.0751,47.0252],[17.0729,47.031],[17.0727,47.0372],[17.0721,47.0388],[17.0732,47.0417],[17.0745,47.0487],[17.0792,47.0466],[17.0828,47.0442],[17.0856,47.0409],[17.1057,47.0301],[17.1123,47.0273],[17.1135,47.0265],[17.1157,47.0231],[17.1217,47.0183],[17.1261,47.0161],[17.1356,47.0152],[17.1378,47.0134],[17.1422,47.0145],[17.1429,47.0121],[17.1423,47.0095],[17.1422,47.0046],[17.1419,47.0027],[17.1432,46.9999],[17.1438,46.9997],[17.1467,47.0007],[17.1483,47.0008],[17.153,46.9997],[17.1595,46.9991],[17.1622,46.9985],[17.1657,46.9984],[17.1732,46.9991],[17.1739,46.9988],[17.1739,46.9974],[17.1759,46.9961],[17.1761,46.9963],[17.1778,46.9959],[17.1783,46.9976],[17.1795,46.9993],[17.1802,46.998],[17.1817,46.9973],[17.1833,46.9958],[17.1886,46.9981],[17.1905,46.9986],[17.1942,46.9987],[17.1965,46.9981],[17.1988,46.9983],[17.2034,47.0017],[17.2048,47.0031],[17.2045,47.0044],[17.2054,47.0054],[17.2061,47.0055],[17.2086,47.0024],[17.2068,47.0015],[17.2099,46.9984],[17.2161,46.9962],[17.2176,46.9949],[17.2209,46.9953],[17.2248,46.9922],[17.2252,46.9914],[17.2277,46.9905],[17.2292,46.9877],[17.2309,46.9869],[17.2317,46.9858],[17.23,46.9854],[17.2307,46.983],[17.2296,46.9808],[17.2343,46.9769],[17.2365,46.9781],[17.2405,46.9749],[17.2421,46.9721],[17.2459,46.9698],[17.2447,46.9682],[17.2432,46.9672],[17.2453,46.9659],[17.2475,46.9608],[17.2493,46.9566],[17.238,46.9544],[17.2413,46.9474],[17.2403,46.9472],[17.2413,46.9448],[17.2394,46.9446],[17.2391,46.9434],[17.2395,46.9426],[17.2382,46.942],[17.2352,46.9415],[17.2351,46.941],[17.2333,46.9409],[17.2326,46.9398],[17.2315,46.9349],[17.2288,46.9348],[17.2282,46.9319],[17.2255,46.9306],[17.2257,46.9295],[17.2273,46.927],[17.2278,46.9239],[17.2293,46.9225],[17.2305,46.9199],[17.2345,46.9194],[17.2379,46.9183],[17.2415,46.9179],[17.2433,46.9185],[17.2466,46.9187],[17.2467,46.9191],[17.2482,46.9194],[17.2514,46.9194],[17.2533,46.9189],[17.2557,46.9163],[17.2578,46.9166],[17.2613,46.918],[17.2647,46.9174],[17.2668,46.9165],[17.2675,46.9166],[17.2688,46.9181],[17.2702,46.9184],[17.2759,46.9207],[17.2782,46.9203],[17.2821,46.9206],[17.2841,46.9201],[17.2878,46.9174],[17.293,46.9146],[17.2958,46.9137],[17.2972,46.9122],[17.2995,46.9107],[17.3,46.9098],[17.3032,46.9075],[17.3045,46.9058],[17.303,46.9035],[17.3034,46.9023],[17.3038,46.9022],[17.3036,46.9005],[17.3046,46.8982],[17.306,46.8978],[17.3075,46.8979],[17.3094,46.8964],[17.3097,46.8958],[17.3147,46.8943],[17.3155,46.8947],[17.317,46.8943],[17.3178,46.8945],[17.319,46.8938],[17.3216,46.8933],[17.3264,46.8869],[17.3267,46.8842],[17.326,46.8813],[17.326,46.8807],[17.3247,46.8798],[17.3212,46.878],[17.3177,46.877],[17.3172,46.876],[17.3192,46.8729],[17.3191,46.8718],[17.3217,46.8699],[17.3269,46.8696],[17.3306,46.867],[17.3318,46.8643],[17.3333,46.8633],[17.3316,46.8621],[17.3321,46.8601],[17.3333,46.8586],[17.3348,46.8578],[17.3334,46.8556],[17.3301,46.8542],[17.3303,46.8534],[17.3296,46.8518],[17.3297,46.8498],[17.3289,46.8486],[17.3256,46.8458],[17.3245,46.8422],[17.3253,46.8396],[17.3273,46.8364],[17.3259,46.8358],[17.3255,46.8349],[17.3251,46.8303],[17.3254,46.829],[17.3289,46.8286],[17.3364,46.8258],[17.3389,46.8225],[17.3444,46.8187],[17.3456,46.8183],[17.3475,46.8183],[17.3527,46.8142],[17.3536,46.813],[17.3545,46.8093],[17.3562,46.8067],[17.3595,46.7983],[17.3592,46.7949],[17.3611,46.793],[17.3658,46.7907],[17.3679,46.7901],[17.3729,46.7853],[17.3806,46.7819],[17.4172,46.7574],[17.4191,46.7507],[17.4089,46.75],[17.3974,46.7484],[17.3853,46.7438],[17.3781,46.7374],[17.3722,46.7342],[17.3614,46.7317],[17.3501,46.7316],[17.3346,46.7323],[17.3107,46.7331],[17.2986,46.735],[17.2897,46.7344],[17.2775,46.734],[17.269,46.7339],[17.2619,46.7059],[17.2593,46.7018],[17.2593,46.7008],[17.2584,46.6907],[17.2568,46.6873],[17.2498,46.6837],[17.2449,46.6794],[17.2215,46.6717],[17.22,46.6639],[17.2211,46.6549],[17.2176,46.6487],[17.2213,46.6344],[17.2209,46.6329],[17.219,46.626],[17.2149,46.6105],[17.1915,46.6004],[17.1912,46.5711],[17.1916,46.5594],[17.1764,46.5579],[17.1751,46.5587],[17.1757,46.5593],[17.1745,46.5599],[17.1734,46.5587],[17.1731,46.5589],[17.1731,46.5577],[17.1723,46.5577],[17.1721,46.5567],[17.1691,46.5563],[17.1687,46.5567],[17.165,46.5575],[17.1644,46.5604],[17.1622,46.559],[17.1598,46.5581],[17.1571,46.5583],[17.1574,46.5556],[17.155,46.5535],[17.1499,46.5547],[17.1468,46.5509],[17.1454,46.5516],[17.1444,46.5471],[17.1452,46.5389],[17.1448,46.5388],[17.1482,46.5364],[17.1419,46.5324],[17.1339,46.5272],[17.1268,46.5324],[17.1211,46.5311],[17.1211,46.5304],[17.1202,46.5304],[17.1194,46.5295],[17.1182,46.5293],[17.1173,46.5295],[17.1157,46.5307],[17.1142,46.5308],[17.1134,46.5313],[17.1119,46.5303],[17.1109,46.5302],[17.1112,46.5311],[17.104,46.5316],[17.1037,46.5341],[17.1013,46.5341],[17.1019,46.5357],[17.1007,46.5405],[17.0966,46.5434],[17.0955,46.5447],[17.0917,46.5598],[17.0907,46.5599],[17.0899,46.5605],[17.0882,46.5605],[17.0726,46.5782],[17.0644,46.5794],[17.0643,46.5824],[17.0652,46.585],[17.0655,46.5886],[17.0656,46.5956],[17.0647,46.5978],[17.0642,46.5975],[17.0627,46.5975],[17.0621,46.5968],[17.0596,46.5961],[17.0573,46.5947],[17.0565,46.5939],[17.0561,46.5914],[17.0547,46.5911],[17.0536,46.5894],[17.0525,46.5894],[17.0518,46.5878],[17.0522,46.5865],[17.0515,46.5858],[17.0491,46.5842],[17.0459,46.5855],[17.0442,46.5839],[17.0435,46.5822],[17.0437,46.5814],[17.0427,46.5815],[17.0418,46.5813],[17.0397,46.5823],[17.0382,46.5823],[17.0351,46.5834],[17.0351,46.5841],[17.0341,46.584],[17.0339,46.5837],[17.0296,46.5826],[17.0295,46.5828],[17.0289,46.5821],[17.0247,46.5818],[17.0237,46.5807],[17.0194,46.5801],[17.0164,46.5799],[17.0147,46.5802],[17.0133,46.5809],[17.0128,46.5816],[17.0084,46.581],[17.0067,46.5803],[17.0078,46.576],[17.0046,46.5761],[17.0027,46.5769],[17.003,46.5771],[16.9983,46.5777],[16.9947,46.5772],[16.9935,46.5766],[16.9917,46.5773],[16.9753,46.5766],[16.973,46.5839],[16.9727,46.5867],[16.9598,46.5859],[16.9499,46.583],[16.947,46.5877],[16.9416,46.5968],[16.9404,46.5976],[16.9365,46.5985],[16.9378,46.6008],[16.9349,46.6004],[16.9344,46.6022],[16.9356,46.6049],[16.9349,46.6071],[16.9341,46.6077],[16.934,46.616],[16.9279,46.6159],[16.9201,46.615],[16.92,46.6154],[16.9155,46.6154],[16.9149,46.6162],[16.9112,46.6152],[16.9051,46.6154],[16.9013,46.615],[16.9018,46.6135],[16.9009,46.6114],[16.9006,46.6075],[16.8994,46.6046],[16.8961,46.6029],[16.8954,46.6046],[16.893,46.6049],[16.8907,46.606],[16.8896,46.6074],[16.8874,46.6088],[16.8858,46.6117],[16.8854,46.6137],[16.8849,46.614],[16.8809,46.6144],[16.8805,46.6165],[16.8808,46.6176],[16.879,46.618],[16.8758,46.6205],[16.8735,46.6203],[16.8714,46.6215],[16.871,46.6271],[16.87,46.6288],[16.8655,46.6309],[16.8632,46.6329],[16.8626,46.634],[16.8621,46.6357],[16.8558,46.6365],[16.8536,46.6364],[16.8531,46.6358],[16.8522,46.6358],[16.8518,46.6364],[16.85,46.6369],[16.8496,46.6379],[16.8498,46.6394],[16.8513,46.642],[16.8466,46.6435],[16.8478,46.6445],[16.8475,46.6458],[16.8488,46.6485],[16.8426,46.6495],[16.8426,46.65],[16.8316,46.6515],[16.8323,46.6549],[16.833,46.6558],[16.8331,46.6586],[16.8335,46.6592],[16.8342,46.6592],[16.835,46.6602],[16.8365,46.6716],[16.8407,46.6798],[16.8396,46.6802],[16.836,46.6802],[16.8321,46.6813],[16.822,46.6852],[16.8181,46.6871],[16.8134,46.6868],[16.8102,46.6861],[16.8075,46.6864],[16.8021,46.6888],[16.8016,46.6909],[16.8021,46.697],[16.8016,46.7012],[16.8021,46.7027],[16.8004,46.7039],[16.7999,46.7057],[16.799,46.7058],[16.7999,46.7093],[16.7985,46.7133],[16.8068,46.7139],[16.8223,46.7129],[16.8284,46.7135],[16.8307,46.7048],[16.8342,46.7053],[16.8418,46.7056],[16.8472,46.7045],[16.8502,46.7214],[16.8546,46.7215],[16.8551,46.7274],[16.856,46.7273],[16.8554,46.729],[16.8561,46.7309],[16.8552,46.7312],[16.8573,46.7403],[16.856,46.746],[16.8555,46.7466],[16.8567,46.7485],[16.8569,46.7516],[16.8582,46.7559],[16.8598,46.7576]]]}},{"type":"Feature","properties":{"id":"2003","name":"Zala vármegye 03. OEVK","regionId":"zala","center":"Nagykanizsa"},"geometry":{"type":"Polygon","coordinates":[[[16.5165,46.5554],[16.5186,46.5561],[16.5195,46.5568],[16.519,46.5588],[16.5198,46.5604],[16.5183,46.5621],[16.5203,46.5638],[16.5203,46.5646],[16.5214,46.5644],[16.5217,46.565],[16.5228,46.5653],[16.5233,46.562],[16.5262,46.561],[16.5269,46.5611],[16.5274,46.5619],[16.5271,46.5634],[16.5277,46.5653],[16.5288,46.5658],[16.5308,46.5658],[16.5326,46.5673],[16.5341,46.567],[16.5351,46.5658],[16.5413,46.5667],[16.5398,46.568],[16.5402,46.5691],[16.5405,46.5694],[16.5429,46.5692],[16.5425,46.5705],[16.5436,46.5712],[16.5461,46.5717],[16.5479,46.5696],[16.5493,46.5697],[16.5492,46.5719],[16.5503,46.5736],[16.5496,46.5738],[16.5515,46.5753],[16.5523,46.5766],[16.552,46.5771],[16.5534,46.5771],[16.5526,46.5793],[16.5536,46.5795],[16.5538,46.5804],[16.5546,46.5802],[16.5552,46.5806],[16.5599,46.5863],[16.564,46.586],[16.5654,46.5873],[16.5652,46.5881],[16.5753,46.5871],[16.5751,46.5888],[16.5812,46.5889],[16.5806,46.5927],[16.5886,46.5969],[16.5921,46.5934],[16.5931,46.5945],[16.5929,46.599],[16.5935,46.6006],[16.5941,46.6006],[16.5957,46.6022],[16.5964,46.6037],[16.5965,46.6055],[16.5955,46.6071],[16.5978,46.606],[16.5999,46.6066],[16.6003,46.6063],[16.5976,46.6145],[16.6013,46.6149],[16.601,46.6157],[16.6039,46.616],[16.6053,46.6153],[16.6067,46.6152],[16.6107,46.6157],[16.6104,46.6163],[16.6109,46.6179],[16.6137,46.6234],[16.6151,46.6237],[16.6154,46.6246],[16.6172,46.6247],[16.618,46.6286],[16.6169,46.63],[16.6164,46.6301],[16.6164,46.6305],[16.6175,46.6327],[16.6194,46.6347],[16.6189,46.6364],[16.6201,46.6408],[16.6198,46.6421],[16.6211,46.6426],[16.6243,46.6412],[16.6255,46.6367],[16.6271,46.6358],[16.6269,46.6346],[16.6276,46.6346],[16.6285,46.6363],[16.6424,46.6368],[16.643,46.6383],[16.649,46.6383],[16.6507,46.6404],[16.6505,46.6419],[16.6523,46.6441],[16.6524,46.6452],[16.6532,46.6468],[16.6527,46.6482],[16.6528,46.6514],[16.6538,46.6534],[16.6539,46.6558],[16.6558,46.6577],[16.6556,46.6601],[16.6586,46.6582],[16.6589,46.6572],[16.6574,46.6562],[16.6611,46.6549],[16.6634,46.6535],[16.665,46.6532],[16.6706,46.654],[16.6756,46.6532],[16.6807,46.6513],[16.6872,46.6505],[16.6955,46.6487],[16.6967,46.649],[16.6971,46.6496],[16.6961,46.6502],[16.7008,46.6498],[16.7011,46.6508],[16.7063,46.6503],[16.7062,46.6499],[16.7081,46.6497],[16.7095,46.6541],[16.7152,46.6639],[16.7173,46.6695],[16.7222,46.6752],[16.7251,46.6802],[16.7294,46.6793],[16.733,46.6794],[16.7367,46.6802],[16.7383,46.679],[16.7407,46.6793],[16.7426,46.6789],[16.7451,46.6823],[16.7473,46.6872],[16.7553,46.6869],[16.7629,46.6873],[16.7631,46.6857],[16.7626,46.6844],[16.764,46.6828],[16.7643,46.6816],[16.7647,46.6818],[16.7676,46.6813],[16.7676,46.681],[16.7707,46.6813],[16.7769,46.6816],[16.7768,46.6811],[16.7794,46.681],[16.7796,46.6805],[16.7838,46.6808],[16.784,46.6812],[16.7867,46.6816],[16.7885,46.6825],[16.7904,46.6826],[16.7901,46.6859],[16.7907,46.686],[16.7904,46.6872],[16.7914,46.6884],[16.7984,46.6888],[16.7987,46.6896],[16.8021,46.6888],[16.8075,46.6864],[16.8102,46.6861],[16.8134,46.6868],[16.8181,46.6871],[16.822,46.6852],[16.8321,46.6813],[16.836,46.6802],[16.8396,46.6802],[16.8407,46.6798],[16.8365,46.6716],[16.835,46.6602],[16.8342,46.6592],[16.8335,46.6592],[16.8331,46.6586],[16.833,46.6558],[16.8323,46.6549],[16.8316,46.6515],[16.8426,46.65],[16.8426,46.6495],[16.8488,46.6485],[16.8475,46.6458],[16.8478,46.6445],[16.8466,46.6435],[16.8513,46.642],[16.8498,46.6394],[16.8496,46.6379],[16.85,46.6369],[16.8518,46.6364],[16.8522,46.6358],[16.8531,46.6358],[16.8536,46.6364],[16.8558,46.6365],[16.8621,46.6357],[16.8626,46.634],[16.8632,46.6329],[16.8655,46.6309],[16.87,46.6288],[16.871,46.6271],[16.8714,46.6215],[16.8735,46.6203],[16.8758,46.6205],[16.879,46.618],[16.8808,46.6176],[16.8805,46.6165],[16.8809,46.6144],[16.8849,46.614],[16.8854,46.6137],[16.8858,46.6117],[16.8874,46.6088],[16.8896,46.6074],[16.8907,46.606],[16.893,46.6049],[16.8954,46.6046],[16.8961,46.6029],[16.8994,46.6046],[16.9006,46.6075],[16.9009,46.6114],[16.9018,46.6135],[16.9013,46.615],[16.9051,46.6154],[16.9112,46.6152],[16.9149,46.6162],[16.9155,46.6154],[16.92,46.6154],[16.9201,46.615],[16.9279,46.6159],[16.934,46.616],[16.9341,46.6077],[16.9349,46.6071],[16.9356,46.6049],[16.9344,46.6022],[16.9349,46.6004],[16.9378,46.6008],[16.9365,46.5985],[16.9404,46.5976],[16.9416,46.5968],[16.947,46.5877],[16.9499,46.583],[16.9598,46.5859],[16.9727,46.5867],[16.973,46.5839],[16.9753,46.5766],[16.9917,46.5773],[16.9935,46.5766],[16.9947,46.5772],[16.9983,46.5777],[17.003,46.5771],[17.0027,46.5769],[17.0046,46.5761],[17.0078,46.576],[17.0067,46.5803],[17.0084,46.581],[17.0128,46.5816],[17.0133,46.5809],[17.0147,46.5802],[17.0164,46.5799],[17.0194,46.5801],[17.0237,46.5807],[17.0247,46.5818],[17.0289,46.5821],[17.0295,46.5828],[17.0296,46.5826],[17.0339,46.5837],[17.0341,46.584],[17.0351,46.5841],[17.0351,46.5834],[17.0382,46.5823],[17.0397,46.5823],[17.0418,46.5813],[17.0427,46.5815],[17.0437,46.5814],[17.0435,46.5822],[17.0442,46.5839],[17.0459,46.5855],[17.0491,46.5842],[17.0515,46.5858],[17.0522,46.5865],[17.0518,46.5878],[17.0525,46.5894],[17.0536,46.5894],[17.0547,46.5911],[17.0561,46.5914],[17.0565,46.5939],[17.0573,46.5947],[17.0596,46.5961],[17.0621,46.5968],[17.0627,46.5975],[17.0642,46.5975],[17.0647,46.5978],[17.0656,46.5956],[17.0655,46.5886],[17.0652,46.585],[17.0643,46.5824],[17.0644,46.5794],[17.0726,46.5782],[17.0882,46.5605],[17.0899,46.5605],[17.0907,46.5599],[17.0917,46.5598],[17.0955,46.5447],[17.0966,46.5434],[17.1007,46.5405],[17.1019,46.5357],[17.1013,46.5341],[17.1037,46.5341],[17.104,46.5316],[17.1112,46.5311],[17.1109,46.5302],[17.1119,46.5303],[17.1134,46.5313],[17.1142,46.5308],[17.1157,46.5307],[17.1173,46.5295],[17.1182,46.5293],[17.1194,46.5295],[17.1202,46.5304],[17.1211,46.5304],[17.1211,46.5311],[17.1268,46.5324],[17.1339,46.5272],[17.1419,46.5324],[17.1482,46.5364],[17.1448,46.5388],[17.1452,46.5389],[17.1444,46.5471],[17.1454,46.5516],[17.1468,46.5509],[17.1499,46.5547],[17.155,46.5535],[17.1574,46.5556],[17.1571,46.5583],[17.1598,46.5581],[17.1622,46.559],[17.1644,46.5604],[17.165,46.5575],[17.1687,46.5567],[17.1691,46.5563],[17.1721,46.5567],[17.1723,46.5577],[17.1731,46.5577],[17.1731,46.5589],[17.1734,46.5587],[17.1745,46.5599],[17.1757,46.5593],[17.1751,46.5587],[17.1764,46.5579],[17.1916,46.5594],[17.1912,46.5711],[17.1915,46.6004],[17.2149,46.6105],[17.216,46.5989],[17.2189,46.5848],[17.2194,46.5781],[17.2194,46.5625],[17.2222,46.5329],[17.2222,46.532],[17.2256,46.5272],[17.2261,46.5115],[17.2188,46.4994],[17.2134,46.4942],[17.2043,46.4934],[17.2027,46.4894],[17.2028,46.4877],[17.2008,46.4844],[17.1955,46.4851],[17.1966,46.4865],[17.1935,46.4873],[17.1916,46.4868],[17.19,46.4858],[17.1902,46.478],[17.1882,46.4739],[17.1924,46.4676],[17.1946,46.4653],[17.1944,46.4621],[17.1933,46.4427],[17.1906,46.441],[17.1877,46.4312],[17.188,46.4303],[17.1875,46.4291],[17.184,46.4302],[17.1808,46.4305],[17.1798,46.4323],[17.1639,46.4302],[17.1412,46.4273],[17.1388,46.4196],[17.1388,46.4076],[17.1357,46.4078],[17.1356,46.4074],[17.134,46.4066],[17.1256,46.4054],[17.123,46.4055],[17.1181,46.4064],[17.1139,46.4062],[17.113,46.411],[17.1136,46.4138],[17.1131,46.4144],[17.107,46.4147],[17.1061,46.4154],[17.1016,46.4161],[17.1006,46.4164],[17.0983,46.419],[17.0954,46.4198],[17.0921,46.4198],[17.0864,46.4206],[17.0799,46.4162],[17.08,46.4148],[17.0789,46.4131],[17.0792,46.4116],[17.0782,46.4094],[17.0785,46.4084],[17.0777,46.4073],[17.0781,46.4061],[17.0779,46.4047],[17.0734,46.4037],[17.0723,46.4029],[17.0683,46.4015],[17.0667,46.4033],[17.0637,46.4034],[17.0626,46.4037],[17.0622,46.4044],[17.0603,46.4046],[17.0586,46.4076],[17.0546,46.4078],[17.0543,46.4112],[17.0535,46.4128],[17.0539,46.4166],[17.0505,46.417],[17.0476,46.4145],[17.0455,46.4156],[17.0431,46.4162],[17.0366,46.4159],[17.0363,46.4089],[17.0346,46.4069],[17.0325,46.4057],[17.0327,46.4052],[17.0304,46.4013],[17.0305,46.3973],[17.0292,46.3962],[17.0304,46.3958],[17.0338,46.3911],[17.0391,46.3892],[17.0413,46.3888],[17.0427,46.3872],[17.043,46.3857],[17.0436,46.3852],[17.0435,46.3844],[17.0461,46.3795],[17.0458,46.3787],[17.0451,46.3785],[17.0451,46.3776],[17.0445,46.3773],[17.0432,46.3741],[17.0436,46.3727],[17.0458,46.3699],[17.0462,46.3688],[17.0489,46.368],[17.0506,46.3683],[17.0515,46.3687],[17.0542,46.3677],[17.0528,46.3658],[17.0573,46.3536],[17.0583,46.3493],[17.0579,46.3397],[17.0493,46.3399],[17.0467,46.3395],[17.0457,46.3388],[17.0436,46.3363],[17.0435,46.3342],[17.0425,46.332],[17.0369,46.329],[17.0373,46.3271],[17.0369,46.3246],[17.0374,46.3233],[17.0368,46.323],[17.0368,46.322],[17.0372,46.3205],[17.0382,46.3197],[17.0384,46.3182],[17.0401,46.316],[17.035,46.314],[17.0316,46.3133],[17.0289,46.3133],[17.026,46.3108],[17.0261,46.3092],[17.02,46.3076],[17.0171,46.3078],[17.0164,46.3066],[17.0134,46.3045],[17.0094,46.3066],[17.0078,46.3066],[17.007,46.3096],[17.0064,46.3097],[17.0061,46.3114],[17.0006,46.3112],[16.9997,46.3121],[16.9996,46.3135],[16.993,46.3121],[16.9906,46.3129],[16.9887,46.3146],[16.9847,46.3153],[16.9835,46.3132],[16.9819,46.3123],[16.9809,46.3112],[16.9787,46.3063],[16.9774,46.3052],[16.9757,46.3047],[16.9675,46.305],[16.9628,46.304],[16.9615,46.3029],[16.9606,46.3008],[16.959,46.3009],[16.959,46.2992],[16.958,46.2987],[16.9581,46.2981],[16.9556,46.2952],[16.9547,46.2956],[16.9511,46.2931],[16.9462,46.2914],[16.9458,46.2914],[16.9452,46.2937],[16.9442,46.2939],[16.9434,46.2938],[16.9384,46.291],[16.9376,46.2917],[16.9384,46.2982],[16.9371,46.2981],[16.9384,46.3008],[16.9385,46.3022],[16.9338,46.3024],[16.9361,46.3085],[16.9364,46.3142],[16.9347,46.3144],[16.9352,46.3167],[16.9283,46.3179],[16.9201,46.3152],[16.9116,46.3147],[16.9073,46.3136],[16.9047,46.3133],[16.9016,46.3135],[16.8966,46.3123],[16.895,46.3134],[16.8947,46.3149],[16.8932,46.3171],[16.8896,46.317],[16.8877,46.3187],[16.887,46.3189],[16.8855,46.3212],[16.8857,46.323],[16.8848,46.3239],[16.8832,46.3243],[16.8805,46.3238],[16.8783,46.325],[16.8776,46.3247],[16.8759,46.3248],[16.8753,46.3243],[16.8753,46.3234],[16.8761,46.3233],[16.8772,46.3204],[16.8766,46.3205],[16.8735,46.3233],[16.8732,46.3258],[16.8744,46.3278],[16.8798,46.333],[16.8802,46.3349],[16.8799,46.3363],[16.8787,46.3369],[16.8745,46.336],[16.8722,46.3364],[16.8712,46.3379],[16.8741,46.3404],[16.8745,46.3413],[16.8735,46.3431],[16.8716,46.3441],[16.8678,46.3441],[16.8642,46.3448],[16.8618,46.3465],[16.8614,46.3475],[16.8661,46.3502],[16.8669,46.3512],[16.8667,46.3537],[16.8658,46.3547],[16.8644,46.3552],[16.8626,46.3552],[16.857,46.3522],[16.855,46.3527],[16.8507,46.3547],[16.8501,46.3561],[16.8509,46.358],[16.8511,46.3606],[16.8505,46.3614],[16.8436,46.364],[16.8391,46.3638],[16.8362,46.365],[16.8357,46.3659],[16.8362,46.3685],[16.8378,46.3701],[16.8387,46.3722],[16.8381,46.3736],[16.8365,46.3744],[16.8343,46.3749],[16.8329,46.3743],[16.8317,46.3731],[16.8309,46.369],[16.8295,46.3679],[16.8277,46.3674],[16.8258,46.3679],[16.8252,46.3684],[16.8241,46.3725],[16.8222,46.3734],[16.8198,46.3732],[16.8185,46.3719],[16.8168,46.371],[16.8142,46.3711],[16.8127,46.3722],[16.8118,46.3758],[16.8109,46.3769],[16.8093,46.3774],[16.8054,46.377],[16.8036,46.3774],[16.8022,46.3796],[16.8031,46.3826],[16.8018,46.3847],[16.8002,46.3856],[16.7956,46.3862],[16.7933,46.3871],[16.7914,46.3871],[16.7849,46.3843],[16.7836,46.3834],[16.781,46.3799],[16.778,46.3788],[16.7765,46.379],[16.7751,46.38],[16.7729,46.3841],[16.7713,46.3858],[16.7702,46.3859],[16.768,46.3853],[16.7664,46.3842],[16.7656,46.3832],[16.7649,46.3805],[16.764,46.3795],[16.7625,46.3788],[16.7608,46.3788],[16.7592,46.3792],[16.7569,46.3816],[16.756,46.3864],[16.7553,46.3875],[16.7544,46.388],[16.7527,46.3884],[16.7502,46.3882],[16.7475,46.3863],[16.7452,46.3856],[16.7433,46.3857],[16.7423,46.3861],[16.7391,46.3896],[16.7398,46.3986],[16.7365,46.4006],[16.735,46.401],[16.7308,46.4011],[16.7264,46.4002],[16.7237,46.3979],[16.7238,46.3955],[16.722,46.3919],[16.72,46.3913],[16.7176,46.3922],[16.7162,46.3942],[16.7162,46.3968],[16.7156,46.3981],[16.7128,46.4004],[16.708,46.4027],[16.7044,46.4059],[16.6998,46.4137],[16.6959,46.4169],[16.6893,46.4252],[16.688,46.4281],[16.683,46.4349],[16.6805,46.4392],[16.6787,46.441],[16.6759,46.4425],[16.6744,46.4449],[16.674,46.4483],[16.6722,46.4493],[16.6706,46.4496],[16.6678,46.4492],[16.6661,46.4485],[16.6645,46.4476],[16.6626,46.4458],[16.6608,46.4451],[16.6589,46.4452],[16.6576,46.446],[16.6572,46.4473],[16.6583,46.4487],[16.663,46.4503],[16.6647,46.4514],[16.6657,46.4528],[16.6663,46.4556],[16.6637,46.4596],[16.6618,46.4598],[16.6544,46.4622],[16.6532,46.4631],[16.652,46.4634],[16.6463,46.4642],[16.6412,46.4638],[16.636,46.4647],[16.6347,46.464],[16.633,46.462],[16.631,46.4615],[16.6296,46.4621],[16.6282,46.4633],[16.6278,46.4664],[16.6272,46.4672],[16.6261,46.4678],[16.6235,46.4683],[16.6213,46.4676],[16.6186,46.465],[16.617,46.4647],[16.6154,46.4658],[16.6147,46.468],[16.6129,46.4687],[16.6109,46.4687],[16.6111,46.4698],[16.61,46.4714],[16.6066,46.4732],[16.6061,46.4744],[16.6065,46.4758],[16.6059,46.4764],[16.6027,46.4765],[16.6012,46.4761],[16.599,46.4771],[16.5983,46.4771],[16.5968,46.4759],[16.595,46.4767],[16.5849,46.4773],[16.5806,46.478],[16.5793,46.4811],[16.5692,46.485],[16.5687,46.4863],[16.5701,46.4869],[16.5693,46.488],[16.5649,46.4896],[16.5631,46.4897],[16.5617,46.4892],[16.5564,46.4915],[16.5532,46.4923],[16.5508,46.4935],[16.5466,46.4948],[16.5369,46.5001],[16.5315,46.5008],[16.5236,46.5054],[16.5252,46.5087],[16.5299,46.5076],[16.5332,46.5145],[16.5315,46.5154],[16.5283,46.5151],[16.5258,46.5155],[16.5253,46.5161],[16.5258,46.5185],[16.5244,46.5196],[16.5282,46.5234],[16.5288,46.5232],[16.5281,46.5238],[16.5288,46.5247],[16.5309,46.5252],[16.5301,46.5274],[16.5301,46.5287],[16.5307,46.5298],[16.5315,46.5296],[16.5326,46.5314],[16.5319,46.532],[16.529,46.5328],[16.5279,46.5349],[16.5244,46.5353],[16.5235,46.5357],[16.5232,46.5352],[16.52,46.535],[16.5186,46.5354],[16.5187,46.5358],[16.5177,46.5363],[16.5181,46.5377],[16.5168,46.5383],[16.5172,46.5389],[16.5178,46.5386],[16.518,46.5389],[16.517,46.5395],[16.5179,46.5406],[16.5162,46.5412],[16.5162,46.5417],[16.5194,46.5464],[16.5183,46.5478],[16.5183,46.5502],[16.5189,46.5512],[16.5187,46.5527],[16.5165,46.5554]]]}}]}